trial_index,repetition,partial_designation,trial_directory,stdout_log,stderr_log,mode,workers,users,coroutines,requests,credits,debits,fresh_commits,historical_hits,historical_misses,projection_enabled,gc_enabled,watermark_updates,sample_stride,client_wall_s,client_rps,cpu_s,cpu_core_equivalents,cpu_ns_per_request,cpu_sample_offset_us,progress_sample_offset_us,io_sample_offset_us,storage_sample_offset_us,rss_bytes,db_bytes,process_rchar_bytes,process_wchar_bytes,process_read_bytes,process_write_bytes,device,major_minor,device_read_bytes,device_write_bytes,device_busy_ms,wal_syncs,wal_bytes,writes_with_wal,flush_write_bytes,compaction_read_bytes,compaction_write_bytes,stall_us,request_sample_count,request_p50_ns,request_p95_ns,request_p99_ns,batch_count,native_get_calls,keys_looked_up,hits,misses,max_in_flight_groups,max_running_query_jobs,latest_seq_near_client_end,projected_seq_near_client_end,destination_seq_near_client_end,gc_prefix_near_client_end,final_seq,initial_watermark,final_watermark,gc_prefix_after_settle,recovery_s,integrity_s,setup_preflight_cpu_pct,setup_preflight_disk_pct,measure_preflight_cpu_pct,measure_preflight_disk_pct
1,1,false,trial-01-point_get_r1,trial-01.stdout.log,trial-01.stderr.log,point_get,4,50000,50000,10000000,5000000,5000000,10000000,0,0,false,false,0,64,239.596337,41736.865,280.962460,1.172649,28096.246,0,74,252,1436,809975808,633269538,47723845207,3801885708,4096,3822206976,sdb2,8:18,454656,3946475520,13559,4883,1620170905,4883,629781458,1451092728,1551143726,0,155808,1185063371,1793757212,2124428224,4883,10000000,10000000,0,10000000,0,0,10150000,150000,150000,0,10150000,1790858583758288,1790858583758288,0,0.449966,60.146496,2.135,0.000,1.695,0.100
2,1,false,trial-02-whole_batch_multiget_r1,trial-02.stdout.log,trial-02.stderr.log,whole_batch_multiget,4,50000,50000,10000000,5000000,5000000,10000000,0,0,false,false,0,64,201.476279,49633.634,243.039559,1.206294,24303.956,0,30,636,1267,811737088,633405244,49348799765,3802261002,0,3822583808,sdb2,8:18,24576,3938934784,13717,4883,1620170905,4883,629851021,1451169152,1551440847,0,155808,1001151600,1483230716,1730991074,4883,4883,10000000,0,10000000,1,1,10150000,150000,150000,0,10150000,1790858976494086,1790858976494086,0,0.405601,61.247668,2.092,0.067,2.049,0.033
3,1,false,trial-03-chunked_256_p1_r1,trial-03.stdout.log,trial-03.stderr.log,chunked_256_p1,4,50000,50000,10000000,5000000,5000000,10000000,0,0,false,false,0,64,212.538758,47050.242,253.990568,1.195032,25399.057,1,10,763,1404,805445632,632794552,48130797778,3817010761,0,3837313024,sdb2,8:18,12288,3968778240,13680,4883,1620170905,4883,629622579,1464315740,1566390199,0,155808,1048823816,1573011895,1808419524,4883,39063,10000000,0,10000000,1,1,10150000,150000,150000,0,10150000,1790859331286036,1790859331286036,0,0.420952,60.992734,1.946,0.067,1.923,0.067
4,1,false,trial-04-chunked_256_p2_r1,trial-04.stdout.log,trial-04.stderr.log,chunked_256_p2,4,50000,50000,10000000,5000000,5000000,10000000,0,0,false,false,0,64,151.432858,66035.867,276.929951,1.828731,27692.995,0,317,1075,1647,830357504,633424855,50511283800,3802549959,0,3822854144,sdb2,8:18,0,3923619840,13247,4883,1620170905,4883,629886563,1449688073,1551680699,0,155808,739895379,1104869755,1329172304,4883,39063,10000000,0,10000000,2,2,10150000,150000,150000,0,10150000,1790859697841512,1790859697841512,0,0.401410,60.082285,2.029,0.033,2.025,0.000
5,1,false,trial-05-chunked_256_p4_r1,trial-05.stdout.log,trial-05.stderr.log,chunked_256_p4,4,50000,50000,10000000,5000000,5000000,10000000,0,0,false,false,0,64,117.899683,84817.870,305.596712,2.592006,30559.671,0,209,1015,1637,848007168,633004512,53627169299,3818491520,0,3838783488,sdb2,8:18,0,3932676096,13176,4883,1620170905,4883,629786615,1468580429,1567694382,0,155808,570470616,861267704,1004342821,4883,39063,10000000,0,10000000,4,4,10150000,150000,150000,0,10150000,1790860003413646,1790860003413646,0,0.426254,60.283850,1.984,0.067,1.838,0.067
6,1,false,trial-06-chunked_256_p8_r1,trial-06.stdout.log,trial-06.stderr.log,chunked_256_p8,4,50000,50000,10000000,5000000,5000000,10000000,0,0,false,false,0,64,101.514230,98508.356,356.682732,3.513623,35668.273,1,7,800,1366,850735104,634707647,58424161962,3806297239,0,3826577408,sdb2,8:18,118784,3917623296,13202,4883,1620170905,4883,630738744,1457014356,1554561900,0,155808,490564424,716774975,846427836,4883,39063,10000000,0,10000000,8,8,10150000,150000,150000,0,10150000,1790860274359246,1790860274359246,0,0.420852,59.702479,2.008,0.400,2.069,0.300
7,2,false,trial-07-whole_batch_multiget_r2,trial-07.stdout.log,trial-07.stderr.log,whole_batch_multiget,4,50000,50000,10000000,5000000,5000000,10000000,0,0,false,false,0,64,199.466803,50133.656,242.417467,1.215327,24241.747,1,10,606,1214,801992704,633137707,49454465065,3818262041,0,3838566400,sdb2,8:18,196608,3948580864,13485,4883,1620170905,4883,629989160,1464061543,1567274644,0,155808,981758554,1463711001,1699895379,4883,4883,10000000,0,10000000,1,1,10150000,150000,150000,0,10150000,1790860527297075,1790860527297075,0,0.442142,65.258583,1.797,0.200,1.797,0.000
8,2,false,trial-08-chunked_256_p1_r2,trial-08.stdout.log,trial-08.stderr.log,chunked_256_p1,4,50000,50000,10000000,5000000,5000000,10000000,0,0,false,false,0,64,212.799542,46992.582,254.366755,1.195335,25436.675,0,16,2695,3260,823005184,632958794,48410154007,3801168274,0,3821453312,sdb2,8:18,0,3930861568,13636,4883,1620170905,4883,629584838,1450534520,1550581963,0,155808,1052484400,1556591089,1861117073,4883,39063,10000000,0,10000000,1,1,10150000,150000,150000,0,10150000,1790860885137786,1790860885137786,0,0.433251,60.935799,1.819,0.000,2.132,0.067
9,2,false,trial-09-chunked_256_p2_r2,trial-09.stdout.log,trial-09.stderr.log,chunked_256_p2,4,50000,50000,10000000,5000000,5000000,10000000,0,0,false,false,0,64,151.687245,65925.121,277.084056,1.826680,27708.406,0,15,784,1430,846647296,633010688,50506435737,3817909916,0,3838205952,sdb2,8:18,45056,3965345792,13846,4883,1620170905,4883,629800449,1466592274,1567113357,0,155808,744308982,1088271598,1378933873,4883,39063,10000000,0,10000000,2,2,10150000,150000,150000,0,10150000,1790861253437771,1790861253437771,0,0.452912,63.834373,1.819,0.000,1.987,0.100
10,2,false,trial-10-chunked_256_p4_r2,trial-10.stdout.log,trial-10.stderr.log,chunked_256_p4,4,50000,50000,10000000,5000000,5000000,10000000,0,0,false,false,0,64,118.044564,84713.769,305.701783,2.589715,30570.178,0,216,997,1753,848719872,632984457,53553245148,3817581071,0,3837870080,sdb2,8:18,36864,3931222016,13162,4883,1620170905,4883,629687017,1467838832,1566901452,0,155808,579401221,847956239,980541880,4883,39063,10000000,0,10000000,4,4,10150000,150000,150000,0,10150000,1790861559639494,1790861559639494,0,0.464323,59.281914,1.713,0.033,2.234,0.033
11,2,false,trial-11-chunked_256_p8_r2,trial-11.stdout.log,trial-11.stderr.log,chunked_256_p8,4,50000,50000,10000000,5000000,5000000,10000000,0,0,false,false,0,64,101.442406,98578.103,354.560516,3.495190,35456.052,1,27,2234,2799,841953280,634602152,57735947271,3805968198,0,3826266112,sdb2,8:18,0,3921350656,13152,4883,1620170905,4883,630624662,1455757777,1554362160,0,155808,490603129,714681787,853798843,4883,39063,10000000,0,10000000,8,8,10150000,150000,150000,0,10150000,1790861830552954,1790861830552954,0,0.391763,64.042508,2.008,0.300,1.799,0.067
12,2,false,trial-12-point_get_r2,trial-12.stdout.log,trial-12.stderr.log,point_get,4,50000,50000,10000000,5000000,5000000,10000000,0,0,false,false,0,64,236.929514,42206.646,278.839280,1.176887,27883.928,0,5,112,663,804110336,632917918,47777744513,3817542811,8192,3837849600,sdb2,8:18,593920,3975299072,13698,4883,1620170905,4883,629823846,1465664719,1566744134,0,155808,1165885264,1778674351,2092621657,4883,10000000,10000000,0,10000000,0,0,10150000,150000,150000,0,10150000,1790862088464504,1790862088464504,0,0.402915,60.041768,1.884,0.367,1.672,0.133
13,3,false,trial-13-chunked_256_p1_r3,trial-13.stdout.log,trial-13.stderr.log,chunked_256_p1,4,50000,50000,10000000,5000000,5000000,10000000,0,0,false,false,0,64,207.576573,48174.993,247.915926,1.194335,24791.593,0,410,1144,1835,810364928,632909272,48287953002,3801032255,0,3821297664,sdb2,8:18,0,3960201216,13611,4883,1620170905,4883,629491309,1448305869,1550538605,0,155808,1024121823,1523004590,1883946133,4883,39063,10000000,0,10000000,1,1,10150000,150000,150000,0,10150000,1790862475819790,1790862475819790,0,0.433662,58.942141,1.648,0.333,1.378,0.033
14,3,false,trial-14-chunked_256_p2_r3,trial-14.stdout.log,trial-14.stderr.log,chunked_256_p2,4,50000,50000,10000000,5000000,5000000,10000000,0,0,false,false,0,64,150.712001,66351.717,270.448413,1.794472,27044.841,0,6,2143,2881,881303552,633246714,50540931039,3802086142,0,3822342144,sdb2,8:18,0,3948388352,13785,4883,1620170905,4883,629699704,1449798100,1551374745,0,155808,749455769,1059736677,1323259004,4883,39063,10000000,0,10000000,2,2,10150000,150000,150000,0,10150000,1790862833525244,1790862833525244,0,0.457039,59.352230,1.926,0.033,1.754,0.000
15,3,false,trial-15-chunked_256_p4_r3,trial-15.stdout.log,trial-15.stderr.log,chunked_256_p4,4,50000,50000,10000000,5000000,5000000,10000000,0,0,false,false,0,64,117.399662,85179.121,303.663276,2.586577,30366.328,1,12,824,1425,850530304,633279793,53531566886,3801506057,0,3821780992,sdb2,8:18,131072,3923898368,13115,4883,1620170905,4883,629550435,1450732755,1550972407,0,155808,573773638,848636572,1001405294,4883,39063,10000000,0,10000000,4,4,10150000,150000,150000,0,10150000,1790863135568987,1790863135568987,0,0.413328,60.710965,1.546,0.067,1.608,0.400
16,3,false,trial-16-chunked_256_p8_r3,trial-16.stdout.log,trial-16.stderr.log,chunked_256_p8,4,50000,50000,10000000,5000000,5000000,10000000,0,0,false,false,0,64,100.811936,99194.604,351.915092,3.490808,35191.509,1,140,953,1543,841805824,633868362,58017509820,3803473835,0,3823714304,sdb2,8:18,0,3923828736,13132,4883,1620170905,4883,630021302,1452339372,1552422963,0,155808,489088252,713669642,836057612,4883,39063,10000000,0,10000000,8,8,10150000,150000,150000,0,10150000,1790863403686887,1790863403686887,0,0.424497,58.672149,1.712,0.067,1.860,0.067
17,3,false,trial-17-point_get_r3,trial-17.stdout.log,trial-17.stderr.log,point_get,4,50000,50000,10000000,5000000,5000000,10000000,0,0,false,false,0,64,238.601888,41910.817,279.221827,1.170241,27922.183,0,22,158,757,806789120,632807587,47439564686,3816880013,0,3837235200,sdb2,8:18,0,3978399744,13676,4883,1620170905,4883,629674673,1464895955,1566255885,0,155808,1178464188,1767767018,2150419030,4883,10000000,10000000,0,10000000,0,0,10150000,150000,150000,0,10150000,1790863651165064,1790863651165064,0,0.490496,60.050026,1.732,0.067,1.588,0.000
18,3,false,trial-18-whole_batch_multiget_r3,trial-18.stdout.log,trial-18.stderr.log,whole_batch_multiget,4,50000,50000,10000000,5000000,5000000,10000000,0,0,false,false,0,64,198.776347,50307.796,239.719771,1.205977,23971.977,0,11,579,1190,807817216,632792107,49379286164,3800825831,0,3821133824,sdb2,8:18,360448,3954700288,13533,4883,1620170905,4883,629335821,1450434146,1550513252,0,155808,981555380,1446174181,1704684266,4883,4883,10000000,0,10000000,1,1,10150000,150000,150000,0,10150000,1790864040624626,1790864040624626,0,0.412546,59.973183,1.712,0.100,2.360,0.033
