trial_index,repetition,mode,stage,unit,scope,sample_count,p50_ns,p95_ns,p99_ns
1,1,point_get,request.total,ns,per_sample_request,155808,1336260717,2093681900,2476115494
1,1,point_get,request.admission,ns,per_sample_request,155808,501,1803,6282
1,1,point_get,request.enqueue,ns,per_sample_request,155808,70,151,231
1,1,point_get,request.queue,ns,per_sample_request,155808,1281086583,2008912772,2377735078
1,1,point_get,request.batch,ns,per_sample_request,155808,141015,1357133,1813769
1,1,point_get,request.handler,ns,per_sample_request,155808,52241434,83058662,102353510
1,1,point_get,request.response,ns,per_sample_request,155808,837249,1947479,2289600
1,1,point_get,dispatch.wait,ns,per_batch_wall,4883,1823,2755,3336
1,1,point_get,batch_gate.wait,ns,per_batch_exclusive_batch_gate_lock_wait,4883,6125799,10654245,12976527
1,1,point_get,keyprep,ns,per_batch_sum_of_key_encoding,4883,89836,101689,108142
1,1,point_get,query.wall,ns,per_batch_wall_from_keyprep_start_to_all_groups_validated,0,NA,NA,NA
1,1,point_get,lookup.blocking_pool_wait,ns,per_batch_sum_of_group_waits_overlapping,0,NA,NA,NA
1,1,point_get,lookup.native_get,ns,per_batch_sum_of_get_or_multiget_call_durations,4883,34787804,60623878,70237983
1,1,point_get,lookup.decode_validate,ns,per_batch_sum_of_record_decode_and_key_validation,4883,0,0,0
1,1,point_get,lookup.submit_to_collection,ns,per_batch_sum_of_overlapping_group_durations,0,NA,NA,NA
1,1,point_get,apply.blocking_pool_wait,ns,per_batch_legacy_worker_wait_before_interleaved_loop,4883,9307,12513,15269
1,1,point_get,apply.submit_to_collection,ns,per_batch_worker_wall_including_pool_wait,4883,45627541,71845431,88253870
1,1,point_get,sequential_apply_build,ns,per_batch_legacy_interleaved_loop_including_point_reads_and_decode,4883,36456305,62444906,72171563
1,1,point_get,write.sync_write_batch,ns,per_batch_sync_write_call,4883,8974016,10539420,24591953
1,1,point_get,memory.publish,ns,per_batch_state_publish_wall,4883,246292,282971,319428
1,1,point_get,lookup_group.blocking_pool_wait,ns,per_group_worker_start_minus_submit,0,NA,NA,NA
1,1,point_get,lookup_group.native_get,ns,per_group_multiget_call_wall,0,NA,NA,NA
1,1,point_get,lookup_group.decode_validate,ns,per_group_record_decode_and_key_validation_sum,0,NA,NA,NA
1,1,point_get,lookup_group.submit_to_collection,ns,per_group_submit_to_join_completion_wall,0,NA,NA,NA
2,1,chunked_256_p4,request.total,ns,per_sample_request,155808,731068782,1074212703,1297396932
2,1,chunked_256_p4,request.admission,ns,per_sample_request,155808,531,1904,8085
2,1,chunked_256_p4,request.enqueue,ns,per_sample_request,155808,70,160,231
2,1,chunked_256_p4,request.queue,ns,per_sample_request,155808,701259792,1033738849,1240628312
2,1,chunked_256_p4,request.batch,ns,per_sample_request,155808,144851,1397809,1823107
2,1,chunked_256_p4,request.handler,ns,per_sample_request,155808,27607295,40551121,60438618
2,1,chunked_256_p4,request.response,ns,per_sample_request,155808,834393,1983327,2335136
2,1,chunked_256_p4,dispatch.wait,ns,per_batch_wall,4883,1773,2715,3386
2,1,chunked_256_p4,batch_gate.wait,ns,per_batch_exclusive_batch_gate_lock_wait,4883,6394934,11130168,14076919
2,1,chunked_256_p4,keyprep,ns,per_batch_wall,4883,82305,236072,278602
2,1,chunked_256_p4,query.wall,ns,per_batch_wall_from_keyprep_start_to_all_groups_validated,4883,10313056,17960036,20366506
2,1,chunked_256_p4,lookup.blocking_pool_wait,ns,per_batch_sum_of_group_waits_overlapping,4883,80690,102774,128752
2,1,chunked_256_p4,lookup.native_get,ns,per_batch_sum_of_get_or_multiget_call_durations,4883,38072566,66878958,74371779
2,1,chunked_256_p4,lookup.decode_validate,ns,per_batch_sum_of_record_decode_and_key_validation,4883,0,0,0
2,1,chunked_256_p4,lookup.submit_to_collection,ns,per_batch_sum_of_overlapping_group_durations,4883,38346849,67415323,75010055
2,1,chunked_256_p4,apply.blocking_pool_wait,ns,per_batch_sequential_apply_worker_wait,4883,11452,17062,21059
2,1,chunked_256_p4,apply.submit_to_collection,ns,per_batch_worker_wall_including_pool_wait,4883,10305892,11849445,18181972
2,1,chunked_256_p4,sequential_apply_build,ns,per_batch_sequential_apply_and_build_after_prefetch,4883,989534,1174361,1479122
2,1,chunked_256_p4,write.sync_write_batch,ns,per_batch_sync_write_call,4883,9183650,10663763,17046774
2,1,chunked_256_p4,memory.publish,ns,per_batch_state_publish_wall,4883,247564,285735,320160
2,1,chunked_256_p4,lookup_group.blocking_pool_wait,ns,per_group_worker_start_minus_submit,39063,9808,15449,20288
2,1,chunked_256_p4,lookup_group.native_get,ns,per_group_multiget_call_wall,39063,4752977,8385123,9754800
2,1,chunked_256_p4,lookup_group.decode_validate,ns,per_group_record_decode_and_key_validation_sum,39063,0,0,0
2,1,chunked_256_p4,lookup_group.submit_to_collection,ns,per_group_submit_to_join_completion_wall,39063,4794275,8434145,9813310
3,1,chunked_256_p8,request.total,ns,per_sample_request,155808,648551278,956952310,1124482976
3,1,chunked_256_p8,request.admission,ns,per_sample_request,155808,621,2274,9648
3,1,chunked_256_p8,request.enqueue,ns,per_sample_request,155808,70,161,270
3,1,chunked_256_p8,request.queue,ns,per_sample_request,155808,622648959,921744643,1079961055
3,1,chunked_256_p8,request.batch,ns,per_sample_request,155808,147897,1439027,1761822
3,1,chunked_256_p8,request.handler,ns,per_sample_request,155808,24261555,34812908,54296259
3,1,chunked_256_p8,request.response,ns,per_sample_request,155808,853450,1954964,2237874
3,1,chunked_256_p8,dispatch.wait,ns,per_batch_wall,4883,1764,2795,3567
3,1,chunked_256_p8,batch_gate.wait,ns,per_batch_exclusive_batch_gate_lock_wait,4883,6503117,11415893,14147712
3,1,chunked_256_p8,keyprep,ns,per_batch_wall,4883,84278,248516,288480
3,1,chunked_256_p8,query.wall,ns,per_batch_wall_from_keyprep_start_to_all_groups_validated,4883,6736073,11810221,13077737
3,1,chunked_256_p8,lookup.blocking_pool_wait,ns,per_batch_sum_of_group_waits_overlapping,4883,91711,165370,1224915
3,1,chunked_256_p8,lookup.native_get,ns,per_batch_sum_of_get_or_multiget_call_durations,4883,46095942,83009216,90268857
3,1,chunked_256_p8,lookup.decode_validate,ns,per_batch_sum_of_record_decode_and_key_validation,4883,0,0,0
3,1,chunked_256_p8,lookup.submit_to_collection,ns,per_batch_sum_of_overlapping_group_durations,4883,46485402,83307175,90617852
3,1,chunked_256_p8,apply.blocking_pool_wait,ns,per_batch_sequential_apply_worker_wait,4883,11271,16731,24686
3,1,chunked_256_p8,apply.submit_to_collection,ns,per_batch_worker_wall_including_pool_wait,4883,10512490,12314547,18260870
3,1,chunked_256_p8,sequential_apply_build,ns,per_batch_sequential_apply_and_build_after_prefetch,4883,992650,1237509,1483730
3,1,chunked_256_p8,write.sync_write_batch,ns,per_batch_sync_write_call,4883,9386139,11080154,17096388
3,1,chunked_256_p8,memory.publish,ns,per_batch_state_publish_wall,4883,249728,293350,332073
3,1,chunked_256_p8,lookup_group.blocking_pool_wait,ns,per_group_worker_start_minus_submit,39063,11231,17873,37750
3,1,chunked_256_p8,lookup_group.native_get,ns,per_group_multiget_call_wall,39063,5807824,10193372,11859995
3,1,chunked_256_p8,lookup_group.decode_validate,ns,per_group_record_decode_and_key_validation_sum,39063,0,0,0
3,1,chunked_256_p8,lookup_group.submit_to_collection,ns,per_group_submit_to_join_completion_wall,39063,5853218,10237955,11918565
4,2,chunked_256_p4,request.total,ns,per_sample_request,155808,733594762,1132438232,5850762527
4,2,chunked_256_p4,request.admission,ns,per_sample_request,155808,541,1974,8065
4,2,chunked_256_p4,request.enqueue,ns,per_sample_request,155808,70,160,250
4,2,chunked_256_p4,request.queue,ns,per_sample_request,155808,703774458,1089553688,5554051179
4,2,chunked_256_p4,request.batch,ns,per_sample_request,155808,145052,1429719,1845388
4,2,chunked_256_p4,request.handler,ns,per_sample_request,155808,27591105,42245246,176989162
4,2,chunked_256_p4,request.response,ns,per_sample_request,155808,846707,1991642,2350004
4,2,chunked_256_p4,dispatch.wait,ns,per_batch_wall,4883,1753,2715,3516
4,2,chunked_256_p4,batch_gate.wait,ns,per_batch_exclusive_batch_gate_lock_wait,4883,6302260,11758435,142119347
4,2,chunked_256_p4,keyprep,ns,per_batch_wall,4883,82064,231604,283411
4,2,chunked_256_p4,query.wall,ns,per_batch_wall_from_keyprep_start_to_all_groups_validated,4883,10201497,17861382,20807783
4,2,chunked_256_p4,lookup.blocking_pool_wait,ns,per_batch_sum_of_group_waits_overlapping,4883,78076,99486,121910
4,2,chunked_256_p4,lookup.native_get,ns,per_batch_sum_of_get_or_multiget_call_durations,4883,37810158,66969048,75578360
4,2,chunked_256_p4,lookup.decode_validate,ns,per_batch_sum_of_record_decode_and_key_validation,4883,0,0,0
4,2,chunked_256_p4,lookup.submit_to_collection,ns,per_batch_sum_of_overlapping_group_durations,4883,38138493,67448696,76013406
4,2,chunked_256_p4,apply.blocking_pool_wait,ns,per_batch_sequential_apply_worker_wait,4883,11291,17222,21179
4,2,chunked_256_p4,apply.submit_to_collection,ns,per_batch_worker_wall_including_pool_wait,4883,10395471,12077623,145370560
4,2,chunked_256_p4,sequential_apply_build,ns,per_batch_sequential_apply_and_build_after_prefetch,4883,987401,1168329,1432635
4,2,chunked_256_p4,write.sync_write_batch,ns,per_batch_sync_write_call,4883,9277485,10891070,144321113
4,2,chunked_256_p4,memory.publish,ns,per_batch_state_publish_wall,4883,248125,288891,319118
4,2,chunked_256_p4,lookup_group.blocking_pool_wait,ns,per_group_worker_start_minus_submit,39063,9477,15038,20218
4,2,chunked_256_p4,lookup_group.native_get,ns,per_group_multiget_call_wall,39063,4727779,8447711,9912576
4,2,chunked_256_p4,lookup_group.decode_validate,ns,per_group_record_decode_and_key_validation_sum,39063,0,0,0
4,2,chunked_256_p4,lookup_group.submit_to_collection,ns,per_group_submit_to_join_completion_wall,39063,4768175,8497874,9984250
5,2,chunked_256_p8,request.total,ns,per_sample_request,155808,652001851,957783005,1101310151
5,2,chunked_256_p8,request.admission,ns,per_sample_request,155808,601,2245,9829
5,2,chunked_256_p8,request.enqueue,ns,per_sample_request,155808,70,161,261
5,2,chunked_256_p8,request.queue,ns,per_sample_request,155808,625778960,920754736,1051361930
5,2,chunked_256_p8,request.batch,ns,per_sample_request,155808,147948,1440670,1755781
5,2,chunked_256_p8,request.handler,ns,per_sample_request,155808,24343249,35304219,55429483
5,2,chunked_256_p8,request.response,ns,per_sample_request,155808,845815,1953040,2237433
5,2,chunked_256_p8,dispatch.wait,ns,per_batch_wall,4883,1793,2835,3607
5,2,chunked_256_p8,batch_gate.wait,ns,per_batch_exclusive_batch_gate_lock_wait,4883,6513967,11586864,18883667
5,2,chunked_256_p8,keyprep,ns,per_batch_wall,4883,83898,243056,284594
5,2,chunked_256_p8,query.wall,ns,per_batch_wall_from_keyprep_start_to_all_groups_validated,4883,6795415,11857942,13143380
5,2,chunked_256_p8,lookup.blocking_pool_wait,ns,per_batch_sum_of_group_waits_overlapping,4883,91572,217316,1104621
5,2,chunked_256_p8,lookup.native_get,ns,per_batch_sum_of_get_or_multiget_call_durations,4883,46382439,83309269,90913620
5,2,chunked_256_p8,lookup.decode_validate,ns,per_batch_sum_of_record_decode_and_key_validation,4883,0,0,0
5,2,chunked_256_p8,lookup.submit_to_collection,ns,per_batch_sum_of_overlapping_group_durations,4883,46811552,83810398,91250381
5,2,chunked_256_p8,apply.blocking_pool_wait,ns,per_batch_sequential_apply_worker_wait,4883,11081,16090,23745
5,2,chunked_256_p8,apply.submit_to_collection,ns,per_batch_worker_wall_including_pool_wait,4883,10567573,12220641,18074481
5,2,chunked_256_p8,sequential_apply_build,ns,per_batch_sequential_apply_and_build_after_prefetch,4883,995094,1220978,1493989
5,2,chunked_256_p8,write.sync_write_batch,ns,per_batch_sync_write_call,4883,9436855,11014732,16831692
5,2,chunked_256_p8,memory.publish,ns,per_batch_state_publish_wall,4883,249828,297037,341510
5,2,chunked_256_p8,lookup_group.blocking_pool_wait,ns,per_group_worker_start_minus_submit,39063,11171,17864,41698
5,2,chunked_256_p8,lookup_group.native_get,ns,per_group_multiget_call_wall,39063,5829344,10276197,11845919
5,2,chunked_256_p8,lookup_group.decode_validate,ns,per_group_record_decode_and_key_validation_sum,39063,0,0,0
5,2,chunked_256_p8,lookup_group.submit_to_collection,ns,per_group_submit_to_join_completion_wall,39063,5879799,10325179,11900071
6,2,point_get,request.total,ns,per_sample_request,155808,1343964902,2088070185,2491550427
6,2,point_get,request.admission,ns,per_sample_request,155808,481,1774,5831
6,2,point_get,request.enqueue,ns,per_sample_request,155808,70,151,240
6,2,point_get,request.queue,ns,per_sample_request,155808,1288724498,2003768218,2389032564
6,2,point_get,request.batch,ns,per_sample_request,155808,140654,1307463,1795348
6,2,point_get,request.handler,ns,per_sample_request,155808,52699330,83340372,104139025
6,2,point_get,request.response,ns,per_sample_request,155808,829690,1930072,2289271
6,2,point_get,dispatch.wait,ns,per_batch_wall,4883,1833,2776,3497
6,2,point_get,batch_gate.wait,ns,per_batch_exclusive_batch_gate_lock_wait,4883,6103964,10800439,13455629
6,2,point_get,keyprep,ns,per_batch_sum_of_key_encoding,4883,90042,102489,110287
6,2,point_get,query.wall,ns,per_batch_wall_from_keyprep_start_to_all_groups_validated,0,NA,NA,NA
6,2,point_get,lookup.blocking_pool_wait,ns,per_batch_sum_of_group_waits_overlapping,0,NA,NA,NA
6,2,point_get,lookup.native_get,ns,per_batch_sum_of_get_or_multiget_call_durations,4883,34885061,60448781,75891483
6,2,point_get,lookup.decode_validate,ns,per_batch_sum_of_record_decode_and_key_validation,4883,0,0,0
6,2,point_get,lookup.submit_to_collection,ns,per_batch_sum_of_overlapping_group_durations,0,NA,NA,NA
6,2,point_get,apply.blocking_pool_wait,ns,per_batch_legacy_worker_wait_before_interleaved_loop,4883,9387,12814,16151
6,2,point_get,apply.submit_to_collection,ns,per_batch_worker_wall_including_pool_wait,4883,45986364,71840750,89453162
6,2,point_get,sequential_apply_build,ns,per_batch_legacy_interleaved_loop_including_point_reads_and_decode,4883,36568275,62296737,77889013
6,2,point_get,write.sync_write_batch,ns,per_batch_sync_write_call,4883,9028277,10599918,18959363
6,2,point_get,memory.publish,ns,per_batch_state_publish_wall,4883,246765,285627,317759
6,2,point_get,lookup_group.blocking_pool_wait,ns,per_group_worker_start_minus_submit,0,NA,NA,NA
6,2,point_get,lookup_group.native_get,ns,per_group_multiget_call_wall,0,NA,NA,NA
6,2,point_get,lookup_group.decode_validate,ns,per_group_record_decode_and_key_validation_sum,0,NA,NA,NA
6,2,point_get,lookup_group.submit_to_collection,ns,per_group_submit_to_join_completion_wall,0,NA,NA,NA
7,3,chunked_256_p8,request.total,ns,per_sample_request,155808,652416279,979872203,1217676725
7,3,chunked_256_p8,request.admission,ns,per_sample_request,155808,601,1744,5350
7,3,chunked_256_p8,request.enqueue,ns,per_sample_request,155808,70,160,241
7,3,chunked_256_p8,request.queue,ns,per_sample_request,155808,626155878,942732674,1176007114
7,3,chunked_256_p8,request.batch,ns,per_sample_request,155808,146755,1263813,1534771
7,3,chunked_256_p8,request.handler,ns,per_sample_request,155808,24451010,35804848,64734373
7,3,chunked_256_p8,request.response,ns,per_sample_request,155808,819809,1777166,2036233
7,3,chunked_256_p8,dispatch.wait,ns,per_batch_wall,4883,1753,2785,3707
7,3,chunked_256_p8,batch_gate.wait,ns,per_batch_exclusive_batch_gate_lock_wait,4883,6709508,11794782,37648494
7,3,chunked_256_p8,keyprep,ns,per_batch_wall,4883,83978,238617,288561
7,3,chunked_256_p8,query.wall,ns,per_batch_wall_from_keyprep_start_to_all_groups_validated,4883,6751985,11849087,13139298
7,3,chunked_256_p8,lookup.blocking_pool_wait,ns,per_batch_sum_of_group_waits_overlapping,4883,91733,133470,714552
7,3,chunked_256_p8,lookup.native_get,ns,per_batch_sum_of_get_or_multiget_call_durations,4883,46346119,83194840,90861379
7,3,chunked_256_p8,lookup.decode_validate,ns,per_batch_sum_of_record_decode_and_key_validation,4883,0,0,0
7,3,chunked_256_p8,lookup.submit_to_collection,ns,per_batch_sum_of_overlapping_group_durations,4883,46694848,83544710,91170607
7,3,chunked_256_p8,apply.blocking_pool_wait,ns,per_batch_sequential_apply_worker_wait,4883,11241,16080,22673
7,3,chunked_256_p8,apply.submit_to_collection,ns,per_batch_worker_wall_including_pool_wait,4883,10576086,12333788,26656192
7,3,chunked_256_p8,sequential_apply_build,ns,per_batch_sequential_apply_and_build_after_prefetch,4883,995679,1235711,1507941
7,3,chunked_256_p8,write.sync_write_batch,ns,per_batch_sync_write_call,4883,9438652,11110517,25479492
7,3,chunked_256_p8,memory.publish,ns,per_batch_state_publish_wall,4883,249859,294913,340439
7,3,chunked_256_p8,lookup_group.blocking_pool_wait,ns,per_group_worker_start_minus_submit,39063,11241,17413,29636
7,3,chunked_256_p8,lookup_group.native_get,ns,per_group_multiget_call_wall,39063,5856015,10316998,11895110
7,3,chunked_256_p8,lookup_group.decode_validate,ns,per_group_record_decode_and_key_validation_sum,39063,0,0,0
7,3,chunked_256_p8,lookup_group.submit_to_collection,ns,per_group_submit_to_join_completion_wall,39063,5896670,10372492,11938983
8,3,point_get,request.total,ns,per_sample_request,155808,1354641480,2102392579,2513713343
8,3,point_get,request.admission,ns,per_sample_request,155808,511,1863,7074
8,3,point_get,request.enqueue,ns,per_sample_request,155808,70,151,231
8,3,point_get,request.queue,ns,per_sample_request,155808,1299772116,2020261236,2419566167
8,3,point_get,request.batch,ns,per_sample_request,155808,142958,1426827,1857645
8,3,point_get,request.handler,ns,per_sample_request,155808,52945399,83677695,102049286
8,3,point_get,request.response,ns,per_sample_request,155808,845406,1994933,2325893
8,3,point_get,dispatch.wait,ns,per_batch_wall,4883,1764,2705,3437
8,3,point_get,batch_gate.wait,ns,per_batch_exclusive_batch_gate_lock_wait,4883,5926388,10801255,13340237
8,3,point_get,keyprep,ns,per_batch_sum_of_key_encoding,4883,90208,102695,110599
8,3,point_get,query.wall,ns,per_batch_wall_from_keyprep_start_to_all_groups_validated,0,NA,NA,NA
8,3,point_get,lookup.blocking_pool_wait,ns,per_batch_sum_of_group_waits_overlapping,0,NA,NA,NA
8,3,point_get,lookup.native_get,ns,per_batch_sum_of_get_or_multiget_call_durations,4883,35503002,60871068,73202560
8,3,point_get,lookup.decode_validate,ns,per_batch_sum_of_record_decode_and_key_validation,4883,0,0,0
8,3,point_get,lookup.submit_to_collection,ns,per_batch_sum_of_overlapping_group_durations,0,NA,NA,NA
8,3,point_get,apply.blocking_pool_wait,ns,per_batch_legacy_worker_wait_before_interleaved_loop,4883,9638,13165,17603
8,3,point_get,apply.submit_to_collection,ns,per_batch_worker_wall_including_pool_wait,4883,46646043,72758303,87079899
8,3,point_get,sequential_apply_build,ns,per_batch_legacy_interleaved_loop_including_point_reads_and_decode,4883,37222636,62780716,75182454
8,3,point_get,write.sync_write_batch,ns,per_batch_sync_write_call,4883,9068225,10736131,20060918
8,3,point_get,memory.publish,ns,per_batch_state_publish_wall,4883,245721,284123,322255
8,3,point_get,lookup_group.blocking_pool_wait,ns,per_group_worker_start_minus_submit,0,NA,NA,NA
8,3,point_get,lookup_group.native_get,ns,per_group_multiget_call_wall,0,NA,NA,NA
8,3,point_get,lookup_group.decode_validate,ns,per_group_record_decode_and_key_validation_sum,0,NA,NA,NA
8,3,point_get,lookup_group.submit_to_collection,ns,per_group_submit_to_join_completion_wall,0,NA,NA,NA
9,3,chunked_256_p4,request.total,ns,per_sample_request,155808,742266904,1131694630,11150254106
9,3,chunked_256_p4,request.admission,ns,per_sample_request,155808,541,2034,8977
9,3,chunked_256_p4,request.enqueue,ns,per_sample_request,155808,70,160,260
9,3,chunked_256_p4,request.queue,ns,per_sample_request,155808,712420899,1088723591,10934935119
9,3,chunked_256_p4,request.batch,ns,per_sample_request,155808,144661,1438539,1829191
9,3,chunked_256_p4,request.handler,ns,per_sample_request,155808,28158396,43211590,528932975
9,3,chunked_256_p4,request.response,ns,per_sample_request,155808,849062,1996505,2343876
9,3,chunked_256_p4,dispatch.wait,ns,per_batch_wall,4883,1834,2836,3697
9,3,chunked_256_p4,batch_gate.wait,ns,per_batch_exclusive_batch_gate_lock_wait,4883,6546479,12239346,256791155
9,3,chunked_256_p4,keyprep,ns,per_batch_wall,4883,82966,230141,279424
9,3,chunked_256_p4,query.wall,ns,per_batch_wall_from_keyprep_start_to_all_groups_validated,4883,10319376,18019338,20652616
9,3,chunked_256_p4,lookup.blocking_pool_wait,ns,per_batch_sum_of_group_waits_overlapping,4883,82946,106541,141494
9,3,chunked_256_p4,lookup.native_get,ns,per_batch_sum_of_get_or_multiget_call_durations,4883,38088073,66294999,75341835
9,3,chunked_256_p4,lookup.decode_validate,ns,per_batch_sum_of_record_decode_and_key_validation,4883,0,0,0
9,3,chunked_256_p4,lookup.submit_to_collection,ns,per_batch_sum_of_overlapping_group_durations,4883,38458452,67070810,75676033
9,3,chunked_256_p4,apply.blocking_pool_wait,ns,per_batch_sequential_apply_worker_wait,4883,11712,17533,26320
9,3,chunked_256_p4,apply.submit_to_collection,ns,per_batch_worker_wall_including_pool_wait,4883,10459519,12226452,259423362
9,3,chunked_256_p4,sequential_apply_build,ns,per_batch_sequential_apply_and_build_after_prefetch,4883,990948,1170035,1431896
9,3,chunked_256_p4,write.sync_write_batch,ns,per_batch_sync_write_call,4883,9310143,10993861,258236526
9,3,chunked_256_p4,memory.publish,ns,per_batch_state_publish_wall,4883,247053,287930,325700
9,3,chunked_256_p4,lookup_group.blocking_pool_wait,ns,per_group_worker_start_minus_submit,39063,10119,15770,21250
9,3,chunked_256_p4,lookup_group.native_get,ns,per_group_multiget_call_wall,39063,4776068,8388003,9808457
9,3,chunked_256_p4,lookup_group.decode_validate,ns,per_group_record_decode_and_key_validation_sum,39063,0,0,0
9,3,chunked_256_p4,lookup_group.submit_to_collection,ns,per_group_submit_to_join_completion_wall,39063,4817225,8441683,9865134
