trial_index,repetition,partial_designation,trial_directory,stdout_log,stderr_log,mode,index_lookup_strategy,index_group_size,index_concurrency,workers,users,coroutines,requests,credits,debits,fresh_commits,historical_hits,historical_misses,projection_enabled,gc_enabled,watermark_updates,sample_stride,client_wall_s,client_rps,cpu_s,cpu_core_equivalents,cpu_ns_per_request,cpu_sample_offset_us,progress_sample_offset_us,io_sample_offset_us,storage_sample_offset_us,rss_bytes,db_bytes,process_rchar_bytes,process_wchar_bytes,process_read_bytes,process_write_bytes,device,major_minor,device_read_bytes,device_write_bytes,device_busy_ms,wal_syncs,wal_bytes,writes_with_wal,flush_write_bytes,compaction_read_bytes,compaction_write_bytes,stall_us,request_sample_count,request_p50_ns,request_p95_ns,request_p99_ns,batch_count,native_get_calls,keys_looked_up,hits,misses,max_in_flight_groups,max_running_query_jobs,latest_seq_near_client_end,projected_seq_near_client_end,destination_seq_near_client_end,gc_prefix_near_client_end,final_seq,initial_watermark,final_watermark,gc_prefix_after_settle,recovery_s,integrity_s,setup_preflight_cpu_pct,setup_preflight_disk_pct,measure_preflight_cpu_pct,measure_preflight_disk_pct
1,1,false,trial-01-point_get_r1,trial-01.stdout.log,trial-01.stderr.log,point_get,point_get,NA,NA,4,50000,50000,10000000,5000000,5000000,10000000,0,0,true,true,322,64,272.331784,36719.915,347.568313,1.276268,34756.831,0,16,171,781,1853513728,611648225,51457179591,4053168130,4096,4254781440,sdb2,8:18,352256,4959916032,53944,49148,1669473607,49156,651799668,1679098052,1730677192,0,155808,1336260717,2093681900,2476115494,4883,10000000,10000000,0,10000000,0,0,10150000,10148592,10148592,1252864,10150000,1790871659239063,1790871965169186,10150000,3.078376,0.337587,1.420,0.233,1.629,0.000
2,1,false,trial-02-chunked_256_p4_r1,trial-02.stdout.log,trial-02.stderr.log,chunked_256_p4,chunked,256,4,4,50000,50000,10000000,5000000,5000000,10000000,0,0,true,true,417,64,149.034123,67098.727,367.295090,2.464503,36729.509,0,11,3667,4285,1834176512,920728609,56706284300,3938996566,4096,4140892160,sdb2,8:18,110592,4794318848,53366,49245,1669578201,49261,651546341,1559569373,1616618254,0,155808,731068782,1074212703,1297396932,4883,39063,10000000,0,10000000,4,4,10150000,10148336,10148592,1255424,10150000,1790872257208304,1790872477613651,10150000,1.632515,0.347988,1.840,2.400,1.797,4.166
3,1,false,trial-03-chunked_256_p8_r1,trial-03.stdout.log,trial-03.stderr.log,chunked_256_p8,chunked,256,8,4,50000,50000,10000000,5000000,5000000,10000000,0,0,true,true,33,64,132.936972,75223.618,423.484910,3.185607,42348.491,0,115,1243,1876,1849835520,864545603,59566795853,3885640606,4096,4085985280,sdb2,8:18,212992,4705210368,52726,48859,1669559515,48878,652587543,1510814811,1562274369,0,155808,648551278,956952310,1124482976,4883,39063,10000000,0,10000000,8,8,10150000,10148336,10148592,1255680,10150000,1790872765329592,1790872931919686,10150000,4.241287,0.354991,1.651,0.000,1.735,0.067
4,2,false,trial-04-chunked_256_p4_r2,trial-04.stdout.log,trial-04.stderr.log,chunked_256_p4,chunked,256,4,4,50000,50000,10000000,5000000,5000000,10000000,0,0,true,true,410,64,175.493174,56982.273,367.316184,2.093051,36731.618,1,163,3629,4237,1823846400,635297830,56423931876,3944952438,0,4146667520,sdb2,8:18,200704,4825976832,79801,49203,1669372429,49233,652168835,1566976595,1622129591,0,155808,733594762,1132438232,5850762527,4883,39063,10000000,0,10000000,4,4,10150000,10148336,10148592,1250048,10150000,1790873225300474,1790873446331252,10150000,1.528783,0.335405,1.294,4.399,2.069,4.599
5,2,false,trial-05-chunked_256_p8_r2,trial-05.stdout.log,trial-05.stderr.log,chunked_256_p8,chunked,256,8,4,50000,50000,10000000,5000000,5000000,10000000,0,0,true,true,31,64,133.196840,75076.856,423.241459,3.177564,42324.146,1,7,890,1452,1846575104,867822827,59613015074,3887119179,0,4087513088,sdb2,8:18,163840,4723724288,53207,48878,1669705929,48891,652316779,1512666938,1563870572,0,155808,652001851,957783005,1101310151,4883,39063,10000000,0,10000000,8,8,10150000,10148336,10148592,1259520,10150000,1790873735437938,1790873902254235,10150000,1.581375,0.355938,1.964,0.067,2.845,0.367
6,2,false,trial-06-point_get_r2,trial-06.stdout.log,trial-06.stderr.log,point_get,point_get,NA,NA,4,50000,50000,10000000,5000000,5000000,10000000,0,0,true,true,321,64,273.926265,36506.174,350.142807,1.278237,35014.281,0,5,134,782,1861894144,611490133,51509339156,4053472751,0,4255088640,sdb2,8:18,217088,4971401216,53726,49150,1669522339,49160,651794260,1685011121,1730932162,0,155808,1343964902,2088070185,2491550427,4883,10000000,10000000,0,10000000,0,0,10150000,10148336,10148592,1254144,10150000,1790874181973736,1790874489494145,10150000,4.312730,0.337788,1.358,0.067,1.336,0.067
7,3,false,trial-07-chunked_256_p8_r3,trial-07.stdout.log,trial-07.stderr.log,chunked_256_p8,chunked,256,8,4,50000,50000,10000000,5000000,5000000,10000000,0,0,true,true,41,64,144.391161,69256.317,422.625832,2.926951,42262.583,1,8,1486,2084,1846804480,859456792,59802969143,3880054549,0,4080312320,sdb2,8:18,221184,4696473600,64592,48843,1669364739,48866,651823742,1505722514,1557648167,0,155808,652416279,979872203,1217676725,4883,39063,10000000,0,10000000,8,8,10150000,10148336,10148592,1250560,10150000,1790874777532621,1790874982125254,10150000,1.659829,0.362205,2.425,4.833,1.861,2.400
8,3,false,trial-08-point_get_r3,trial-08.stdout.log,trial-08.stderr.log,point_get,point_get,NA,NA,4,50000,50000,10000000,5000000,5000000,10000000,0,0,true,true,319,64,276.084638,36220.777,352.249226,1.275874,35224.923,0,32,174,781,1872994304,746059406,51397141319,4054587370,0,4256157696,sdb2,8:18,1388544,4957552640,53899,49144,1669424603,49148,651975737,1685746236,1731949529,0,155808,1354641480,2102392579,2513713343,4883,10000000,10000000,0,10000000,0,0,10150000,10148592,10148592,1251584,10150000,1790875263539256,1790875573230178,10150000,1.495095,0.324307,1.693,0.067,1.946,0.033
9,3,false,trial-09-chunked_256_p4_r3,trial-09.stdout.log,trial-09.stderr.log,chunked_256_p4,chunked,256,4,4,50000,50000,10000000,5000000,5000000,10000000,0,0,true,true,392,64,185.682678,53855.320,370.290549,1.994212,37029.055,0,9,850,2175,1839894528,928897929,56652311529,3950587998,0,4152299520,sdb2,8:18,0,4809207808,89793,49203,1669390821,49217,652141878,1573365414,1627801600,0,155808,742266904,1131694630,11150254106,4883,39063,10000000,0,10000000,4,4,10150000,10148336,10148592,1250560,10150000,1790875853502782,1790876072779255,10150000,4.058971,0.357515,2.004,0.767,2.066,0.000
