path,bytes,sha256
matrix_shards.csv,26173,7dcb45849272daeb111a3692442eac5c4bde9117a2b29fe200f66e083f84658d
matrix_stages.csv,869860,d12867e82a416d05fd585985273821dcd39b871370e7a4e19d4be500d81c41b0
matrix_trials.csv,23417,f9e7e2971c9c3efc5e451853666117591c166a2bc9c7502b31e6cc9ca3aad0f6
parent_run_status.txt,1167,bf44c48ee3f83696532f6cd467119019d5cba78af8bc4d48f210e89b3266d7e0
report.md,18547,289467449622c1f50466397ab80ed398152dfbdcd2144e21337628037a295d6e
run.log,1918,01e06f20810d9654d865fed8806da26fddaba7a7517db0a47c2db4653a589d7b
run_completion_audit.txt,45196,8becc490e39f72d43b0354ddfb3d9cd008ee00ab092be87d8c25e014957477f2
run_manifest.txt,4268,e48a90941e8636454555d0ce82bf06870b50b509a35ffc05c2c0cc04e48687d4
source_hash_audit.txt,3031,c68169312c92b148db98210c0f6cb16c4c784c3d05b6f82dcfe17e7329cfd43f
trial_manifest.csv,18005,fc52e0af8452a8e48f6211d24ac5219f38b1c001e8d0e708e47cc6208a872af0
trials/trial-01-s2_dedicated_chunked256_c4-p03/background.csv,3490360,ca3687e7197218e4eaba7cd62c364c1e5a030ac9c62bb4eddea0db2e49562eb8
trials/trial-01-s2_dedicated_chunked256_c4-p03/index_batches.csv,603211,af123bc8d0ee3b4c876e976c0a78a76f1f3ed7f85ae263a0667eeeb931342837
trials/trial-01-s2_dedicated_chunked256_c4-p03/index_groups.csv,1581815,308d0120ab6fe37ce1fea55b68adba76c034705d113f045ef0a49098dc544e6a
trials/trial-01-s2_dedicated_chunked256_c4-p03/metadata.txt,5655,9a83478cf25d65f88c581a794d5685cceacc6c0554471fbdd6e1262b0ac8a36e
trials/trial-01-s2_dedicated_chunked256_c4-p03/raw_stage_samples.csv,48248769,940ea50623112c968b80ead6d03b9453a7d194d8735da57745b6ee94a5ae054f
trials/trial-01-s2_dedicated_chunked256_c4-p03/request_samples.csv,9494542,dc03cba624484d8d4bc053fa7b05300508297afe52f0cef077eb2d60c3436606
trials/trial-01-s2_dedicated_chunked256_c4-p03/rocksdb-options/db-00-OPTIONS-000007,8987,b1eb5ab03b4493dc0a4fdb02e84f5ea2eb949d85f2135df09447e42a5e4b8aa8
trials/trial-01-s2_dedicated_chunked256_c4-p03/rocksdb-options/db-00-OPTIONS-000151,8987,b1eb5ab03b4493dc0a4fdb02e84f5ea2eb949d85f2135df09447e42a5e4b8aa8
trials/trial-01-s2_dedicated_chunked256_c4-p03/rocksdb-options/db-01-OPTIONS-000007,8987,b1eb5ab03b4493dc0a4fdb02e84f5ea2eb949d85f2135df09447e42a5e4b8aa8
trials/trial-01-s2_dedicated_chunked256_c4-p03/rocksdb-options/db-01-OPTIONS-000150,8987,b1eb5ab03b4493dc0a4fdb02e84f5ea2eb949d85f2135df09447e42a5e4b8aa8
trials/trial-01-s2_dedicated_chunked256_c4-p03/shards.csv,967,99578f94e8a91f09349f4d2b27d2802194664bf124b5f2a88114953d498d6d77
trials/trial-01-s2_dedicated_chunked256_c4-p03/stages.csv,15307,99345e4f706b3224715bd703b6236a3d5714666181c298b2ac1988571ce9ff86
trials/trial-01-s2_dedicated_chunked256_c4-p03/status.txt,165,4552d033fb903a7d4bd1380053d48a186c976cf34c9c961fe3ba50bcecb5d3ac
trials/trial-01-s2_dedicated_chunked256_c4-p03/stderr.log,0,e3b0c44298fc1c149afbf4c8996fb92427ae41e4649b934ca495991b7852b855
trials/trial-01-s2_dedicated_chunked256_c4-p03/stdout.log,0,e3b0c44298fc1c149afbf4c8996fb92427ae41e4649b934ca495991b7852b855
trials/trial-01-s2_dedicated_chunked256_c4-p03/summary.csv,2508,e5983535728b831b199d5841e9c6a5d7e548d4dc1cf22de2b0a08b775dd2cf8f
trials/trial-01-s2_dedicated_chunked256_c8-p04/background.csv,2934368,e893067696613d530e1098b8cfcdff756c8958594256f2b347bdb1629d08b429
trials/trial-01-s2_dedicated_chunked256_c8-p04/index_batches.csv,605118,32ab573c997a8c4e5633e8dbbb2cc3ba03f3044d83004072a79845030b5bf452
trials/trial-01-s2_dedicated_chunked256_c8-p04/index_groups.csv,1589861,2b08d8f21f7b9b8837fdaa9d0fd17049ac2873614c4e83f019ba47946499028b
trials/trial-01-s2_dedicated_chunked256_c8-p04/metadata.txt,5655,2139d143e24bfae7493ebb643df1b8867d85822c9b65a75d8e81d193347ede2f
trials/trial-01-s2_dedicated_chunked256_c8-p04/raw_stage_samples.csv,47518653,27acce1774c9e5debf32b68ff47fa5101c9ba6e61121887cc5dfd2e767dcdf1e
trials/trial-01-s2_dedicated_chunked256_c8-p04/request_samples.csv,9495091,e2328b0788468368007e508bf97eca9a2b09c271583eddf2a52b5764b21d1bc9
trials/trial-01-s2_dedicated_chunked256_c8-p04/rocksdb-options/db-00-OPTIONS-000007,8987,b1eb5ab03b4493dc0a4fdb02e84f5ea2eb949d85f2135df09447e42a5e4b8aa8
trials/trial-01-s2_dedicated_chunked256_c8-p04/rocksdb-options/db-00-OPTIONS-000151,8987,b1eb5ab03b4493dc0a4fdb02e84f5ea2eb949d85f2135df09447e42a5e4b8aa8
trials/trial-01-s2_dedicated_chunked256_c8-p04/rocksdb-options/db-01-OPTIONS-000007,8987,b1eb5ab03b4493dc0a4fdb02e84f5ea2eb949d85f2135df09447e42a5e4b8aa8
trials/trial-01-s2_dedicated_chunked256_c8-p04/rocksdb-options/db-01-OPTIONS-000149,8987,b1eb5ab03b4493dc0a4fdb02e84f5ea2eb949d85f2135df09447e42a5e4b8aa8
trials/trial-01-s2_dedicated_chunked256_c8-p04/shards.csv,969,60670bb7fe40f384bad41ea4618acc20227a09aba01b821cb50b72ebe857c523
trials/trial-01-s2_dedicated_chunked256_c8-p04/stages.csv,15364,70c01b0bcdc44bc86a0005d99bc752adfc17e89e82787f52e2450295963e5fd2
trials/trial-01-s2_dedicated_chunked256_c8-p04/status.txt,165,6b682697a708bce3fa2a9d2a1542d8b764c832eace6fdedb54551c00ab969499
trials/trial-01-s2_dedicated_chunked256_c8-p04/stderr.log,0,e3b0c44298fc1c149afbf4c8996fb92427ae41e4649b934ca495991b7852b855
trials/trial-01-s2_dedicated_chunked256_c8-p04/stdout.log,0,e3b0c44298fc1c149afbf4c8996fb92427ae41e4649b934ca495991b7852b855
trials/trial-01-s2_dedicated_chunked256_c8-p04/summary.csv,2507,69c85f6d09de9484e8a5ef0c7328adfc0e37b426a8ea41126c91198ed45a313e
trials/trial-01-s2_shared_chunked256_c4-p01/background.csv,3166940,1da81e6364babc4d76a99a02d968634778b81b75c32a3a016973fa11dd114714
trials/trial-01-s2_shared_chunked256_c4-p01/index_batches.csv,606809,e7a664652496ba26de69019763d8b2649d3de9d99ee31da8007ec7f16dea0c77
trials/trial-01-s2_shared_chunked256_c4-p01/index_groups.csv,1582065,b622928790a95eaa8bfa1caf6e1c2d5d0b3c4b93c2533e6e95370fdffe358318
trials/trial-01-s2_shared_chunked256_c4-p01/metadata.txt,5467,a97bcf2b7091d214a9e914118a082f8e78c3c914377efd829374dc546e3e5a3d
trials/trial-01-s2_shared_chunked256_c4-p01/raw_stage_samples.csv,47814633,697cd34a294cb73b863b20058f5dc5f046a00e2940ace902f5535850ee2aac3e
trials/trial-01-s2_shared_chunked256_c4-p01/request_samples.csv,9482855,714bb16f150265ffe09df78ced975611dbf0b639580d45d1159d7160119a5c3e
trials/trial-01-s2_shared_chunked256_c4-p01/rocksdb-options/db-00-OPTIONS-000007,8987,92b916c40cd25426d6ec456552d50bbba8b7f5b6cd8b5f22f9007a90b8629e2b
trials/trial-01-s2_shared_chunked256_c4-p01/rocksdb-options/db-00-OPTIONS-000158,8987,92b916c40cd25426d6ec456552d50bbba8b7f5b6cd8b5f22f9007a90b8629e2b
trials/trial-01-s2_shared_chunked256_c4-p01/shards.csv,957,250abbcb9f3ab2485a8bfe19f1fbd54e86bf9580eb6cd3e0bbfaea868da063a2
trials/trial-01-s2_shared_chunked256_c4-p01/stages.csv,14673,c403598a347a06fc882c9829dc35460e73d8431937192ce2c37c7858a19e7a21
trials/trial-01-s2_shared_chunked256_c4-p01/status.txt,159,d848ec8365b72c31c5f72cebe83a19782a51b802e7a8ea8bd3a211f8e39ed77e
trials/trial-01-s2_shared_chunked256_c4-p01/stderr.log,0,e3b0c44298fc1c149afbf4c8996fb92427ae41e4649b934ca495991b7852b855
trials/trial-01-s2_shared_chunked256_c4-p01/stdout.log,0,e3b0c44298fc1c149afbf4c8996fb92427ae41e4649b934ca495991b7852b855
trials/trial-01-s2_shared_chunked256_c4-p01/summary.csv,2498,227bd7aed4c5f5d57022e7be99d33d7f7870a53e6430ae84ff26a7d53188bdfc
trials/trial-01-s2_shared_chunked256_c8-p02/background.csv,2652329,3bb582cd1f80e0de8be61558ad99c653e6ea0c32f69d41fd080187c4f2589ad7
trials/trial-01-s2_shared_chunked256_c8-p02/index_batches.csv,607182,c7123e144372bc37d9f2202755653d3320d4fdee68fedd9e93881f2476340802
trials/trial-01-s2_shared_chunked256_c8-p02/index_groups.csv,1589593,2acf3b88b9b951f99e9d87088f2ceff311ac170d4cfc21f5747e8ea71377df07
trials/trial-01-s2_shared_chunked256_c8-p02/metadata.txt,5471,6458361d8bb08c3dd84668dcc99f5284573edb4154c44a6432310cd66c5a7b39
trials/trial-01-s2_shared_chunked256_c8-p02/raw_stage_samples.csv,47135268,3f1dde4ca3b68595aa5a032e251fd176ea662fedd611f04f66fedece1450ad52
trials/trial-01-s2_shared_chunked256_c8-p02/request_samples.csv,9480763,01a774fb7d427838a1366d520f6be83ce519a24e2611bd67935be9fb736dca9f
trials/trial-01-s2_shared_chunked256_c8-p02/rocksdb-options/db-00-OPTIONS-000007,8987,92b916c40cd25426d6ec456552d50bbba8b7f5b6cd8b5f22f9007a90b8629e2b
trials/trial-01-s2_shared_chunked256_c8-p02/rocksdb-options/db-00-OPTIONS-000163,8987,92b916c40cd25426d6ec456552d50bbba8b7f5b6cd8b5f22f9007a90b8629e2b
trials/trial-01-s2_shared_chunked256_c8-p02/shards.csv,957,f4b5cfe8ccf23d20602d627ef210d9677ddb23d1d6e75d65c575adf0d5732598
trials/trial-01-s2_shared_chunked256_c8-p02/stages.csv,14665,a750ebafdeaf124088069cc5c8031e4372123bf77f666d813e5f13e9b38d807c
trials/trial-01-s2_shared_chunked256_c8-p02/status.txt,159,203071a6a6939aff7b8850106d2bbf3369a3a6af050a213e66e2f4b180042a8e
trials/trial-01-s2_shared_chunked256_c8-p02/stderr.log,0,e3b0c44298fc1c149afbf4c8996fb92427ae41e4649b934ca495991b7852b855
trials/trial-01-s2_shared_chunked256_c8-p02/stdout.log,0,e3b0c44298fc1c149afbf4c8996fb92427ae41e4649b934ca495991b7852b855
trials/trial-01-s2_shared_chunked256_c8-p02/summary.csv,2502,23fb6579d26c5012589089d09fd613b51f2535d65e595d8bc38e716509847c06
trials/trial-01-s4_dedicated_chunked256_c4-p07/background.csv,3058477,6707f8fe78a5e3536d1cf3c86e2bf0de7617047e626642b0224247c7ba3c961f
trials/trial-01-s4_dedicated_chunked256_c4-p07/index_batches.csv,609210,337480d5057288b13fb774d256eaa7e1221ba86229084cb5e28a6bec10d82482
trials/trial-01-s4_dedicated_chunked256_c4-p07/index_groups.csv,1574330,278d9ec3233b6061aae28c9acce34a98dc856a63e694b0c5ec970042e976df29
trials/trial-01-s4_dedicated_chunked256_c4-p07/metadata.txt,6753,899396b5eb3a7db675697cb732ca623c3d9e5955dfc4e8a37f5d745a075d1015
trials/trial-01-s4_dedicated_chunked256_c4-p07/raw_stage_samples.csv,47759819,c520002b96d7f840f5715987e55d2b589c51f6e377dba89a92f111017cab132d
trials/trial-01-s4_dedicated_chunked256_c4-p07/request_samples.csv,9539069,a1814cb9841d18b652af5fea8e6475174b23cbdb23c4e8ab5b35031a60578f4e
trials/trial-01-s4_dedicated_chunked256_c4-p07/rocksdb-options/db-00-OPTIONS-000007,8987,f7a6356f589bfa88dfe8f59103f650ef1127c6539ef844ff59c2ef35ed8d1cd2
trials/trial-01-s4_dedicated_chunked256_c4-p07/rocksdb-options/db-00-OPTIONS-000139,8987,f7a6356f589bfa88dfe8f59103f650ef1127c6539ef844ff59c2ef35ed8d1cd2
trials/trial-01-s4_dedicated_chunked256_c4-p07/rocksdb-options/db-01-OPTIONS-000007,8987,f7a6356f589bfa88dfe8f59103f650ef1127c6539ef844ff59c2ef35ed8d1cd2
trials/trial-01-s4_dedicated_chunked256_c4-p07/rocksdb-options/db-01-OPTIONS-000139,8987,f7a6356f589bfa88dfe8f59103f650ef1127c6539ef844ff59c2ef35ed8d1cd2
trials/trial-01-s4_dedicated_chunked256_c4-p07/rocksdb-options/db-02-OPTIONS-000007,8987,f7a6356f589bfa88dfe8f59103f650ef1127c6539ef844ff59c2ef35ed8d1cd2
trials/trial-01-s4_dedicated_chunked256_c4-p07/rocksdb-options/db-02-OPTIONS-000139,8987,f7a6356f589bfa88dfe8f59103f650ef1127c6539ef844ff59c2ef35ed8d1cd2
trials/trial-01-s4_dedicated_chunked256_c4-p07/rocksdb-options/db-03-OPTIONS-000007,8987,f7a6356f589bfa88dfe8f59103f650ef1127c6539ef844ff59c2ef35ed8d1cd2
trials/trial-01-s4_dedicated_chunked256_c4-p07/rocksdb-options/db-03-OPTIONS-000139,8987,f7a6356f589bfa88dfe8f59103f650ef1127c6539ef844ff59c2ef35ed8d1cd2
trials/trial-01-s4_dedicated_chunked256_c4-p07/shards.csv,1453,b9b5f90be65fe26aca7228c0a6fd78a3e6c8c8e596e7001b4770dedcba187e07
trials/trial-01-s4_dedicated_chunked256_c4-p07/stages.csv,25448,34d377a54f01811fd00f1693205af496d361666ec2bbf13705a0db7b4d05d718
trials/trial-01-s4_dedicated_chunked256_c4-p07/status.txt,165,3088c0bb5dafb28be437331a31302123deb7a3e27493e4ad754c1e924afd10f1
trials/trial-01-s4_dedicated_chunked256_c4-p07/stderr.log,0,e3b0c44298fc1c149afbf4c8996fb92427ae41e4649b934ca495991b7852b855
trials/trial-01-s4_dedicated_chunked256_c4-p07/stdout.log,0,e3b0c44298fc1c149afbf4c8996fb92427ae41e4649b934ca495991b7852b855
trials/trial-01-s4_dedicated_chunked256_c4-p07/summary.csv,2517,a379bc2beffbea0e3d75984434065bed34d29c278e146175171886651c825d4c
trials/trial-01-s4_dedicated_chunked256_c8-p08/background.csv,2688395,66f3a8bde422d50b61a390de9e737855f60a67b122b6ce2bb7269255c50760a1
trials/trial-01-s4_dedicated_chunked256_c8-p08/index_batches.csv,611158,3e1c263c973c97fe792aca42b0d7cbc883ad374ab9c8af62f5cf645ec3ca488e
trials/trial-01-s4_dedicated_chunked256_c8-p08/index_groups.csv,1587164,4bca90daae483896f202ee20ccfa4e30f04fa3362586ad0bc8091635cf834704
trials/trial-01-s4_dedicated_chunked256_c8-p08/metadata.txt,6747,40651735a5cf5ba39b95afef0fad432ef60698b546a8413f3a7e5a4cebb4ae06
trials/trial-01-s4_dedicated_chunked256_c8-p08/raw_stage_samples.csv,47284641,b50d3cde73eed2e50763b67ba05c0d9b8791921887f0df5a86320f6c41c75c6d
trials/trial-01-s4_dedicated_chunked256_c8-p08/request_samples.csv,9541432,d74e7d71691dab59298fc32ae7f30928c55c686955e9d8e5c2589973fce98703
trials/trial-01-s4_dedicated_chunked256_c8-p08/rocksdb-options/db-00-OPTIONS-000007,8987,f7a6356f589bfa88dfe8f59103f650ef1127c6539ef844ff59c2ef35ed8d1cd2
trials/trial-01-s4_dedicated_chunked256_c8-p08/rocksdb-options/db-00-OPTIONS-000139,8987,f7a6356f589bfa88dfe8f59103f650ef1127c6539ef844ff59c2ef35ed8d1cd2
trials/trial-01-s4_dedicated_chunked256_c8-p08/rocksdb-options/db-01-OPTIONS-000007,8987,f7a6356f589bfa88dfe8f59103f650ef1127c6539ef844ff59c2ef35ed8d1cd2
trials/trial-01-s4_dedicated_chunked256_c8-p08/rocksdb-options/db-01-OPTIONS-000139,8987,f7a6356f589bfa88dfe8f59103f650ef1127c6539ef844ff59c2ef35ed8d1cd2
trials/trial-01-s4_dedicated_chunked256_c8-p08/rocksdb-options/db-02-OPTIONS-000007,8987,f7a6356f589bfa88dfe8f59103f650ef1127c6539ef844ff59c2ef35ed8d1cd2
trials/trial-01-s4_dedicated_chunked256_c8-p08/rocksdb-options/db-02-OPTIONS-000139,8987,f7a6356f589bfa88dfe8f59103f650ef1127c6539ef844ff59c2ef35ed8d1cd2
trials/trial-01-s4_dedicated_chunked256_c8-p08/rocksdb-options/db-03-OPTIONS-000007,8987,f7a6356f589bfa88dfe8f59103f650ef1127c6539ef844ff59c2ef35ed8d1cd2
trials/trial-01-s4_dedicated_chunked256_c8-p08/rocksdb-options/db-03-OPTIONS-000139,8987,f7a6356f589bfa88dfe8f59103f650ef1127c6539ef844ff59c2ef35ed8d1cd2
trials/trial-01-s4_dedicated_chunked256_c8-p08/shards.csv,1459,e1b06396f11f3d133941ea146b18b03619a07096bfc87e54226fc22051fd8536
trials/trial-01-s4_dedicated_chunked256_c8-p08/stages.csv,25427,4d9c3c8e427930df4e52cfa609a47865893d6e9fdb7b1e116070ac08b7ad1523
trials/trial-01-s4_dedicated_chunked256_c8-p08/status.txt,165,acf6a54d5dc1af69c0551099e0b6a01fddb325dd586d5fc9a538dc03751c3c54
trials/trial-01-s4_dedicated_chunked256_c8-p08/stderr.log,0,e3b0c44298fc1c149afbf4c8996fb92427ae41e4649b934ca495991b7852b855
trials/trial-01-s4_dedicated_chunked256_c8-p08/stdout.log,0,e3b0c44298fc1c149afbf4c8996fb92427ae41e4649b934ca495991b7852b855
trials/trial-01-s4_dedicated_chunked256_c8-p08/summary.csv,2508,bd1541934b2871a7e9150b7ea3050ee2e3e60d5f5a5030580d97aac239ca4b66
trials/trial-01-s4_shared_chunked256_c4-p05/background.csv,2660604,d38f968caa226c3758dc2448954ec54da27297cb1c657d8d98725252ac412e87
trials/trial-01-s4_shared_chunked256_c4-p05/index_batches.csv,614647,f8006941345e0c442fed416e495414d1dfc65fbfd986099bc3f832ab4ae2e3f0
trials/trial-01-s4_shared_chunked256_c4-p05/index_groups.csv,1580543,72e2ebd2c7777d8d7307fc5c1d2a87175de1a23b06e114baa4f648db1c91ed07
trials/trial-01-s4_shared_chunked256_c4-p05/metadata.txt,6216,b033a8815375d0ff674b60ab901800d62a26bc64b8a725498dae986473b7eb0b
trials/trial-01-s4_shared_chunked256_c4-p05/raw_stage_samples.csv,47233807,e9d29411ca421727ddcba9c4848eabd92878c2a86d495a45dfcba99348db6adb
trials/trial-01-s4_shared_chunked256_c4-p05/request_samples.csv,9538746,80e50810a09c28016e7288dddcc8ebd190148e2d99dbc1e5cab2410cfe4a14f1
trials/trial-01-s4_shared_chunked256_c4-p05/rocksdb-options/db-00-OPTIONS-000007,8987,92b916c40cd25426d6ec456552d50bbba8b7f5b6cd8b5f22f9007a90b8629e2b
trials/trial-01-s4_shared_chunked256_c4-p05/rocksdb-options/db-00-OPTIONS-000160,8987,92b916c40cd25426d6ec456552d50bbba8b7f5b6cd8b5f22f9007a90b8629e2b
trials/trial-01-s4_shared_chunked256_c4-p05/shards.csv,1437,0c58020ed869cb7b03e5ae9e85d05f23c45012c25ddac32c8debcc059d99b326
trials/trial-01-s4_shared_chunked256_c4-p05/stages.csv,24341,1836ee85ce3732ae3779f24eb6493da162400c83c94057f9de7332c48cafa468
trials/trial-01-s4_shared_chunked256_c4-p05/status.txt,159,f5d590b780e22c65524367a501028a42f83e9fdee5609d4747fb727ab72bfc9c
trials/trial-01-s4_shared_chunked256_c4-p05/stderr.log,0,e3b0c44298fc1c149afbf4c8996fb92427ae41e4649b934ca495991b7852b855
trials/trial-01-s4_shared_chunked256_c4-p05/stdout.log,0,e3b0c44298fc1c149afbf4c8996fb92427ae41e4649b934ca495991b7852b855
trials/trial-01-s4_shared_chunked256_c4-p05/summary.csv,2504,12b48c41ba66935fae717250253b8686c102908579e8bb039a891f954fb33b94
trials/trial-01-s4_shared_chunked256_c8-p06/background.csv,2267713,ec15ce405f239d7c5e925ba5049b2a0e88732db40368710a4b8e2d0fb07c00a5
trials/trial-01-s4_shared_chunked256_c8-p06/index_batches.csv,617190,177684ae356b15153adfe76ca7ae1d8cc6e64acbbed50acfc007abb5664bbf6e
trials/trial-01-s4_shared_chunked256_c8-p06/index_groups.csv,1603376,85cd1bad690cfaa840ef8b54689f6167ab9f01ddc447a53822691a349e64856d
trials/trial-01-s4_shared_chunked256_c8-p06/metadata.txt,6221,b5bcbe9e6c6a1328942242f2f2a194960521ef1eb57589ae4c1a74005f602085
trials/trial-01-s4_shared_chunked256_c8-p06/raw_stage_samples.csv,46744518,9d2ac6f213ec6956ac746bcea9f6376dd894c8e5e162dd9ced505110efc64533
trials/trial-01-s4_shared_chunked256_c8-p06/request_samples.csv,9552803,f4a96a3304185f3aaa51c0b781e321c4aac88822ae96d93257e61fbe261c3fa5
trials/trial-01-s4_shared_chunked256_c8-p06/rocksdb-options/db-00-OPTIONS-000007,8987,92b916c40cd25426d6ec456552d50bbba8b7f5b6cd8b5f22f9007a90b8629e2b
trials/trial-01-s4_shared_chunked256_c8-p06/rocksdb-options/db-00-OPTIONS-000162,8987,92b916c40cd25426d6ec456552d50bbba8b7f5b6cd8b5f22f9007a90b8629e2b
trials/trial-01-s4_shared_chunked256_c8-p06/shards.csv,1437,fcb4a9c882a76e876e2c6611ea2ebd4c1e804d0003f83c2d03d6cea19120fbd0
trials/trial-01-s4_shared_chunked256_c8-p06/stages.csv,24541,b28d90bf0fd9084b839c57194b005043aa0d7cf0279fdb53716a3fcb54f205bb
trials/trial-01-s4_shared_chunked256_c8-p06/status.txt,159,363a5ad1f6f9bb21aa9805625878a06c7e32b9f8c67f783fa0d6ec056744855d
trials/trial-01-s4_shared_chunked256_c8-p06/stderr.log,0,e3b0c44298fc1c149afbf4c8996fb92427ae41e4649b934ca495991b7852b855
trials/trial-01-s4_shared_chunked256_c8-p06/stdout.log,0,e3b0c44298fc1c149afbf4c8996fb92427ae41e4649b934ca495991b7852b855
trials/trial-01-s4_shared_chunked256_c8-p06/summary.csv,2511,b6f96136827b033139bcde70a92f2ebba89d80292e7e02cda59fc025f754cd37
trials/trial-02-s2_dedicated_chunked256_c4-p08/background.csv,3510072,c1028958e489fe3dd6b6190d90abe58079b637ec82a4cd3ba88b2eda4b51cbb8
trials/trial-02-s2_dedicated_chunked256_c4-p08/index_batches.csv,603338,bd17e3cb62c093313e757db0f5c34aed5ced0d81dd97f62058a52be5cf65edef
trials/trial-02-s2_dedicated_chunked256_c4-p08/index_groups.csv,1581536,0d9e47d6fec8e14d1f8c5da279fcfa703400d5bf06b560e9eb24cd9f812a3282
trials/trial-02-s2_dedicated_chunked256_c4-p08/metadata.txt,5657,26aae8f4dd285b7bbb5a868c4738b213664ae2637a044782b74020c84f1c2ac3
trials/trial-02-s2_dedicated_chunked256_c4-p08/raw_stage_samples.csv,48269488,7abf5085edd241ef5853d66adf09b64396e2b48e7b3a291012087960db74bd0f
trials/trial-02-s2_dedicated_chunked256_c4-p08/request_samples.csv,9483157,bc971ed7b52984f18b5c143216f2eca37d373f5fc813a780f6244be1ee2d8876
trials/trial-02-s2_dedicated_chunked256_c4-p08/rocksdb-options/db-00-OPTIONS-000007,8987,b1eb5ab03b4493dc0a4fdb02e84f5ea2eb949d85f2135df09447e42a5e4b8aa8
trials/trial-02-s2_dedicated_chunked256_c4-p08/rocksdb-options/db-00-OPTIONS-000151,8987,b1eb5ab03b4493dc0a4fdb02e84f5ea2eb949d85f2135df09447e42a5e4b8aa8
trials/trial-02-s2_dedicated_chunked256_c4-p08/rocksdb-options/db-01-OPTIONS-000007,8987,b1eb5ab03b4493dc0a4fdb02e84f5ea2eb949d85f2135df09447e42a5e4b8aa8
trials/trial-02-s2_dedicated_chunked256_c4-p08/rocksdb-options/db-01-OPTIONS-000149,8987,b1eb5ab03b4493dc0a4fdb02e84f5ea2eb949d85f2135df09447e42a5e4b8aa8
trials/trial-02-s2_dedicated_chunked256_c4-p08/shards.csv,965,72250a0fdf86d10e79eb52979455897f7430f248c2022b51c34a19c8b537a2e2
trials/trial-02-s2_dedicated_chunked256_c4-p08/stages.csv,15309,eb1681613e4731b6e2043c0e8f4de1799c2cb424718981e477384526e35b291c
trials/trial-02-s2_dedicated_chunked256_c4-p08/status.txt,165,10650a0455d3d1ea0bb8624c1180957197556d280d658ad4341bc61e4386a6e6
trials/trial-02-s2_dedicated_chunked256_c4-p08/stderr.log,0,e3b0c44298fc1c149afbf4c8996fb92427ae41e4649b934ca495991b7852b855
trials/trial-02-s2_dedicated_chunked256_c4-p08/stdout.log,0,e3b0c44298fc1c149afbf4c8996fb92427ae41e4649b934ca495991b7852b855
trials/trial-02-s2_dedicated_chunked256_c4-p08/summary.csv,2509,467324b4661bff0586329431fd829583be017954ceeb92d345e4d8626924a1c1
trials/trial-02-s2_dedicated_chunked256_c8-p01/background.csv,2920519,5e3829807f2691f1321fec072ea64b2669fe27a2ff370a278acba8553b52c0ca
trials/trial-02-s2_dedicated_chunked256_c8-p01/index_batches.csv,604699,8048135631afc2091e67206749695fecd4d91ff2465395aa1b8fb6cd2e5bd9fa
trials/trial-02-s2_dedicated_chunked256_c8-p01/index_groups.csv,1589759,998d9b626ad9ec2041792babc96fc7dc395ce5102513d8f30813c85fe7f76cf7
trials/trial-02-s2_dedicated_chunked256_c8-p01/metadata.txt,5655,407ee0d011627525181f907f0bfb22c7ae1199650b41b0f91e52bb516e5ac7b7
trials/trial-02-s2_dedicated_chunked256_c8-p01/raw_stage_samples.csv,47500599,210bf2ee65a51394e3612ecb09ed15b695982e48e737d0ca29716fd9f51b9a56
trials/trial-02-s2_dedicated_chunked256_c8-p01/request_samples.csv,9489261,14ee3cf563f6fb9055d44894022384a45118c47844900aa599e4b5453ff5c8d0
trials/trial-02-s2_dedicated_chunked256_c8-p01/rocksdb-options/db-00-OPTIONS-000007,8987,b1eb5ab03b4493dc0a4fdb02e84f5ea2eb949d85f2135df09447e42a5e4b8aa8
trials/trial-02-s2_dedicated_chunked256_c8-p01/rocksdb-options/db-00-OPTIONS-000151,8987,b1eb5ab03b4493dc0a4fdb02e84f5ea2eb949d85f2135df09447e42a5e4b8aa8
trials/trial-02-s2_dedicated_chunked256_c8-p01/rocksdb-options/db-01-OPTIONS-000007,8987,b1eb5ab03b4493dc0a4fdb02e84f5ea2eb949d85f2135df09447e42a5e4b8aa8
trials/trial-02-s2_dedicated_chunked256_c8-p01/rocksdb-options/db-01-OPTIONS-000149,8987,b1eb5ab03b4493dc0a4fdb02e84f5ea2eb949d85f2135df09447e42a5e4b8aa8
trials/trial-02-s2_dedicated_chunked256_c8-p01/shards.csv,969,ce5501e0c8cfd5547a05cbadf6df6e29953b172730bc0a7602a38ff267ccd6b9
trials/trial-02-s2_dedicated_chunked256_c8-p01/stages.csv,15307,25d90d24747d4c166daab67cfea0d7a1c6de2b10c2f9b5d29fc79806209f2afb
trials/trial-02-s2_dedicated_chunked256_c8-p01/status.txt,165,68f6ccb75c2605e513a4b18ab4e66315fecceb0fbe6dce6e16b1fd908cdc83c7
trials/trial-02-s2_dedicated_chunked256_c8-p01/stderr.log,0,e3b0c44298fc1c149afbf4c8996fb92427ae41e4649b934ca495991b7852b855
trials/trial-02-s2_dedicated_chunked256_c8-p01/stdout.log,0,e3b0c44298fc1c149afbf4c8996fb92427ae41e4649b934ca495991b7852b855
trials/trial-02-s2_dedicated_chunked256_c8-p01/summary.csv,2507,3b6746cd6df06ef29864baf0775eba624a56eae4095bcaf6f94e02cbfe6c77d2
trials/trial-02-s2_shared_chunked256_c4-p06/background.csv,3157240,c6baabe2b44719e5d4627850c3780dbc645cf283b1b382becc1ca3dcbd67677b
trials/trial-02-s2_shared_chunked256_c4-p06/index_batches.csv,607497,7d7ee0800eab65e5379e14dd99a7e9ae353b7a7fa181ed11b081e4064ebdb11a
trials/trial-02-s2_shared_chunked256_c4-p06/index_groups.csv,1583348,9e9dc79c44781acc032a6d78a605b15bde5cf912fd3cda1f180e4e9f966f0db6
trials/trial-02-s2_shared_chunked256_c4-p06/metadata.txt,5468,90fbf0898c958b1d46821f9f0e580860bff8b481d716ea6f9fea81510916d026
trials/trial-02-s2_shared_chunked256_c4-p06/raw_stage_samples.csv,47803234,d366f55085bf919ec7930f5cfc4804e7f89a8d1a31fb61abbdeeedb849dd24cc
trials/trial-02-s2_shared_chunked256_c4-p06/request_samples.csv,9486989,a9eee24fa30d23adc6d2b6ccb75f49bd77b38a986e6a8cdf146a7597dc4dd1df
trials/trial-02-s2_shared_chunked256_c4-p06/rocksdb-options/db-00-OPTIONS-000007,8987,92b916c40cd25426d6ec456552d50bbba8b7f5b6cd8b5f22f9007a90b8629e2b
trials/trial-02-s2_shared_chunked256_c4-p06/rocksdb-options/db-00-OPTIONS-000158,8987,92b916c40cd25426d6ec456552d50bbba8b7f5b6cd8b5f22f9007a90b8629e2b
trials/trial-02-s2_shared_chunked256_c4-p06/shards.csv,959,1f1262d734f3491752592821a09953ff174d46c0f68ef2c9ad2a6b17555c15d2
trials/trial-02-s2_shared_chunked256_c4-p06/stages.csv,14675,3c39dfae1f5c067c3df14acdab3ee1d4360644a3016824ce2da2b7b9a0a86f34
trials/trial-02-s2_shared_chunked256_c4-p06/status.txt,159,54c24b7fb2da61ea74e54a0a35758ca0271c7c0df0ba66b0fe00523c0134970e
trials/trial-02-s2_shared_chunked256_c4-p06/stderr.log,0,e3b0c44298fc1c149afbf4c8996fb92427ae41e4649b934ca495991b7852b855
trials/trial-02-s2_shared_chunked256_c4-p06/stdout.log,0,e3b0c44298fc1c149afbf4c8996fb92427ae41e4649b934ca495991b7852b855
trials/trial-02-s2_shared_chunked256_c4-p06/summary.csv,2500,bd4912d337e9a248176c52286a5576d0c794100ceb5822c6e4d9fae48b390dd5
trials/trial-02-s2_shared_chunked256_c8-p07/background.csv,2654828,e91a563cb0080ce0fb6e390767313b2924cd7ede0121b858d7f13cd9d1503d7d
trials/trial-02-s2_shared_chunked256_c8-p07/index_batches.csv,606990,dc37e148d7a85359d8d1711b15b28e7f87307455da94955743133dbd0c677e96
trials/trial-02-s2_shared_chunked256_c8-p07/index_groups.csv,1588863,c7e4413fe0c43337a28547bd6a176c045e49bee321c5a3cb27d6870e150b714c
trials/trial-02-s2_shared_chunked256_c8-p07/metadata.txt,5468,530888f772fd9d1f68fb8d804c7ac91cf4ae88d1b08862af0fa57d0664c2a2f8
trials/trial-02-s2_shared_chunked256_c8-p07/raw_stage_samples.csv,47140415,e86907562d74b18f88d72757d5b52d9129253b619be44a8725f8a5810b0efc43
trials/trial-02-s2_shared_chunked256_c8-p07/request_samples.csv,9483186,6bdddac8ef2bd073837ca056ab87151b672514e5f413f7a92759f5a201c025e5
trials/trial-02-s2_shared_chunked256_c8-p07/rocksdb-options/db-00-OPTIONS-000007,8987,92b916c40cd25426d6ec456552d50bbba8b7f5b6cd8b5f22f9007a90b8629e2b
trials/trial-02-s2_shared_chunked256_c8-p07/rocksdb-options/db-00-OPTIONS-000166,8987,92b916c40cd25426d6ec456552d50bbba8b7f5b6cd8b5f22f9007a90b8629e2b
trials/trial-02-s2_shared_chunked256_c8-p07/shards.csv,957,374356f5e4d2145f6db874494e09e91f64ed7198af94d3fa920b9d5a80578159
trials/trial-02-s2_shared_chunked256_c8-p07/stages.csv,14675,3ca0d8ffef09696f87ea9a3926d6b12d589c8074c1ddd0bf463840ed1070f76f
trials/trial-02-s2_shared_chunked256_c8-p07/status.txt,159,6145bff84e44d64383a155dd51da3d65703204cf38ce50290aae9708074fc766
trials/trial-02-s2_shared_chunked256_c8-p07/stderr.log,0,e3b0c44298fc1c149afbf4c8996fb92427ae41e4649b934ca495991b7852b855
trials/trial-02-s2_shared_chunked256_c8-p07/stdout.log,0,e3b0c44298fc1c149afbf4c8996fb92427ae41e4649b934ca495991b7852b855
trials/trial-02-s2_shared_chunked256_c8-p07/summary.csv,2499,eec773b47db3319f1c83a332a250c59da4013fc63dd45d2a853bc51bf0fd1cee
trials/trial-02-s4_dedicated_chunked256_c4-p04/background.csv,3064872,cd33eeee0e93acd5ea7a374af23cf6cedbb8b7f74302d6b269c842ad6641fcd0
trials/trial-02-s4_dedicated_chunked256_c4-p04/index_batches.csv,609189,3bc4c67a35afe0b276aa9b7c5ef12bcc2700b72ecd16528e3347afdcdc68438e
trials/trial-02-s4_dedicated_chunked256_c4-p04/index_groups.csv,1574214,7c3149781edfe948d25043a7da6fdedbe92f1c44dc001ff09a9171070511a14e
trials/trial-02-s4_dedicated_chunked256_c4-p04/metadata.txt,6747,e54624e443b5ec099cc3d3994dd8f61bbbdf46f743fefbe6a7ee64146e3c722f
trials/trial-02-s4_dedicated_chunked256_c4-p04/raw_stage_samples.csv,47768411,87b2eafdc89db91a37e65905ba9f9d29620a213c737e4930c635b9ed33b38c44
trials/trial-02-s4_dedicated_chunked256_c4-p04/request_samples.csv,9538769,737d9d243ef65ed21a3b753d6b1c287daad19cc7544ad4a91e1eda5f65deecd7
trials/trial-02-s4_dedicated_chunked256_c4-p04/rocksdb-options/db-00-OPTIONS-000007,8987,f7a6356f589bfa88dfe8f59103f650ef1127c6539ef844ff59c2ef35ed8d1cd2
trials/trial-02-s4_dedicated_chunked256_c4-p04/rocksdb-options/db-00-OPTIONS-000139,8987,f7a6356f589bfa88dfe8f59103f650ef1127c6539ef844ff59c2ef35ed8d1cd2
trials/trial-02-s4_dedicated_chunked256_c4-p04/rocksdb-options/db-01-OPTIONS-000007,8987,f7a6356f589bfa88dfe8f59103f650ef1127c6539ef844ff59c2ef35ed8d1cd2
trials/trial-02-s4_dedicated_chunked256_c4-p04/rocksdb-options/db-01-OPTIONS-000139,8987,f7a6356f589bfa88dfe8f59103f650ef1127c6539ef844ff59c2ef35ed8d1cd2
trials/trial-02-s4_dedicated_chunked256_c4-p04/rocksdb-options/db-02-OPTIONS-000007,8987,f7a6356f589bfa88dfe8f59103f650ef1127c6539ef844ff59c2ef35ed8d1cd2
trials/trial-02-s4_dedicated_chunked256_c4-p04/rocksdb-options/db-02-OPTIONS-000139,8987,f7a6356f589bfa88dfe8f59103f650ef1127c6539ef844ff59c2ef35ed8d1cd2
trials/trial-02-s4_dedicated_chunked256_c4-p04/rocksdb-options/db-03-OPTIONS-000007,8987,f7a6356f589bfa88dfe8f59103f650ef1127c6539ef844ff59c2ef35ed8d1cd2
trials/trial-02-s4_dedicated_chunked256_c4-p04/rocksdb-options/db-03-OPTIONS-000139,8987,f7a6356f589bfa88dfe8f59103f650ef1127c6539ef844ff59c2ef35ed8d1cd2
trials/trial-02-s4_dedicated_chunked256_c4-p04/shards.csv,1453,507fed7dd1a114770249c860d8255ebe6cf9fb406d585a22429c9db2b523d8ca
trials/trial-02-s4_dedicated_chunked256_c4-p04/stages.csv,25464,27c33ea009c8cb8513d10bbc8dc6d6851cd295b35f0cb6cfe45225b610dbb632
trials/trial-02-s4_dedicated_chunked256_c4-p04/status.txt,165,fd4d8fffa819eaa29d40592d9687ffdf488bdeb7443b9f53cbae95ebf0f9eee2
trials/trial-02-s4_dedicated_chunked256_c4-p04/stderr.log,0,e3b0c44298fc1c149afbf4c8996fb92427ae41e4649b934ca495991b7852b855
trials/trial-02-s4_dedicated_chunked256_c4-p04/stdout.log,0,e3b0c44298fc1c149afbf4c8996fb92427ae41e4649b934ca495991b7852b855
trials/trial-02-s4_dedicated_chunked256_c4-p04/summary.csv,2511,b7660b2bfa154a2d5c09e0bdf6ca02bc24ac64880fd7ea2d53c6ab3bf8a81cfe
trials/trial-02-s4_dedicated_chunked256_c8-p05/background.csv,2680951,adbdfe42996332ed573e77b9d6d56f0bc9445d923fa0147f00f720d1724dc7c5
trials/trial-02-s4_dedicated_chunked256_c8-p05/index_batches.csv,611645,70e7cd5b28d9eea999fa6b58d664dcc22a0056f9e9e39960d63121c8d5c46e74
trials/trial-02-s4_dedicated_chunked256_c8-p05/index_groups.csv,1587608,abf6c407d7394a3431c7e138f35def0c5594be89a82811935a412bbac5870c56
trials/trial-02-s4_dedicated_chunked256_c8-p05/metadata.txt,6747,cce17261fd796168ebc1e45edb7a80cadaec10c19abe119c321c470095a177b4
trials/trial-02-s4_dedicated_chunked256_c8-p05/raw_stage_samples.csv,47277194,982692fffa786a595256964132320302224306b0173652eca39c437a2bbe20cc
trials/trial-02-s4_dedicated_chunked256_c8-p05/request_samples.csv,9553442,54f713f090d2cc42874437c51e77bd7512393de50fba0e331f7e56e7f5610656
trials/trial-02-s4_dedicated_chunked256_c8-p05/rocksdb-options/db-00-OPTIONS-000007,8987,f7a6356f589bfa88dfe8f59103f650ef1127c6539ef844ff59c2ef35ed8d1cd2
trials/trial-02-s4_dedicated_chunked256_c8-p05/rocksdb-options/db-00-OPTIONS-000139,8987,f7a6356f589bfa88dfe8f59103f650ef1127c6539ef844ff59c2ef35ed8d1cd2
trials/trial-02-s4_dedicated_chunked256_c8-p05/rocksdb-options/db-01-OPTIONS-000007,8987,f7a6356f589bfa88dfe8f59103f650ef1127c6539ef844ff59c2ef35ed8d1cd2
trials/trial-02-s4_dedicated_chunked256_c8-p05/rocksdb-options/db-01-OPTIONS-000139,8987,f7a6356f589bfa88dfe8f59103f650ef1127c6539ef844ff59c2ef35ed8d1cd2
trials/trial-02-s4_dedicated_chunked256_c8-p05/rocksdb-options/db-02-OPTIONS-000007,8987,f7a6356f589bfa88dfe8f59103f650ef1127c6539ef844ff59c2ef35ed8d1cd2
trials/trial-02-s4_dedicated_chunked256_c8-p05/rocksdb-options/db-02-OPTIONS-000139,8987,f7a6356f589bfa88dfe8f59103f650ef1127c6539ef844ff59c2ef35ed8d1cd2
trials/trial-02-s4_dedicated_chunked256_c8-p05/rocksdb-options/db-03-OPTIONS-000007,8987,f7a6356f589bfa88dfe8f59103f650ef1127c6539ef844ff59c2ef35ed8d1cd2
trials/trial-02-s4_dedicated_chunked256_c8-p05/rocksdb-options/db-03-OPTIONS-000139,8987,f7a6356f589bfa88dfe8f59103f650ef1127c6539ef844ff59c2ef35ed8d1cd2
trials/trial-02-s4_dedicated_chunked256_c8-p05/shards.csv,1461,c1dee85692063bad8bafc8617dccd77ebbe47a2561bb714be2fc1721eb03c79f
trials/trial-02-s4_dedicated_chunked256_c8-p05/stages.csv,25608,b6a76a81ffd5adb3d6a00c37d8f54b375a930a718d135e5999fa5eeb5d67d205
trials/trial-02-s4_dedicated_chunked256_c8-p05/status.txt,165,b091a48cc11f2426bedddb7a4aa301f99cdb3be7a3837053e0dc0ba5d72c328f
trials/trial-02-s4_dedicated_chunked256_c8-p05/stderr.log,0,e3b0c44298fc1c149afbf4c8996fb92427ae41e4649b934ca495991b7852b855
trials/trial-02-s4_dedicated_chunked256_c8-p05/stdout.log,0,e3b0c44298fc1c149afbf4c8996fb92427ae41e4649b934ca495991b7852b855
trials/trial-02-s4_dedicated_chunked256_c8-p05/summary.csv,2511,94cf30742cf3140bbcd8314970c7a1b0c693f258992dea3eca19b2dbd2ba668b
trials/trial-02-s4_shared_chunked256_c4-p02/background.csv,2575329,f4d906669b78872d8dd1a1afa09945d086da7ef5698b2628ce559fe367a0126f
trials/trial-02-s4_shared_chunked256_c4-p02/index_batches.csv,614886,60b1a5eb41188e104eab7f3e7c9316954dc55d513ef833dd8cf5c85d544bdd5a
trials/trial-02-s4_shared_chunked256_c4-p02/index_groups.csv,1579226,07dbf789d806cc6cb6c6d7426253c600b2da192080c5c12fca0bbcca83eab2e0
trials/trial-02-s4_shared_chunked256_c4-p02/metadata.txt,6218,ca632eec490845bb546a451291931901b856c4433fbd53fead6687be3cc60943
trials/trial-02-s4_shared_chunked256_c4-p02/raw_stage_samples.csv,47115625,da7374a5300ef0d705eddadd3c5b779b83ef86f31f6c7d27f850860356906ffa
trials/trial-02-s4_shared_chunked256_c4-p02/request_samples.csv,9535121,fe2950f9d1657c994cb9b1ff25dee1e577b0d4dc4435be0990d085244d503906
trials/trial-02-s4_shared_chunked256_c4-p02/rocksdb-options/db-00-OPTIONS-000007,8987,92b916c40cd25426d6ec456552d50bbba8b7f5b6cd8b5f22f9007a90b8629e2b
trials/trial-02-s4_shared_chunked256_c4-p02/rocksdb-options/db-00-OPTIONS-000162,8987,92b916c40cd25426d6ec456552d50bbba8b7f5b6cd8b5f22f9007a90b8629e2b
trials/trial-02-s4_shared_chunked256_c4-p02/shards.csv,1437,f0711ed9fce60ee911f0904a90da0175d77d7a7e0901542db9c113d9cbced30d
trials/trial-02-s4_shared_chunked256_c4-p02/stages.csv,24353,2590610ec83e27ec134b3879628753fb3ff1325d7ce6a8baffd3c73059608853
trials/trial-02-s4_shared_chunked256_c4-p02/status.txt,159,54393b43234da694eb1b1ded8162aeb8fb66a966ee4758dbab52adea2ca6377c
trials/trial-02-s4_shared_chunked256_c4-p02/stderr.log,0,e3b0c44298fc1c149afbf4c8996fb92427ae41e4649b934ca495991b7852b855
trials/trial-02-s4_shared_chunked256_c4-p02/stdout.log,0,e3b0c44298fc1c149afbf4c8996fb92427ae41e4649b934ca495991b7852b855
trials/trial-02-s4_shared_chunked256_c4-p02/summary.csv,2506,058d38e11d09250fd67c513f8f6d4aa70533f3d5e8bec841d36165a63ececf75
trials/trial-02-s4_shared_chunked256_c8-p03/background.csv,2242435,d06e7561a804cde141fbc8d0701c740f84fa390fd2972b498d1fcb34771f161a
trials/trial-02-s4_shared_chunked256_c8-p03/index_batches.csv,616936,cb429a977c96371f3d64e80b5049aaf62f8924c05d9dc2a0057dbe20e9da67cd
trials/trial-02-s4_shared_chunked256_c8-p03/index_groups.csv,1602408,0a715eb245f2f3d5af4d41e11f4ef8100777f9ce45bcc91a13778170634bc9e6
trials/trial-02-s4_shared_chunked256_c8-p03/metadata.txt,6216,1f8a557fd14374007cc89801ba37186e314113ab7ce6f2e12e07fd99cd5180fa
trials/trial-02-s4_shared_chunked256_c8-p03/raw_stage_samples.csv,46709793,7198d3eec2fbe07bf056a48a5e867952945560b266f8c97ea1950e2c329a8f23
trials/trial-02-s4_shared_chunked256_c8-p03/request_samples.csv,9549883,cf73d67137a3c6046e616968ed78e057c5bd1cfefac6ff58e9debf2251d6cf3b
trials/trial-02-s4_shared_chunked256_c8-p03/rocksdb-options/db-00-OPTIONS-000007,8987,92b916c40cd25426d6ec456552d50bbba8b7f5b6cd8b5f22f9007a90b8629e2b
trials/trial-02-s4_shared_chunked256_c8-p03/rocksdb-options/db-00-OPTIONS-000162,8987,92b916c40cd25426d6ec456552d50bbba8b7f5b6cd8b5f22f9007a90b8629e2b
trials/trial-02-s4_shared_chunked256_c8-p03/shards.csv,1437,fa590a62d840b15c5414861c2c6fcebed0a1b0d700e7a637ed179a2ff3f7f1fa
trials/trial-02-s4_shared_chunked256_c8-p03/stages.csv,24513,803968a4d39b5b38c4e930164ef240c01ff1a99fc16348e5c4c09d03b420a56c
trials/trial-02-s4_shared_chunked256_c8-p03/status.txt,159,53234a6d1b20ef2ed9b2784938fa0fb4a1d6456eb435e35953815e1c16ee2480
trials/trial-02-s4_shared_chunked256_c8-p03/stderr.log,0,e3b0c44298fc1c149afbf4c8996fb92427ae41e4649b934ca495991b7852b855
trials/trial-02-s4_shared_chunked256_c8-p03/stdout.log,0,e3b0c44298fc1c149afbf4c8996fb92427ae41e4649b934ca495991b7852b855
trials/trial-02-s4_shared_chunked256_c8-p03/summary.csv,2504,caf61cdd97c1a03be40d3c62a8cfeff3da3314a467e2f7fa6dca484e68156aa3
trials/trial-03-s2_dedicated_chunked256_c4-p05/background.csv,3503395,cbf57c0c5fce37648aacb8d3f1ef01db3fd5425c87e3ffd0c63a73b774ae06fa
trials/trial-03-s2_dedicated_chunked256_c4-p05/index_batches.csv,603414,729becc1b50f6618453ad38e1250b74ff06a62e6bc2153cee2561874949a5a42
trials/trial-03-s2_dedicated_chunked256_c4-p05/index_groups.csv,1581405,9a3491786c4f71e5b81f0d90f7441ec7bf832a6bd593a4785a36a7401a79b31b
trials/trial-03-s2_dedicated_chunked256_c4-p05/metadata.txt,5654,249385a02d2151ed3b62ddaf27ee2f5c231c0a868d4f0682a9f48c66d33cbc34
trials/trial-03-s2_dedicated_chunked256_c4-p05/raw_stage_samples.csv,48257725,eb53af98d354f582bbe0d4eea2fd8cf0b3661a91a08b2ba84151f82f41937bdf
trials/trial-03-s2_dedicated_chunked256_c4-p05/request_samples.csv,9480190,0b655d23286d56035b565bd46e4402ac3fd187e1aca45d268fbbc4ca1b083171
trials/trial-03-s2_dedicated_chunked256_c4-p05/rocksdb-options/db-00-OPTIONS-000007,8987,b1eb5ab03b4493dc0a4fdb02e84f5ea2eb949d85f2135df09447e42a5e4b8aa8
trials/trial-03-s2_dedicated_chunked256_c4-p05/rocksdb-options/db-00-OPTIONS-000151,8987,b1eb5ab03b4493dc0a4fdb02e84f5ea2eb949d85f2135df09447e42a5e4b8aa8
trials/trial-03-s2_dedicated_chunked256_c4-p05/rocksdb-options/db-01-OPTIONS-000007,8987,b1eb5ab03b4493dc0a4fdb02e84f5ea2eb949d85f2135df09447e42a5e4b8aa8
trials/trial-03-s2_dedicated_chunked256_c4-p05/rocksdb-options/db-01-OPTIONS-000149,8987,b1eb5ab03b4493dc0a4fdb02e84f5ea2eb949d85f2135df09447e42a5e4b8aa8
trials/trial-03-s2_dedicated_chunked256_c4-p05/shards.csv,965,5f9d4d9331996c40d4fea9b94e8336fd96757ac28cb9364d3343a6b237ec5be4
trials/trial-03-s2_dedicated_chunked256_c4-p05/stages.csv,15323,40b9262f4c919c18658e21efeb4ebc862c04c529c435b2d95ec0b9d94da379e7
trials/trial-03-s2_dedicated_chunked256_c4-p05/status.txt,165,ce2a2b6cb7b921f09ff4096ba22c8ed2ffd416dfb3554a07bd3c7825a6b491aa
trials/trial-03-s2_dedicated_chunked256_c4-p05/stderr.log,0,e3b0c44298fc1c149afbf4c8996fb92427ae41e4649b934ca495991b7852b855
trials/trial-03-s2_dedicated_chunked256_c4-p05/stdout.log,0,e3b0c44298fc1c149afbf4c8996fb92427ae41e4649b934ca495991b7852b855
trials/trial-03-s2_dedicated_chunked256_c4-p05/summary.csv,2506,a441d5fd84b45246f49e2515e4d62d57f72bf1069eb907e24c613cd4b956dac2
trials/trial-03-s2_dedicated_chunked256_c8-p06/background.csv,2942113,7af3ce1f8220f52b20a6d044fcbc8196a9244717333d6db1d2fcd3b03c68fa6d
trials/trial-03-s2_dedicated_chunked256_c8-p06/index_batches.csv,605446,30e5822466b056b39781e26e942cbadddc1c15767f62d07e198ad54153a02041
trials/trial-03-s2_dedicated_chunked256_c8-p06/index_groups.csv,1590249,52cd7f131561f8661dc1fdf9a16c3457f9eed7e93783375743d0d95d81f574f4
trials/trial-03-s2_dedicated_chunked256_c8-p06/metadata.txt,5655,eba01d54c3ddfbd7d5553ee86ac7c58482bd0288b25d7534c8691100c9cd22e8
trials/trial-03-s2_dedicated_chunked256_c8-p06/raw_stage_samples.csv,47527897,6d473d843a5abd218bc534c73b661acc9c3a825b0f3de4a9abccb5f0deddef0e
trials/trial-03-s2_dedicated_chunked256_c8-p06/request_samples.csv,9490170,0d3eba310f9426e51005461530b5fdc486e5c7218898938c7314cb00e0e52426
trials/trial-03-s2_dedicated_chunked256_c8-p06/rocksdb-options/db-00-OPTIONS-000007,8987,b1eb5ab03b4493dc0a4fdb02e84f5ea2eb949d85f2135df09447e42a5e4b8aa8
trials/trial-03-s2_dedicated_chunked256_c8-p06/rocksdb-options/db-00-OPTIONS-000151,8987,b1eb5ab03b4493dc0a4fdb02e84f5ea2eb949d85f2135df09447e42a5e4b8aa8
trials/trial-03-s2_dedicated_chunked256_c8-p06/rocksdb-options/db-01-OPTIONS-000007,8987,b1eb5ab03b4493dc0a4fdb02e84f5ea2eb949d85f2135df09447e42a5e4b8aa8
trials/trial-03-s2_dedicated_chunked256_c8-p06/rocksdb-options/db-01-OPTIONS-000149,8987,b1eb5ab03b4493dc0a4fdb02e84f5ea2eb949d85f2135df09447e42a5e4b8aa8
trials/trial-03-s2_dedicated_chunked256_c8-p06/shards.csv,969,c3ac5d0d5b529729699f5018b3c9b0965c5dde4abc0f23ce6a231e78124e86df
trials/trial-03-s2_dedicated_chunked256_c8-p06/stages.csv,15347,4224394b0b653a0ab17ba02c019e035451de79af251d4d416d2d1bd899ce79ce
trials/trial-03-s2_dedicated_chunked256_c8-p06/status.txt,165,a168f0aaa201bc89a49219d9695b3a925bda646eca240618816adc967c40b83e
trials/trial-03-s2_dedicated_chunked256_c8-p06/stderr.log,0,e3b0c44298fc1c149afbf4c8996fb92427ae41e4649b934ca495991b7852b855
trials/trial-03-s2_dedicated_chunked256_c8-p06/stdout.log,0,e3b0c44298fc1c149afbf4c8996fb92427ae41e4649b934ca495991b7852b855
trials/trial-03-s2_dedicated_chunked256_c8-p06/summary.csv,2507,947ebd131fbac6f045b1be9eeaa06a3b5b2d6f9558994973e7b30c7946a5592c
trials/trial-03-s2_shared_chunked256_c4-p03/background.csv,3191168,a607b5217b02975ee852ae7787eebb0fc8404b2c5f37711f685a054f48ef5e40
trials/trial-03-s2_shared_chunked256_c4-p03/index_batches.csv,607494,b7302a5475be7d9dd57cf6ecffdf237aa8feaf3c9e210815020f71fcb69510be
trials/trial-03-s2_shared_chunked256_c4-p03/index_groups.csv,1582874,6ed382fe6b262e939583a1c0f21e5fe1953e37bc033b9a8322db3ffa0f67d775
trials/trial-03-s2_shared_chunked256_c4-p03/metadata.txt,5468,4cc6ce4e49aa2be2cf4a71ab13298b1f039427a5faabb62cc5cb0abbf4f03c39
trials/trial-03-s2_shared_chunked256_c4-p03/raw_stage_samples.csv,47834588,51c879f7109e5d0d9d33dbb1accad9ce9b37302074c86b0c2ab451ec3052a703
trials/trial-03-s2_shared_chunked256_c4-p03/request_samples.csv,9476975,82b7b684516dcaedef3f3439c3a199e4a4ad0d96555ad53c5c7b7c125536cf29
trials/trial-03-s2_shared_chunked256_c4-p03/rocksdb-options/db-00-OPTIONS-000007,8987,92b916c40cd25426d6ec456552d50bbba8b7f5b6cd8b5f22f9007a90b8629e2b
trials/trial-03-s2_shared_chunked256_c4-p03/rocksdb-options/db-00-OPTIONS-000158,8987,92b916c40cd25426d6ec456552d50bbba8b7f5b6cd8b5f22f9007a90b8629e2b
trials/trial-03-s2_shared_chunked256_c4-p03/shards.csv,959,faab32740bd312a43d983ace94a6d31f3d031db04166e6228ec60ad73aa63a36
trials/trial-03-s2_shared_chunked256_c4-p03/stages.csv,14725,1f5c877222f9834b65a5f007eba8f2f8a653002b887e7b5ce44a2123508cd4e6
trials/trial-03-s2_shared_chunked256_c4-p03/status.txt,159,29e92c028bf1c8a92ada0f7da4c7c78e4adcbb3f5fd978a825fae3c8042883d8
trials/trial-03-s2_shared_chunked256_c4-p03/stderr.log,0,e3b0c44298fc1c149afbf4c8996fb92427ae41e4649b934ca495991b7852b855
trials/trial-03-s2_shared_chunked256_c4-p03/stdout.log,0,e3b0c44298fc1c149afbf4c8996fb92427ae41e4649b934ca495991b7852b855
trials/trial-03-s2_shared_chunked256_c4-p03/summary.csv,2500,23c6fc5cbc7b73be9815db7efd7380c6eb0077155e63f7f4ab8abf1f7ddf36f4
trials/trial-03-s2_shared_chunked256_c8-p04/background.csv,2658392,eb80834672e5ef56aa1f99cf0d3a9ca49b55670a33115724430220cf70be167d
trials/trial-03-s2_shared_chunked256_c8-p04/index_batches.csv,607372,6dfe795a7fa883da7c24cfc954952a6d9ebf9c2330a2fded9dc52bc30f036c6c
trials/trial-03-s2_shared_chunked256_c8-p04/index_groups.csv,1589595,460c7c8c77834c56829daf81718b89b2b2086a2abed3b284ad437a2b424f2103
trials/trial-03-s2_shared_chunked256_c8-p04/metadata.txt,5472,4d249718bd322273a321e1747b802bf2fa7d1e77a847e84bde8a42f2a9d1615a
trials/trial-03-s2_shared_chunked256_c8-p04/raw_stage_samples.csv,47149468,7722ced6f3847d87d164a8db519861ebb16b0c19db6a233070adb1ad7d4d54cf
trials/trial-03-s2_shared_chunked256_c8-p04/request_samples.csv,9487137,08e39583b8f641d0bc98faab7389f7bcaf35e0005ecf2d3a43293bc419c97ece
trials/trial-03-s2_shared_chunked256_c8-p04/rocksdb-options/db-00-OPTIONS-000007,8987,92b916c40cd25426d6ec456552d50bbba8b7f5b6cd8b5f22f9007a90b8629e2b
trials/trial-03-s2_shared_chunked256_c8-p04/rocksdb-options/db-00-OPTIONS-000159,8987,92b916c40cd25426d6ec456552d50bbba8b7f5b6cd8b5f22f9007a90b8629e2b
trials/trial-03-s2_shared_chunked256_c8-p04/shards.csv,957,c7a210240c42f06aa9d34ecb410a5abec0f6b342ac427033da04b3d2734c1a5d
trials/trial-03-s2_shared_chunked256_c8-p04/stages.csv,14648,c7c5513d41683d4ee6f0f729ed11e34ea4a98963205f945c0d00d1ab127e092c
trials/trial-03-s2_shared_chunked256_c8-p04/status.txt,159,d3a099db1e00a8f48a1570ff6c4c735c212063226e0ba56fb1b596c1b00e5e52
trials/trial-03-s2_shared_chunked256_c8-p04/stderr.log,0,e3b0c44298fc1c149afbf4c8996fb92427ae41e4649b934ca495991b7852b855
trials/trial-03-s2_shared_chunked256_c8-p04/stdout.log,0,e3b0c44298fc1c149afbf4c8996fb92427ae41e4649b934ca495991b7852b855
trials/trial-03-s2_shared_chunked256_c8-p04/summary.csv,2502,3f9b5c954f74d4c7f19a3950ed120e5cd4d05c4f5011dc89c2b4d7804830109a
trials/trial-03-s4_dedicated_chunked256_c4-p01/background.csv,3052094,a8d369667934bdf421ddf821388519c0fa63ae4f6405086f9d823d84bda88af0
trials/trial-03-s4_dedicated_chunked256_c4-p01/index_batches.csv,608952,91c60c6e9d2801c95f5bd433196e9dba38dde9efa379a159785b55d9085767bb
trials/trial-03-s4_dedicated_chunked256_c4-p01/index_groups.csv,1573660,603a7ff4b076a82888c4f2546a26087b34ec854e3d28016da7b9989a2fceffa6
trials/trial-03-s4_dedicated_chunked256_c4-p01/metadata.txt,6747,3bc6e2724d2c53ea96728d72066d06391d5e9d8c861db7374f8eb8a99709bb9f
trials/trial-03-s4_dedicated_chunked256_c4-p01/raw_stage_samples.csv,47753624,43ec091e1429b456e7a382686debcff569fca0b5df259e60be483ecf8469e539
trials/trial-03-s4_dedicated_chunked256_c4-p01/request_samples.csv,9541860,8fe35c67d4b8b40114983b3fa4ca2c85fd1ba51d66e984beb954159c47b05ceb
trials/trial-03-s4_dedicated_chunked256_c4-p01/rocksdb-options/db-00-OPTIONS-000007,8987,f7a6356f589bfa88dfe8f59103f650ef1127c6539ef844ff59c2ef35ed8d1cd2
trials/trial-03-s4_dedicated_chunked256_c4-p01/rocksdb-options/db-00-OPTIONS-000139,8987,f7a6356f589bfa88dfe8f59103f650ef1127c6539ef844ff59c2ef35ed8d1cd2
trials/trial-03-s4_dedicated_chunked256_c4-p01/rocksdb-options/db-01-OPTIONS-000007,8987,f7a6356f589bfa88dfe8f59103f650ef1127c6539ef844ff59c2ef35ed8d1cd2
trials/trial-03-s4_dedicated_chunked256_c4-p01/rocksdb-options/db-01-OPTIONS-000139,8987,f7a6356f589bfa88dfe8f59103f650ef1127c6539ef844ff59c2ef35ed8d1cd2
trials/trial-03-s4_dedicated_chunked256_c4-p01/rocksdb-options/db-02-OPTIONS-000007,8987,f7a6356f589bfa88dfe8f59103f650ef1127c6539ef844ff59c2ef35ed8d1cd2
trials/trial-03-s4_dedicated_chunked256_c4-p01/rocksdb-options/db-02-OPTIONS-000139,8987,f7a6356f589bfa88dfe8f59103f650ef1127c6539ef844ff59c2ef35ed8d1cd2
trials/trial-03-s4_dedicated_chunked256_c4-p01/rocksdb-options/db-03-OPTIONS-000007,8987,f7a6356f589bfa88dfe8f59103f650ef1127c6539ef844ff59c2ef35ed8d1cd2
trials/trial-03-s4_dedicated_chunked256_c4-p01/rocksdb-options/db-03-OPTIONS-000139,8987,f7a6356f589bfa88dfe8f59103f650ef1127c6539ef844ff59c2ef35ed8d1cd2
trials/trial-03-s4_dedicated_chunked256_c4-p01/shards.csv,1453,1c08306b773107c8acf8f9b3c7d94e8a140540afec5f7133a9d8eb0a676ba5cc
trials/trial-03-s4_dedicated_chunked256_c4-p01/stages.csv,25455,e424e8d1570b4340881507294f8ace571d397f41fc79ab62e97e56a080ab4b4b
trials/trial-03-s4_dedicated_chunked256_c4-p01/status.txt,165,7cd2a13f74df6b0c735cd4b49b03a03c69f1e5ee9880ea3beb48bb766efa4135
trials/trial-03-s4_dedicated_chunked256_c4-p01/stderr.log,0,e3b0c44298fc1c149afbf4c8996fb92427ae41e4649b934ca495991b7852b855
trials/trial-03-s4_dedicated_chunked256_c4-p01/stdout.log,0,e3b0c44298fc1c149afbf4c8996fb92427ae41e4649b934ca495991b7852b855
trials/trial-03-s4_dedicated_chunked256_c4-p01/summary.csv,2511,b77a8057442ce8829173d565114a138597e23a55ddc7aadd2d229e32229a6474
trials/trial-03-s4_dedicated_chunked256_c8-p02/background.csv,2692022,cbf2800b1cd8b165818d721206dccc1e228324c74191c1e3074344bd203abcb9
trials/trial-03-s4_dedicated_chunked256_c8-p02/index_batches.csv,610925,cb4e7e400e5d507c8aa58ad58eb18f2cccf30c61a8ab9669bfdd11edce974079
trials/trial-03-s4_dedicated_chunked256_c8-p02/index_groups.csv,1587250,e6a44c426115c3d3e780c5c9d7a2f9032bc8f887b3182349f7a06a10749b66f0
trials/trial-03-s4_dedicated_chunked256_c8-p02/metadata.txt,6752,c4e52e2bcf9ae1da892b313d866082ec1a43cfd092b3fd134ca2b7e717333ce2
trials/trial-03-s4_dedicated_chunked256_c8-p02/raw_stage_samples.csv,47290944,2ab76e0ac7034a9232591d5e235fa44f5ebfb86b1908fb5ed079772d4d76f522
trials/trial-03-s4_dedicated_chunked256_c8-p02/request_samples.csv,9543132,afdf15e2b73b1403102e13b93247d4b8191f7de362ff9b1013c34120e7e2ee6d
trials/trial-03-s4_dedicated_chunked256_c8-p02/rocksdb-options/db-00-OPTIONS-000007,8987,f7a6356f589bfa88dfe8f59103f650ef1127c6539ef844ff59c2ef35ed8d1cd2
trials/trial-03-s4_dedicated_chunked256_c8-p02/rocksdb-options/db-00-OPTIONS-000139,8987,f7a6356f589bfa88dfe8f59103f650ef1127c6539ef844ff59c2ef35ed8d1cd2
trials/trial-03-s4_dedicated_chunked256_c8-p02/rocksdb-options/db-01-OPTIONS-000007,8987,f7a6356f589bfa88dfe8f59103f650ef1127c6539ef844ff59c2ef35ed8d1cd2
trials/trial-03-s4_dedicated_chunked256_c8-p02/rocksdb-options/db-01-OPTIONS-000139,8987,f7a6356f589bfa88dfe8f59103f650ef1127c6539ef844ff59c2ef35ed8d1cd2
trials/trial-03-s4_dedicated_chunked256_c8-p02/rocksdb-options/db-02-OPTIONS-000007,8987,f7a6356f589bfa88dfe8f59103f650ef1127c6539ef844ff59c2ef35ed8d1cd2
trials/trial-03-s4_dedicated_chunked256_c8-p02/rocksdb-options/db-02-OPTIONS-000139,8987,f7a6356f589bfa88dfe8f59103f650ef1127c6539ef844ff59c2ef35ed8d1cd2
trials/trial-03-s4_dedicated_chunked256_c8-p02/rocksdb-options/db-03-OPTIONS-000007,8987,f7a6356f589bfa88dfe8f59103f650ef1127c6539ef844ff59c2ef35ed8d1cd2
trials/trial-03-s4_dedicated_chunked256_c8-p02/rocksdb-options/db-03-OPTIONS-000139,8987,f7a6356f589bfa88dfe8f59103f650ef1127c6539ef844ff59c2ef35ed8d1cd2
trials/trial-03-s4_dedicated_chunked256_c8-p02/shards.csv,1457,7d2fd214e79742881c232e73f81cb27ac15696f7db90123c6cf44aedc6ecc758
trials/trial-03-s4_dedicated_chunked256_c8-p02/stages.csv,25432,542025d645674fb47fb5cddbfcfe32278cf0a47c374ceea453b34c49f4c5d712
trials/trial-03-s4_dedicated_chunked256_c8-p02/status.txt,165,d45d39ab26646c8c306b12c1287754cf5859dc5b0bd426e7a58b30d11b7b3e95
trials/trial-03-s4_dedicated_chunked256_c8-p02/stderr.log,0,e3b0c44298fc1c149afbf4c8996fb92427ae41e4649b934ca495991b7852b855
trials/trial-03-s4_dedicated_chunked256_c8-p02/stdout.log,0,e3b0c44298fc1c149afbf4c8996fb92427ae41e4649b934ca495991b7852b855
trials/trial-03-s4_dedicated_chunked256_c8-p02/summary.csv,2513,3fce7b00f1f0caea53358016d2df0f0e91f33503b70fa47e16c1a427a27bc381
trials/trial-03-s4_shared_chunked256_c4-p07/background.csv,2557343,388b93cc00d82d915e9536136d1572cc523007b0ab68674977c7734fe611794e
trials/trial-03-s4_shared_chunked256_c4-p07/index_batches.csv,614705,bfa625f9049d71b31ab2e743d85c2a896094e51997a1190ba43d8e3f4ea9372c
trials/trial-03-s4_shared_chunked256_c4-p07/index_groups.csv,1580094,1597432efa280dcb572be448d15d15710448d98c3d5f4364ac3660537fba9320
trials/trial-03-s4_shared_chunked256_c4-p07/metadata.txt,6213,c3a985584b092cdfdde53369fe2289ff9f1e0e0767703ce6490779ef05e0a979
trials/trial-03-s4_shared_chunked256_c4-p07/raw_stage_samples.csv,47095365,1b6186ed9419f788fb05fa060ebfd5e8a9cb6bf8b9f5056f407ba450801d0ac0
trials/trial-03-s4_shared_chunked256_c4-p07/request_samples.csv,9537941,c971163321d1f57e48068de9cb07414121b5fa5dc1122b4afd1e7ccb598d38b0
trials/trial-03-s4_shared_chunked256_c4-p07/rocksdb-options/db-00-OPTIONS-000007,8987,92b916c40cd25426d6ec456552d50bbba8b7f5b6cd8b5f22f9007a90b8629e2b
trials/trial-03-s4_shared_chunked256_c4-p07/rocksdb-options/db-00-OPTIONS-000162,8987,92b916c40cd25426d6ec456552d50bbba8b7f5b6cd8b5f22f9007a90b8629e2b
trials/trial-03-s4_shared_chunked256_c4-p07/shards.csv,1437,53ec1cb86140cc449b1f8d440ec17d3c9ba33c3c6478ffccc7fb193e0e303f4f
trials/trial-03-s4_shared_chunked256_c4-p07/stages.csv,24385,c9e46c5af18afb7838bc61ae74e13f6ff20cf956cb28b78c95ca49edace5e23b
trials/trial-03-s4_shared_chunked256_c4-p07/status.txt,159,edd96b277b6b79b23d327a3b561b8cd72ce679b7690f9a0770bfb2339ba21947
trials/trial-03-s4_shared_chunked256_c4-p07/stderr.log,0,e3b0c44298fc1c149afbf4c8996fb92427ae41e4649b934ca495991b7852b855
trials/trial-03-s4_shared_chunked256_c4-p07/stdout.log,0,e3b0c44298fc1c149afbf4c8996fb92427ae41e4649b934ca495991b7852b855
trials/trial-03-s4_shared_chunked256_c4-p07/summary.csv,2501,7b1b513916d2758590394ecf6c384066f0ba81a9ebf42bafc0c9c4cfc6a4b064
trials/trial-03-s4_shared_chunked256_c8-p08/background.csv,2301841,26fcce45cd863595f50a32f2c17ccf8eb3a168f2dc967283a9e731a4cebd47f6
trials/trial-03-s4_shared_chunked256_c8-p08/index_batches.csv,617023,6e5b8c9175d0632805a1dcdeaf46a374dbcc4d493ba0f70458cc626b39dade35
trials/trial-03-s4_shared_chunked256_c8-p08/index_groups.csv,1604033,f984eb0848de574a2be4659e3fcc11699c38051babdeec963958171773f141d1
trials/trial-03-s4_shared_chunked256_c8-p08/metadata.txt,6212,83ebabbf67fa4e6b5d9f1dfe9701c5567d565d93a233b5b554a27387419d9ac6
trials/trial-03-s4_shared_chunked256_c8-p08/raw_stage_samples.csv,46795398,9f5d624676817a8c753d7abf4b3a7336472536fffda0b629d25f593d415db40a
trials/trial-03-s4_shared_chunked256_c8-p08/request_samples.csv,9552358,7a59d4704e3402da524409035ebe3ce39b5ef1b589128f216164b3e3be00bb51
trials/trial-03-s4_shared_chunked256_c8-p08/rocksdb-options/db-00-OPTIONS-000007,8987,92b916c40cd25426d6ec456552d50bbba8b7f5b6cd8b5f22f9007a90b8629e2b
trials/trial-03-s4_shared_chunked256_c8-p08/rocksdb-options/db-00-OPTIONS-000162,8987,92b916c40cd25426d6ec456552d50bbba8b7f5b6cd8b5f22f9007a90b8629e2b
trials/trial-03-s4_shared_chunked256_c8-p08/shards.csv,1437,764de1f20b947228fb4cd8deb576ba665dfec8b60eed0e2ec3861f3ad5ca92da
trials/trial-03-s4_shared_chunked256_c8-p08/stages.csv,24395,a8b3c127767ca92636c35f5ee921db5c3f088031ed55807ac8bd02118b9a7f14
trials/trial-03-s4_shared_chunked256_c8-p08/status.txt,159,f1487e8f83da3faae8564c7c78118ff9e0e6edb8857d434c4a09f1a3d476d5df
trials/trial-03-s4_shared_chunked256_c8-p08/stderr.log,0,e3b0c44298fc1c149afbf4c8996fb92427ae41e4649b934ca495991b7852b855
trials/trial-03-s4_shared_chunked256_c8-p08/stdout.log,0,e3b0c44298fc1c149afbf4c8996fb92427ae41e4649b934ca495991b7852b855
trials/trial-03-s4_shared_chunked256_c8-p08/summary.csv,2500,4189e1dbac25e752377b0ebf5fc715ed567c5c43fcbfdcb7587b9f5843726ded
