repetition,position,manifest_case,manifest_trial_name,trial_dir,trial_name,case,shards,shard_id,account_count,requests,credits,debits,client_end_latest_seq,client_end_projected_seq,client_end_destination_seq,client_end_gc_prefix,projection_backlog_records,destination_backlog_records,gc_backlog_records,final_sequence,final_projected_sequence,final_destination_sequence,final_gc_prefix,final_boundary_timestamp_us,final_boundary_target_sequence,client_wall_s,common_window_rps,max_in_flight_groups_per_batch,max_running_query_jobs_per_batch
1,1,s2_shared_chunked256_c4,trial-01-s2_shared_chunked256_c4-p01,trials/trial-01-s2_shared_chunked256_c4-p01,trial-01-s2_shared_chunked256_c4-p01,s2_shared_chunked256_c4,2,0,25000,5000000,2500000,2500000,5075000,3676920,3677176,625152,1398080,1397824,4449848,5075000,5075000,5075000,5075000,1790925360132934,5075000,95.112277883,52569.448564260,4,4
1,1,s2_shared_chunked256_c4,trial-01-s2_shared_chunked256_c4-p01,trials/trial-01-s2_shared_chunked256_c4-p01,trial-01-s2_shared_chunked256_c4-p01,s2_shared_chunked256_c4,2,1,25000,5000000,2500000,2500000,5075000,3738616,3738872,625920,1336384,1336128,4449080,5075000,5075000,5075000,5075000,1790925360132934,5075000,95.112277883,52569.448564260,4,4
1,2,s2_shared_chunked256_c8,trial-01-s2_shared_chunked256_c8-p02,trials/trial-01-s2_shared_chunked256_c8-p02,trial-01-s2_shared_chunked256_c8-p02,s2_shared_chunked256_c8,2,0,25000,5000000,2500000,2500000,5075000,2994424,2994424,626944,2080576,2080576,4448056,5075000,5075000,5075000,5075000,1790925739062213,5075000,78.853882625,63408.418628898,8,8
1,2,s2_shared_chunked256_c8,trial-01-s2_shared_chunked256_c8-p02,trials/trial-01-s2_shared_chunked256_c8-p02,trial-01-s2_shared_chunked256_c8-p02,s2_shared_chunked256_c8,2,1,25000,5000000,2500000,2500000,5075000,3017720,3017976,625664,2057280,2057024,4449336,5075000,5075000,5075000,5075000,1790925739062213,5075000,78.853882625,63408.418628898,8,8
1,3,s2_dedicated_chunked256_c4,trial-01-s2_dedicated_chunked256_c4-p03,trials/trial-01-s2_dedicated_chunked256_c4-p03,trial-01-s2_dedicated_chunked256_c4-p03,s2_dedicated_chunked256_c4,2,0,25000,5000000,2500000,2500000,5075000,4138232,4138232,631552,936768,936768,4443448,5075000,5075000,5075000,5075000,1790926116644792,5075000,109.411051632,45699.222568642,4,4
1,3,s2_dedicated_chunked256_c4,trial-01-s2_dedicated_chunked256_c4-p03,trials/trial-01-s2_dedicated_chunked256_c4-p03,trial-01-s2_dedicated_chunked256_c4-p03,s2_dedicated_chunked256_c4,2,1,25000,5000000,2500000,2500000,5075000,4150520,4150776,631296,924480,924224,4443704,5075000,5075000,5075000,5075000,1790926116644792,5075000,109.411051632,45699.222568642,4,4
1,4,s2_dedicated_chunked256_c8,trial-01-s2_dedicated_chunked256_c8-p04,trials/trial-01-s2_dedicated_chunked256_c8-p04,trial-01-s2_dedicated_chunked256_c8-p04,s2_dedicated_chunked256_c8,2,0,25000,5000000,2500000,2500000,5075000,3389432,3389688,627456,1685568,1685312,4447544,5075000,5075000,5075000,5075000,1790926516211815,5075000,80.756017428,61914.890793839,8,8
1,4,s2_dedicated_chunked256_c8,trial-01-s2_dedicated_chunked256_c8-p04,trials/trial-01-s2_dedicated_chunked256_c8-p04,trial-01-s2_dedicated_chunked256_c8-p04,s2_dedicated_chunked256_c8,2,1,25000,5000000,2500000,2500000,5075000,3389176,3389176,627712,1685824,1685824,4447288,5075000,5075000,5075000,5075000,1790926516211815,5075000,80.756017428,61914.890793839,8,8
1,5,s4_shared_chunked256_c4,trial-01-s4_shared_chunked256_c4-p05,trials/trial-01-s4_shared_chunked256_c4-p05,trial-01-s4_shared_chunked256_c4-p05,s4_shared_chunked256_c4,4,0,12500,2500000,1250000,1250000,2537500,1531772,1532028,316928,1005728,1005472,2220572,2537500,2537500,2537500,2537500,1790926852569873,2537500,56.912559926,43927.034792506,4,4
1,5,s4_shared_chunked256_c4,trial-01-s4_shared_chunked256_c4-p05,trials/trial-01-s4_shared_chunked256_c4-p05,trial-01-s4_shared_chunked256_c4-p05,s4_shared_chunked256_c4,4,1,12500,2500000,1250000,1250000,2537500,1496700,1496956,318464,1040800,1040544,2219036,2537500,2537500,2537500,2537500,1790926852569873,2537500,56.912559926,43927.034792506,4,4
1,5,s4_shared_chunked256_c4,trial-01-s4_shared_chunked256_c4-p05,trials/trial-01-s4_shared_chunked256_c4-p05,trial-01-s4_shared_chunked256_c4-p05,s4_shared_chunked256_c4,4,2,12500,2500000,1250000,1250000,2537500,1490044,1490044,316416,1047456,1047456,2221084,2537500,2537500,2537500,2537500,1790926852569873,2537500,56.912559926,43927.034792506,4,4
1,5,s4_shared_chunked256_c4,trial-01-s4_shared_chunked256_c4-p05,trials/trial-01-s4_shared_chunked256_c4-p05,trial-01-s4_shared_chunked256_c4-p05,s4_shared_chunked256_c4,4,3,12500,2500000,1250000,1250000,2537500,1495420,1495676,314368,1042080,1041824,2223132,2537500,2537500,2537500,2537500,1790926852569873,2537500,56.912559926,43927.034792506,4,4
1,6,s4_shared_chunked256_c8,trial-01-s4_shared_chunked256_c8-p06,trials/trial-01-s4_shared_chunked256_c8-p06,trial-01-s4_shared_chunked256_c8-p06,s4_shared_chunked256_c8,4,0,12500,2500000,1250000,1250000,2537500,1245308,1245564,316416,1292192,1291936,2221084,2537500,2537500,2537500,2537500,1790927142659313,2537500,69.076482461,36191.767602114,8,8
1,6,s4_shared_chunked256_c8,trial-01-s4_shared_chunked256_c8-p06,trials/trial-01-s4_shared_chunked256_c8-p06,trial-01-s4_shared_chunked256_c8-p06,s4_shared_chunked256_c8,4,1,12500,2500000,1250000,1250000,2537500,1227388,1227388,312576,1310112,1310112,2224924,2537500,2537500,2537500,2537500,1790927142659313,2537500,69.076482461,36191.767602114,8,8
1,6,s4_shared_chunked256_c8,trial-01-s4_shared_chunked256_c8-p06,trials/trial-01-s4_shared_chunked256_c8-p06,trial-01-s4_shared_chunked256_c8-p06,s4_shared_chunked256_c8,4,2,12500,2500000,1250000,1250000,2537500,1230460,1230716,313600,1307040,1306784,2223900,2537500,2537500,2537500,2537500,1790927142659313,2537500,69.076482461,36191.767602114,8,8
1,6,s4_shared_chunked256_c8,trial-01-s4_shared_chunked256_c8-p06,trials/trial-01-s4_shared_chunked256_c8-p06,trial-01-s4_shared_chunked256_c8-p06,s4_shared_chunked256_c8,4,3,12500,2500000,1250000,1250000,2537500,1236348,1236348,314624,1301152,1301152,2222876,2537500,2537500,2537500,2537500,1790927142659313,2537500,69.076482461,36191.767602114,8,8
1,7,s4_dedicated_chunked256_c4,trial-01-s4_dedicated_chunked256_c4-p07,trials/trial-01-s4_dedicated_chunked256_c4-p07,trial-01-s4_dedicated_chunked256_c4-p07,s4_dedicated_chunked256_c4,4,0,12500,2500000,1250000,1250000,2537500,1781884,1781884,314368,755616,755616,2223132,2537500,2537500,2537500,2537500,1790927432066356,2537500,79.126035246,31595.163238340,4,4
1,7,s4_dedicated_chunked256_c4,trial-01-s4_dedicated_chunked256_c4-p07,trials/trial-01-s4_dedicated_chunked256_c4-p07,trial-01-s4_dedicated_chunked256_c4-p07,s4_dedicated_chunked256_c4,4,1,12500,2500000,1250000,1250000,2537500,1785724,1785980,319488,751776,751520,2218012,2537500,2537500,2537500,2537500,1790927432066356,2537500,79.126035246,31595.163238340,4,4
1,7,s4_dedicated_chunked256_c4,trial-01-s4_dedicated_chunked256_c4-p07,trials/trial-01-s4_dedicated_chunked256_c4-p07,trial-01-s4_dedicated_chunked256_c4-p07,s4_dedicated_chunked256_c4,4,2,12500,2500000,1250000,1250000,2537500,1789820,1789820,313344,747680,747680,2224156,2537500,2537500,2537500,2537500,1790927432066356,2537500,79.126035246,31595.163238340,4,4
1,7,s4_dedicated_chunked256_c4,trial-01-s4_dedicated_chunked256_c4-p07,trials/trial-01-s4_dedicated_chunked256_c4-p07,trial-01-s4_dedicated_chunked256_c4-p07,s4_dedicated_chunked256_c4,4,3,12500,2500000,1250000,1250000,2537500,1780348,1780604,314880,757152,756896,2222620,2537500,2537500,2537500,2537500,1790927432066356,2537500,79.126035246,31595.163238340,4,4
1,8,s4_dedicated_chunked256_c8,trial-01-s4_dedicated_chunked256_c8-p08,trials/trial-01-s4_dedicated_chunked256_c8-p08,trial-01-s4_dedicated_chunked256_c8-p08,s4_dedicated_chunked256_c8,4,0,12500,2500000,1250000,1250000,2537500,1527676,1527676,317184,1009824,1009824,2220316,2537500,2537500,2537500,2537500,1790927775825848,2537500,43.691443807,57219.441203256,8,8
1,8,s4_dedicated_chunked256_c8,trial-01-s4_dedicated_chunked256_c8-p08,trials/trial-01-s4_dedicated_chunked256_c8-p08,trial-01-s4_dedicated_chunked256_c8-p08,s4_dedicated_chunked256_c8,4,1,12500,2500000,1250000,1250000,2537500,1539964,1540220,315392,997536,997280,2222108,2537500,2537500,2537500,2537500,1790927775825848,2537500,43.691443807,57219.441203256,8,8
1,8,s4_dedicated_chunked256_c8,trial-01-s4_dedicated_chunked256_c8-p08,trials/trial-01-s4_dedicated_chunked256_c8-p08,trial-01-s4_dedicated_chunked256_c8-p08,s4_dedicated_chunked256_c8,4,2,12500,2500000,1250000,1250000,2537500,1536124,1536124,313344,1001376,1001376,2224156,2537500,2537500,2537500,2537500,1790927775825848,2537500,43.691443807,57219.441203256,8,8
1,8,s4_dedicated_chunked256_c8,trial-01-s4_dedicated_chunked256_c8-p08,trials/trial-01-s4_dedicated_chunked256_c8-p08,trial-01-s4_dedicated_chunked256_c8-p08,s4_dedicated_chunked256_c8,4,3,12500,2500000,1250000,1250000,2537500,1530492,1530748,317952,1007008,1006752,2219548,2537500,2537500,2537500,2537500,1790927775825848,2537500,43.691443807,57219.441203256,8,8
2,1,s2_dedicated_chunked256_c8,trial-02-s2_dedicated_chunked256_c8-p01,trials/trial-02-s2_dedicated_chunked256_c8-p01,trial-02-s2_dedicated_chunked256_c8-p01,s2_dedicated_chunked256_c8,2,0,25000,5000000,2500000,2500000,5075000,3376120,3376376,631552,1698880,1698624,4443448,5075000,5075000,5075000,5075000,1790928073598240,5075000,67.966943350,73565.173797094,8,8
2,1,s2_dedicated_chunked256_c8,trial-02-s2_dedicated_chunked256_c8-p01,trials/trial-02-s2_dedicated_chunked256_c8-p01,trial-02-s2_dedicated_chunked256_c8-p01,s2_dedicated_chunked256_c8,2,1,25000,5000000,2500000,2500000,5075000,3376120,3376376,627968,1698880,1698624,4447032,5075000,5075000,5075000,5075000,1790928073598240,5075000,67.966943350,73565.173797094,8,8
2,2,s4_shared_chunked256_c4,trial-02-s4_shared_chunked256_c4-p02,trials/trial-02-s4_shared_chunked256_c4-p02,trial-02-s4_shared_chunked256_c4-p02,s4_shared_chunked256_c4,4,0,12500,2500000,1250000,1250000,2537500,1467260,1467516,317696,1070240,1069984,2219804,2537500,2537500,2537500,2537500,1790928461937355,2537500,56.867168799,43962.097160778,4,4
2,2,s4_shared_chunked256_c4,trial-02-s4_shared_chunked256_c4-p02,trials/trial-02-s4_shared_chunked256_c4-p02,trial-02-s4_shared_chunked256_c4-p02,s4_shared_chunked256_c4,4,1,12500,2500000,1250000,1250000,2537500,1440636,1440892,314624,1096864,1096608,2222876,2537500,2537500,2537500,2537500,1790928461937355,2537500,56.867168799,43962.097160778,4,4
2,2,s4_shared_chunked256_c4,trial-02-s4_shared_chunked256_c4-p02,trials/trial-02-s4_shared_chunked256_c4-p02,trial-02-s4_shared_chunked256_c4-p02,s4_shared_chunked256_c4,4,2,12500,2500000,1250000,1250000,2537500,1441404,1441660,314368,1096096,1095840,2223132,2537500,2537500,2537500,2537500,1790928461937355,2537500,56.867168799,43962.097160778,4,4
2,2,s4_shared_chunked256_c4,trial-02-s4_shared_chunked256_c4-p02,trials/trial-02-s4_shared_chunked256_c4-p02,trial-02-s4_shared_chunked256_c4-p02,s4_shared_chunked256_c4,4,3,12500,2500000,1250000,1250000,2537500,1433212,1433212,315904,1104288,1104288,2221596,2537500,2537500,2537500,2537500,1790928461937355,2537500,56.867168799,43962.097160778,4,4
2,3,s4_shared_chunked256_c8,trial-02-s4_shared_chunked256_c8-p03,trials/trial-02-s4_shared_chunked256_c8-p03,trial-02-s4_shared_chunked256_c8-p03,s4_shared_chunked256_c8,4,0,12500,2500000,1250000,1250000,2537500,1234556,1234812,312576,1302944,1302688,2224924,2537500,2537500,2537500,2537500,1790928757324978,2537500,60.532027498,41300.450411687,8,8
2,3,s4_shared_chunked256_c8,trial-02-s4_shared_chunked256_c8-p03,trials/trial-02-s4_shared_chunked256_c8-p03,trial-02-s4_shared_chunked256_c8-p03,s4_shared_chunked256_c8,4,1,12500,2500000,1250000,1250000,2537500,1214076,1214332,313600,1323424,1323168,2223900,2537500,2537500,2537500,2537500,1790928757324978,2537500,60.532027498,41300.450411687,8,8
2,3,s4_shared_chunked256_c8,trial-02-s4_shared_chunked256_c8-p03,trials/trial-02-s4_shared_chunked256_c8-p03,trial-02-s4_shared_chunked256_c8-p03,s4_shared_chunked256_c8,4,2,12500,2500000,1250000,1250000,2537500,1217660,1217660,313088,1319840,1319840,2224412,2537500,2537500,2537500,2537500,1790928757324978,2537500,60.532027498,41300.450411687,8,8
2,3,s4_shared_chunked256_c8,trial-02-s4_shared_chunked256_c8-p03,trials/trial-02-s4_shared_chunked256_c8-p03,trial-02-s4_shared_chunked256_c8-p03,s4_shared_chunked256_c8,4,3,12500,2500000,1250000,1250000,2537500,1216636,1216892,313344,1320864,1320608,2224156,2537500,2537500,2537500,2537500,1790928757324978,2537500,60.532027498,41300.450411687,8,8
2,4,s4_dedicated_chunked256_c4,trial-02-s4_dedicated_chunked256_c4-p04,trials/trial-02-s4_dedicated_chunked256_c4-p04,trial-02-s4_dedicated_chunked256_c4-p04,s4_dedicated_chunked256_c4,4,0,12500,2500000,1250000,1250000,2537500,1790844,1790844,315392,746656,746656,2222108,2537500,2537500,2537500,2537500,1790929059642486,2537500,79.470651356,31458.154140462,4,4
2,4,s4_dedicated_chunked256_c4,trial-02-s4_dedicated_chunked256_c4-p04,trials/trial-02-s4_dedicated_chunked256_c4-p04,trial-02-s4_dedicated_chunked256_c4-p04,s4_dedicated_chunked256_c4,4,1,12500,2500000,1250000,1250000,2537500,1788028,1788284,314880,749472,749216,2222620,2537500,2537500,2537500,2537500,1790929059642486,2537500,79.470651356,31458.154140462,4,4
2,4,s4_dedicated_chunked256_c4,trial-02-s4_dedicated_chunked256_c4-p04,trials/trial-02-s4_dedicated_chunked256_c4-p04,trial-02-s4_dedicated_chunked256_c4-p04,s4_dedicated_chunked256_c4,4,2,12500,2500000,1250000,1250000,2537500,1794428,1794428,315648,743072,743072,2221852,2537500,2537500,2537500,2537500,1790929059642486,2537500,79.470651356,31458.154140462,4,4
2,4,s4_dedicated_chunked256_c4,trial-02-s4_dedicated_chunked256_c4-p04,trials/trial-02-s4_dedicated_chunked256_c4-p04,trial-02-s4_dedicated_chunked256_c4-p04,s4_dedicated_chunked256_c4,4,3,12500,2500000,1250000,1250000,2537500,1783932,1784188,314112,753568,753312,2223388,2537500,2537500,2537500,2537500,1790929059642486,2537500,79.470651356,31458.154140462,4,4
2,5,s4_dedicated_chunked256_c8,trial-02-s4_dedicated_chunked256_c8-p05,trials/trial-02-s4_dedicated_chunked256_c8-p05,trial-02-s4_dedicated_chunked256_c8-p05,s4_dedicated_chunked256_c8,4,0,12500,2500000,1250000,1250000,2537500,1526396,1526652,314880,1011104,1010848,2222620,2537500,2537500,2537500,2537500,1790929410403968,2537500,70.592583189,35414.485305158,8,8
2,5,s4_dedicated_chunked256_c8,trial-02-s4_dedicated_chunked256_c8-p05,trials/trial-02-s4_dedicated_chunked256_c8-p05,trial-02-s4_dedicated_chunked256_c8-p05,s4_dedicated_chunked256_c8,4,1,12500,2500000,1250000,1250000,2537500,1523836,1523836,313088,1013664,1013664,2224412,2537500,2537500,2537500,2537500,1790929410403968,2537500,70.592583189,35414.485305158,8,8
2,5,s4_dedicated_chunked256_c8,trial-02-s4_dedicated_chunked256_c8-p05,trials/trial-02-s4_dedicated_chunked256_c8-p05,trial-02-s4_dedicated_chunked256_c8-p05,s4_dedicated_chunked256_c8,4,2,12500,2500000,1250000,1250000,2537500,1522300,1522556,314368,1015200,1014944,2223132,2537500,2537500,2537500,2537500,1790929410403968,2537500,70.592583189,35414.485305158,8,8
2,5,s4_dedicated_chunked256_c8,trial-02-s4_dedicated_chunked256_c8-p05,trials/trial-02-s4_dedicated_chunked256_c8-p05,trial-02-s4_dedicated_chunked256_c8-p05,s4_dedicated_chunked256_c8,4,3,12500,2500000,1250000,1250000,2537500,1520252,1520508,315392,1017248,1016992,2222108,2537500,2537500,2537500,2537500,1790929410403968,2537500,70.592583189,35414.485305158,8,8
2,6,s2_shared_chunked256_c4,trial-02-s2_shared_chunked256_c4-p06,trials/trial-02-s2_shared_chunked256_c4-p06,trial-02-s2_shared_chunked256_c4-p06,s2_shared_chunked256_c4,2,0,25000,5000000,2500000,2500000,5075000,3665400,3665400,626944,1409600,1409600,4448056,5075000,5075000,5075000,5075000,1790929730818876,5075000,118.882566056,42058.311541195,4,4
2,6,s2_shared_chunked256_c4,trial-02-s2_shared_chunked256_c4-p06,trials/trial-02-s2_shared_chunked256_c4-p06,trial-02-s2_shared_chunked256_c4-p06,s2_shared_chunked256_c4,2,1,25000,5000000,2500000,2500000,5075000,3709176,3709176,626688,1365824,1365824,4448312,5075000,5075000,5075000,5075000,1790929730818876,5075000,118.882566056,42058.311541195,4,4
2,7,s2_shared_chunked256_c8,trial-02-s2_shared_chunked256_c8-p07,trials/trial-02-s2_shared_chunked256_c8-p07,trial-02-s2_shared_chunked256_c8-p07,s2_shared_chunked256_c8,2,0,25000,5000000,2500000,2500000,5075000,3059448,3059448,626944,2015552,2015552,4448056,5075000,5075000,5075000,5075000,1790930097785487,5075000,78.448283385,63736.257624167,8,8
2,7,s2_shared_chunked256_c8,trial-02-s2_shared_chunked256_c8-p07,trials/trial-02-s2_shared_chunked256_c8-p07,trial-02-s2_shared_chunked256_c8-p07,s2_shared_chunked256_c8,2,1,25000,5000000,2500000,2500000,5075000,2961144,2961400,625408,2113856,2113600,4449592,5075000,5075000,5075000,5075000,1790930097785487,5075000,78.448283385,63736.257624167,8,8
2,8,s2_dedicated_chunked256_c4,trial-02-s2_dedicated_chunked256_c4-p08,trials/trial-02-s2_dedicated_chunked256_c4-p08,trial-02-s2_dedicated_chunked256_c4-p08,s2_dedicated_chunked256_c4,2,0,25000,5000000,2500000,2500000,5075000,4176632,4176632,630016,898368,898368,4444984,5075000,5075000,5075000,5075000,1790930480163717,5075000,73.980210798,67585.641431224,4,4
2,8,s2_dedicated_chunked256_c4,trial-02-s2_dedicated_chunked256_c4-p08,trials/trial-02-s2_dedicated_chunked256_c4-p08,trial-02-s2_dedicated_chunked256_c4-p08,s2_dedicated_chunked256_c4,2,1,25000,5000000,2500000,2500000,5075000,4181240,4181240,628224,893760,893760,4446776,5075000,5075000,5075000,5075000,1790930480163717,5075000,73.980210798,67585.641431224,4,4
3,1,s4_dedicated_chunked256_c4,trial-03-s4_dedicated_chunked256_c4-p01,trials/trial-03-s4_dedicated_chunked256_c4-p01,trial-03-s4_dedicated_chunked256_c4-p01,s4_dedicated_chunked256_c4,4,0,12500,2500000,1250000,1250000,2537500,1784188,1784444,313344,753312,753056,2224156,2537500,2537500,2537500,2537500,1790930867515971,2537500,81.559922155,30652.309785790,4,4
3,1,s4_dedicated_chunked256_c4,trial-03-s4_dedicated_chunked256_c4-p01,trials/trial-03-s4_dedicated_chunked256_c4-p01,trial-03-s4_dedicated_chunked256_c4-p01,s4_dedicated_chunked256_c4,4,1,12500,2500000,1250000,1250000,2537500,1770620,1770876,313344,766880,766624,2224156,2537500,2537500,2537500,2537500,1790930867515971,2537500,81.559922155,30652.309785790,4,4
3,1,s4_dedicated_chunked256_c4,trial-03-s4_dedicated_chunked256_c4-p01,trials/trial-03-s4_dedicated_chunked256_c4-p01,trial-03-s4_dedicated_chunked256_c4-p01,s4_dedicated_chunked256_c4,4,2,12500,2500000,1250000,1250000,2537500,1782140,1782140,316928,755360,755360,2220572,2537500,2537500,2537500,2537500,1790930867515971,2537500,81.559922155,30652.309785790,4,4
3,1,s4_dedicated_chunked256_c4,trial-03-s4_dedicated_chunked256_c4-p01,trials/trial-03-s4_dedicated_chunked256_c4-p01,trial-03-s4_dedicated_chunked256_c4-p01,s4_dedicated_chunked256_c4,4,3,12500,2500000,1250000,1250000,2537500,1789052,1789052,313856,748448,748448,2223644,2537500,2537500,2537500,2537500,1790930867515971,2537500,81.559922155,30652.309785790,4,4
3,2,s4_dedicated_chunked256_c8,trial-03-s4_dedicated_chunked256_c8-p02,trials/trial-03-s4_dedicated_chunked256_c8-p02,trial-03-s4_dedicated_chunked256_c8-p02,s4_dedicated_chunked256_c8,4,0,12500,2500000,1250000,1250000,2537500,1544060,1544316,314624,993440,993184,2222876,2537500,2537500,2537500,2537500,1790931199209079,2537500,43.761516579,57127.819039061,8,8
3,2,s4_dedicated_chunked256_c8,trial-03-s4_dedicated_chunked256_c8-p02,trials/trial-03-s4_dedicated_chunked256_c8-p02,trial-03-s4_dedicated_chunked256_c8-p02,s4_dedicated_chunked256_c8,4,1,12500,2500000,1250000,1250000,2537500,1529468,1529724,314880,1008032,1007776,2222620,2537500,2537500,2537500,2537500,1790931199209079,2537500,43.761516579,57127.819039061,8,8
3,2,s4_dedicated_chunked256_c8,trial-03-s4_dedicated_chunked256_c8-p02,trials/trial-03-s4_dedicated_chunked256_c8-p02,trial-03-s4_dedicated_chunked256_c8-p02,s4_dedicated_chunked256_c8,4,2,12500,2500000,1250000,1250000,2537500,1538684,1538940,314880,998816,998560,2222620,2537500,2537500,2537500,2537500,1790931199209079,2537500,43.761516579,57127.819039061,8,8
3,2,s4_dedicated_chunked256_c8,trial-03-s4_dedicated_chunked256_c8-p02,trials/trial-03-s4_dedicated_chunked256_c8-p02,trial-03-s4_dedicated_chunked256_c8-p02,s4_dedicated_chunked256_c8,4,3,12500,2500000,1250000,1250000,2537500,1534076,1534332,315136,1003424,1003168,2222364,2537500,2537500,2537500,2537500,1790931199209079,2537500,43.761516579,57127.819039061,8,8
3,3,s2_shared_chunked256_c4,trial-03-s2_shared_chunked256_c4-p03,trials/trial-03-s2_shared_chunked256_c4-p03,trial-03-s2_shared_chunked256_c4-p03,s2_shared_chunked256_c4,2,0,25000,5000000,2500000,2500000,5075000,3708664,3708920,625664,1366336,1366080,4449336,5075000,5075000,5075000,5075000,1790931525440105,5075000,102.656827586,48705.966447398,4,4
3,3,s2_shared_chunked256_c4,trial-03-s2_shared_chunked256_c4-p03,trials/trial-03-s2_shared_chunked256_c4-p03,trial-03-s2_shared_chunked256_c4-p03,s2_shared_chunked256_c4,2,1,25000,5000000,2500000,2500000,5075000,3752696,3752952,626432,1322304,1322048,4448568,5075000,5075000,5075000,5075000,1790931525440105,5075000,102.656827586,48705.966447398,4,4
3,4,s2_shared_chunked256_c8,trial-03-s2_shared_chunked256_c8-p04,trials/trial-03-s2_shared_chunked256_c8-p04,trial-03-s2_shared_chunked256_c8-p04,s2_shared_chunked256_c8,2,0,25000,5000000,2500000,2500000,5075000,3007480,3007480,627968,2067520,2067520,4447032,5075000,5075000,5075000,5075000,1790931941953769,5075000,78.934301352,63343.817761850,8,8
3,4,s2_shared_chunked256_c8,trial-03-s2_shared_chunked256_c8-p04,trials/trial-03-s2_shared_chunked256_c8-p04,trial-03-s2_shared_chunked256_c8-p04,s2_shared_chunked256_c8,2,1,25000,5000000,2500000,2500000,5075000,3017464,3017720,627200,2057536,2057280,4447800,5075000,5075000,5075000,5075000,1790931941953769,5075000,78.934301352,63343.817761850,8,8
3,5,s2_dedicated_chunked256_c4,trial-03-s2_dedicated_chunked256_c4-p05,trials/trial-03-s2_dedicated_chunked256_c4-p05,trial-03-s2_dedicated_chunked256_c4-p05,s2_dedicated_chunked256_c4,2,0,25000,5000000,2500000,2500000,5075000,4167416,4167672,629760,907584,907328,4445240,5075000,5075000,5075000,5075000,1790932267153746,5075000,74.105889136,67471.020971409,4,4
3,5,s2_dedicated_chunked256_c4,trial-03-s2_dedicated_chunked256_c4-p05,trials/trial-03-s2_dedicated_chunked256_c4-p05,trial-03-s2_dedicated_chunked256_c4-p05,s2_dedicated_chunked256_c4,2,1,25000,5000000,2500000,2500000,5075000,4173048,4173304,627712,901952,901696,4447288,5075000,5075000,5075000,5075000,1790932267153746,5075000,74.105889136,67471.020971409,4,4
3,6,s2_dedicated_chunked256_c8,trial-03-s2_dedicated_chunked256_c8-p06,trials/trial-03-s2_dedicated_chunked256_c8-p06,trial-03-s2_dedicated_chunked256_c8-p06,s2_dedicated_chunked256_c8,2,0,25000,5000000,2500000,2500000,5075000,3390200,3390456,627968,1684800,1684544,4447032,5075000,5075000,5075000,5075000,1790932686022706,5075000,73.769544644,67778.648006155,8,8
3,6,s2_dedicated_chunked256_c8,trial-03-s2_dedicated_chunked256_c8-p06,trials/trial-03-s2_dedicated_chunked256_c8-p06,trial-03-s2_dedicated_chunked256_c8-p06,s2_dedicated_chunked256_c8,2,1,25000,5000000,2500000,2500000,5075000,3417080,3417336,626432,1657920,1657664,4448568,5075000,5075000,5075000,5075000,1790932686022706,5075000,73.769544644,67778.648006155,8,8
3,7,s4_shared_chunked256_c4,trial-03-s4_shared_chunked256_c4-p07,trials/trial-03-s4_shared_chunked256_c4-p07,trial-03-s4_shared_chunked256_c4-p07,s4_shared_chunked256_c4,4,0,12500,2500000,1250000,1250000,2537500,1463676,1463932,315136,1073824,1073568,2222364,2537500,2537500,2537500,2537500,1790933078449763,2537500,69.746591672,35844.045423135,4,4
3,7,s4_shared_chunked256_c4,trial-03-s4_shared_chunked256_c4-p07,trials/trial-03-s4_shared_chunked256_c4-p07,trial-03-s4_shared_chunked256_c4-p07,s4_shared_chunked256_c4,4,1,12500,2500000,1250000,1250000,2537500,1416316,1416572,315904,1121184,1120928,2221596,2537500,2537500,2537500,2537500,1790933078449763,2537500,69.746591672,35844.045423135,4,4
3,7,s4_shared_chunked256_c4,trial-03-s4_shared_chunked256_c4-p07,trials/trial-03-s4_shared_chunked256_c4-p07,trial-03-s4_shared_chunked256_c4-p07,s4_shared_chunked256_c4,4,2,12500,2500000,1250000,1250000,2537500,1422204,1422460,312832,1115296,1115040,2224668,2537500,2537500,2537500,2537500,1790933078449763,2537500,69.746591672,35844.045423135,4,4
3,7,s4_shared_chunked256_c4,trial-03-s4_shared_chunked256_c4-p07,trials/trial-03-s4_shared_chunked256_c4-p07,trial-03-s4_shared_chunked256_c4-p07,s4_shared_chunked256_c4,4,3,12500,2500000,1250000,1250000,2537500,1434748,1435004,314880,1102752,1102496,2222620,2537500,2537500,2537500,2537500,1790933078449763,2537500,69.746591672,35844.045423135,4,4
3,8,s4_shared_chunked256_c8,trial-03-s4_shared_chunked256_c8-p08,trials/trial-03-s4_shared_chunked256_c8-p08,trial-03-s4_shared_chunked256_c8-p08,s4_shared_chunked256_c8,4,0,12500,2500000,1250000,1250000,2537500,1279612,1279612,314880,1257888,1257888,2222620,2537500,2537500,2537500,2537500,1790933357182611,2537500,55.380705473,45142.075722001,8,8
3,8,s4_shared_chunked256_c8,trial-03-s4_shared_chunked256_c8-p08,trials/trial-03-s4_shared_chunked256_c8-p08,trial-03-s4_shared_chunked256_c8-p08,s4_shared_chunked256_c8,4,1,12500,2500000,1250000,1250000,2537500,1253500,1253756,320000,1284000,1283744,2217500,2537500,2537500,2537500,2537500,1790933357182611,2537500,55.380705473,45142.075722001,8,8
3,8,s4_shared_chunked256_c8,trial-03-s4_shared_chunked256_c8-p08,trials/trial-03-s4_shared_chunked256_c8-p08,trial-03-s4_shared_chunked256_c8-p08,s4_shared_chunked256_c8,4,2,12500,2500000,1250000,1250000,2537500,1256572,1256828,312576,1280928,1280672,2224924,2537500,2537500,2537500,2537500,1790933357182611,2537500,55.380705473,45142.075722001,8,8
3,8,s4_shared_chunked256_c8,trial-03-s4_shared_chunked256_c8-p08,trials/trial-03-s4_shared_chunked256_c8-p08,trial-03-s4_shared_chunked256_c8-p08,s4_shared_chunked256_c8,4,3,12500,2500000,1250000,1250000,2537500,1252988,1252988,315648,1284512,1284512,2221852,2537500,2537500,2537500,2537500,1790933357182611,2537500,55.380705473,45142.075722001,8,8
