repetition,position,manifest_case,manifest_trial_name,trial_dir,status,stdout,stderr,trial_name,case,shards,layout,index_group_size,index_concurrency,users,requests_per_user,requests,credits,debits,seed_records,final_sequence_sum,client_wall_s,client_rps,cpu_s,cpu_core_equivalents,cpu_us_per_request,settlement_s,finite_drain_rps,recovery_s,integrity_s,rss_peak_bytes,db_bytes,database_count,configured_write_buffer_bytes,configured_block_cache_bytes,configured_max_background_jobs,wal_syncs,wal_bytes,writes_with_wal,flush_write_bytes,compaction_read_bytes,compaction_write_bytes,rocks_stall_us,process_rchar_bytes,process_wchar_bytes,process_read_bytes,process_write_bytes,device,target_major_minor,device_read_bytes,device_write_bytes,device_busy_ms,cpu_sample_offset_us,progress_sample_offset_us,io_sample_offset_us,storage_sample_offset_us,sample_stride,request_sample_count,projection_backlog_sum,gc_backlog_sum,global_theoretical_query_group_cap,global_observed_query_group_peak,global_observed_query_job_peak,max_in_flight_per_batch,max_running_query_jobs_per_batch,setup_preflight_cpu_pct,setup_preflight_device_pct,measure_preflight_cpu_pct,measure_preflight_device_pct,request_total_sample_count,request_total_p50_ns,request_total_p95_ns,request_total_p99_ns,request_admission_sample_count,request_admission_p50_ns,request_admission_p95_ns,request_admission_p99_ns,request_enqueue_sample_count,request_enqueue_p50_ns,request_enqueue_p95_ns,request_enqueue_p99_ns,request_queue_sample_count,request_queue_p50_ns,request_queue_p95_ns,request_queue_p99_ns,request_batch_sample_count,request_batch_p50_ns,request_batch_p95_ns,request_batch_p99_ns,request_handler_sample_count,request_handler_p50_ns,request_handler_p95_ns,request_handler_p99_ns,request_response_sample_count,request_response_p50_ns,request_response_p95_ns,request_response_p99_ns
1,1,s2_shared_chunked256_c4,trial-01-s2_shared_chunked256_c4-p01,trials/trial-01-s2_shared_chunked256_c4-p01,exit_status=exit status: 0,stdout.log,stderr.log,trial-01-s2_shared_chunked256_c4-p01,s2_shared_chunked256_c4,2,shared,256,4,50000,200,10000000,5000000,5000000,150000,10150000,95.112277883,105138.897128521,368.621751708,3.875648443,36.862175171,292.573930142,25794.056618478,1.690836775,0.911815341,2029060096,100875345,1,134217728,134217728,8,28967,1831568632,38173,666942342,1198811744,1584526107,0,25760401525,4084166020,0,4203069440,sdb2,8:18,0,4589105152,46439,1,2546,4159,4195,64,155808,2734464,8898928,8,NA,NA,4,4,1.609195402,0.699888229,1.525282073,0.199967201,155808,406853644,615490603,756439684,155808,611,2134,9298,155808,90,190,321,155808,373799977,571437218,705649473,155808,161332,1551488,2074598,155808,30714375,43371758,164504865,155808,854652,1964151,2346228
1,2,s2_shared_chunked256_c8,trial-01-s2_shared_chunked256_c8-p02,trials/trial-01-s2_shared_chunked256_c8-p02,exit_status=exit status: 0,stdout.log,stderr.log,trial-01-s2_shared_chunked256_c8-p02,s2_shared_chunked256_c8,2,shared,256,8,50000,200,10000000,5000000,5000000,150000,10150000,78.853882625,126816.837257796,392.600852592,4.978839843,39.260085259,260.386739515,29477.601877151,1.124883355,1.298582340,2089955328,140490255,1,134217728,134217728,8,23501,1831406683,32693,656359562,1213594755,1590689885,0,26567108847,4079537736,0,4176101376,sdb2,8:18,4096,4433305600,30653,1,3168,5154,5196,64,155808,4137856,8897392,16,NA,NA,8,8,2.132552791,0.066655023,1.714405185,0.166640620,155808,378100758,573847994,639003896,155808,601,2104,9087,155808,90,190,331,155808,347682139,532869766,598037747,155808,163117,1547415,2055029,155808,28098720,41988001,105084792,155808,860416,1975970,2325998
1,3,s2_dedicated_chunked256_c4,trial-01-s2_dedicated_chunked256_c4-p03,trials/trial-01-s2_dedicated_chunked256_c4-p03,exit_status=exit status: 0,stdout.log,stderr.log,trial-01-s2_dedicated_chunked256_c4-p03,s2_dedicated_chunked256_c4,2,dedicated,256,4,50000,200,10000000,5000000,5000000,150000,10150000,109.411051632,91398.445137285,354.268584322,3.237959777,35.426858432,229.993756649,29463.342168449,3.228366948,0.194487099,2042859520,27439605,2,134217728,134217728,8,41623,1832405485,41635,659677577,2153758495,2524791516,0,18165852615,5018377334,0,5189619712,sdb2,8:18,0,5630394368,83475,1,2487,4335,4374,64,155808,1861248,8887152,8,NA,NA,4,4,1.755485893,0.099983141,1.966527197,0.033328015,155808,349800468,679161708,4827803199,155808,581,2094,9037,155808,81,210,340,155808,321421558,641176538,3817305044,155808,174247,1648653,2493229,155808,25827985,37280027,237131695,155808,895149,2029358,2485575
1,4,s2_dedicated_chunked256_c8,trial-01-s2_dedicated_chunked256_c8-p04,trials/trial-01-s2_dedicated_chunked256_c8-p04,exit_status=exit status: 0,stdout.log,stderr.log,trial-01-s2_dedicated_chunked256_c8-p04,s2_dedicated_chunked256_c8,2,dedicated,256,8,50000,200,10000000,5000000,5000000,150000,10150000,80.756017428,123829.781587679,370.161054530,4.583696253,37.016105453,274.433693685,28153.968673993,2.285838547,1.520760639,2058743808,27358698,2,134217728,134217728,8,35678,1831781233,35700,660287350,2142612235,2508205786,0,18683656640,5001676569,0,5148598272,sdb2,8:18,0,5531742208,54456,1,2516,4296,4337,64,155808,3371392,8894832,16,NA,NA,8,8,1.693851945,4.265938077,2.007948128,4.332644853,155808,320245547,652618362,743979169,155808,571,2034,8646,155808,81,211,351,155808,294464873,616659863,702367665,155808,176291,1660856,2556205,155808,23321365,35129072,292343377,155808,923272,2128873,2888118
1,5,s4_shared_chunked256_c4,trial-01-s4_shared_chunked256_c4-p05,trials/trial-01-s4_shared_chunked256_c4-p05,exit_status=exit status: 0,stdout.log,stderr.log,trial-01-s4_shared_chunked256_c4-p05,s4_shared_chunked256_c4,4,shared,256,4,50000,200,10000000,5000000,5000000,150000,10150000,56.912559926,175708.139170025,409.120869855,7.188586674,40.912086986,170.364339933,43999.192202128,4.134610397,1.002053554,2154852352,114276044,1,134217728,134217728,8,13195,1831949724,32774,662429518,1123831157,1475313862,0,28653969659,3970690064,0,4025020416,sdb2,8:18,69632,4214202368,21070,7,4243,6346,6413,64,155808,4136064,8883824,16,NA,NA,4,4,1.715481172,0.000000000,1.589293183,0.099983403,155808,265766875,442873745,491830805,155808,471,1684,4769,155808,81,230,380,155808,221956645,385698680,433418419,155808,536245,2241934,2898035,155808,40207115,63804931,181345251,155808,1127805,2550012,3140339
1,6,s4_shared_chunked256_c8,trial-01-s4_shared_chunked256_c8-p06,trials/trial-01-s4_shared_chunked256_c8-p06,exit_status=exit status: 0,stdout.log,stderr.log,trial-01-s4_shared_chunked256_c8-p06,s4_shared_chunked256_c8,4,shared,256,8,50000,200,10000000,5000000,5000000,150000,10150000,69.076482461,144767.070408455,429.136882096,6.212488923,42.913688210,198.730115240,37340.379534506,2.298209026,0.453538161,2226487296,60128980,1,134217728,134217728,8,10484,1831355629,28538,659296082,1115102598,1454818642,0,29640767736,3946428513,4096,3989655552,sdb2,8:18,1556480,4097593344,32799,10,3816,5700,5748,64,155808,5210496,8892784,32,NA,NA,8,8,1.986201129,0.000000000,1.798034706,4.399271554,155808,258556795,462961239,4144427275,155808,471,1693,5450,155808,80,221,371,155808,216194232,403488717,3469222793,155808,600646,2379843,3224567,155808,38029096,70145415,665559520,155808,1146189,2652465,3346345
1,7,s4_dedicated_chunked256_c4,trial-01-s4_dedicated_chunked256_c4-p07,trials/trial-01-s4_dedicated_chunked256_c4-p07,exit_status=exit status: 0,stdout.log,stderr.log,trial-01-s4_dedicated_chunked256_c4-p07,s4_dedicated_chunked256_c4,4,dedicated,256,4,50000,200,10000000,5000000,5000000,150000,10150000,79.126035246,126380.652953359,362.165513643,4.577071409,36.216551364,240.258973259,31310.173407352,0.614281036,0.639072607,2170556416,70672313,4,134217728,134217728,8,37123,1832176131,37152,656397484,2323111996,2711911443,0,17894050705,5202487081,4096,5356150784,sdb2,8:18,4096,5699354624,69436,6,3820,5701,5740,64,155808,3012224,8887920,16,NA,NA,4,4,1.838696197,0.099983801,2.362040134,0.000000000,155808,196436568,556154490,6237390308,155808,521,1703,4479,155808,81,240,391,155808,164346930,427313992,5178184955,155808,355066,2527800,3817088,155808,29113836,50106002,1016306842,155808,1102908,2663384,3585264
1,8,s4_dedicated_chunked256_c8,trial-01-s4_dedicated_chunked256_c8-p08,trials/trial-01-s4_dedicated_chunked256_c8-p08,exit_status=exit status: 0,stdout.log,stderr.log,trial-01-s4_dedicated_chunked256_c8-p08,s4_dedicated_chunked256_c8,4,dedicated,256,8,50000,200,10000000,5000000,5000000,150000,10150000,43.691443807,228877.764813024,369.137843717,8.448744458,36.913784372,218.388407899,38156.309746458,0.582169731,0.605200214,2166857728,70364812,4,134217728,134217728,8,33196,1832080884,33232,656980053,2269614364,2638675967,0,18144206253,5129704230,0,5267353600,sdb2,8:18,0,5440602112,32814,2,3572,5508,5558,64,155808,4015744,8886128,32,NA,NA,8,8,1.734224822,0.099982659,1.945606695,0.066656111,155808,186390780,407731651,818791810,155808,531,1703,4408,155808,90,251,411,155808,156269419,330683705,767074319,155808,405450,2757056,4214878,155808,27208370,45677226,160615891,155808,1183247,3027312,4469955
2,1,s2_dedicated_chunked256_c8,trial-02-s2_dedicated_chunked256_c8-p01,trials/trial-02-s2_dedicated_chunked256_c8-p01,exit_status=exit status: 0,stdout.log,stderr.log,trial-02-s2_dedicated_chunked256_c8-p01,s2_dedicated_chunked256_c8,2,dedicated,256,8,50000,200,10000000,5000000,5000000,150000,10150000,67.966943350,147130.347594188,367.825677939,5.411831985,36.782567794,278.186275491,28888.941242500,2.311419375,1.536070663,2069467136,27243468,2,134217728,134217728,8,35593,1831986484,35614,660224363,2150615971,2517203689,0,18586091666,5010816139,0,5157404672,sdb2,8:18,0,5547405312,41956,1,2632,4255,4291,64,155808,3397760,8890480,16,NA,NA,8,8,1.736038486,0.000000000,2.615062762,0.066656062,155808,316043046,603520397,681381158,155808,561,2073,9107,155808,81,220,360,155808,290495356,536754566,645727163,155808,181180,1716647,2721170,155808,23258232,34145118,151861882,155808,915766,2118490,2784589
2,2,s4_shared_chunked256_c4,trial-02-s4_shared_chunked256_c4-p02,trials/trial-02-s4_shared_chunked256_c4-p02,exit_status=exit status: 0,stdout.log,stderr.log,trial-02-s4_shared_chunked256_c4-p02,s4_shared_chunked256_c4,4,shared,256,4,50000,200,10000000,5000000,5000000,150000,10150000,56.867168799,175848.388643112,409.980939062,7.209448751,40.998093906,214.183062331,36893.530613534,4.031101277,1.001640492,2130100224,112693850,1,134217728,134217728,8,12498,1831753217,31858,662194880,1124249401,1464744942,0,28722355930,3959693904,4096,4011098112,sdb2,8:18,4096,4132909056,20576,2,3419,5220,5254,64,155808,4367488,8887408,16,NA,NA,4,4,1.922675026,0.099984053,1.818181818,0.066655845,155808,265493596,449072249,490999016,155808,491,1753,6001,155808,80,230,381,155808,221500967,392392686,434009805,155808,479378,2259847,3009171,155808,40193877,62699687,176052262,155808,1100603,2556863,3179420
2,3,s4_shared_chunked256_c8,trial-02-s4_shared_chunked256_c8-p03,trials/trial-02-s4_shared_chunked256_c8-p03,exit_status=exit status: 0,stdout.log,stderr.log,trial-02-s4_shared_chunked256_c8-p03,s4_shared_chunked256_c8,4,shared,256,8,50000,200,10000000,5000000,5000000,150000,10150000,60.532027498,165201.801646746,427.243279554,7.058135952,42.724327955,210.051079040,36957.222229968,2.371799108,1.050324946,2224603136,117736059,1,134217728,134217728,8,10450,1831126631,28299,661598916,1109647794,1439385164,0,29733607990,3933060028,0,3976155136,sdb2,8:18,61440,4090187776,24450,1,3765,5624,5664,64,155808,5267072,8897392,32,NA,NA,8,8,2.237089693,0.000000000,1.840234212,4.799125273,155808,254629429,448395368,550233587,155808,470,1663,4849,155808,80,221,370,155808,213289819,391372959,491956843,155808,635401,2385963,3332207,155808,37439238,66162506,187900080,155808,1156899,2685204,3425703
2,4,s4_dedicated_chunked256_c4,trial-02-s4_dedicated_chunked256_c4-p04,trials/trial-02-s4_dedicated_chunked256_c4-p04,exit_status=exit status: 0,stdout.log,stderr.log,trial-02-s4_dedicated_chunked256_c4-p04,s4_dedicated_chunked256_c4,4,dedicated,256,4,50000,200,10000000,5000000,5000000,150000,10150000,79.470651356,125832.616561850,361.666751423,4.550947365,36.166675142,185.387778250,37756.019375618,0.594735569,0.604315610,2126635008,70392612,4,134217728,134217728,8,37196,1832093158,37222,656482286,2277842847,2655324393,0,17837413509,5145915106,0,5299802112,sdb2,8:18,0,5697900544,69683,2,3732,5928,5979,64,155808,2992768,8889968,16,NA,NA,4,4,1.816283925,0.033327592,1.797658863,0.033327925,155808,195071239,501327896,7230120785,155808,521,1694,4629,155808,81,241,390,155808,163190729,378857689,5677879972,155808,342953,2538289,3893359,155808,28894001,48777989,1158506963,155808,1110953,2751438,3779276
2,5,s4_dedicated_chunked256_c8,trial-02-s4_dedicated_chunked256_c8-p05,trials/trial-02-s4_dedicated_chunked256_c8-p05,exit_status=exit status: 0,stdout.log,stderr.log,trial-02-s4_dedicated_chunked256_c8-p05,s4_dedicated_chunked256_c8,4,dedicated,256,8,50000,200,10000000,5000000,5000000,150000,10150000,70.592583189,141657.941220633,372.088890545,5.270934619,37.208889054,219.634177568,34455.816458541,0.632321353,0.650405217,2167250944,71045934,4,134217728,134217728,8,33025,1831790617,33049,657459066,2252937256,2619868227,0,18159896384,5111012121,0,5247954944,sdb2,8:18,0,5380960256,59367,1,4077,6040,6090,64,155808,4057216,8892272,32,NA,NA,8,8,1.795407098,0.000000000,1.964472309,0.199967251,155808,190190918,684008670,7492738971,155808,521,1693,4589,155808,90,250,401,155808,159161472,518573513,6315861359,155808,420288,2845665,4563225,155808,27858239,48446329,1245031402,155808,1190211,3042283,4261800
2,6,s2_shared_chunked256_c4,trial-02-s2_shared_chunked256_c4-p06,trials/trial-02-s2_shared_chunked256_c4-p06,exit_status=exit status: 0,stdout.log,stderr.log,trial-02-s2_shared_chunked256_c4-p06,s2_shared_chunked256_c4,2,shared,256,4,50000,200,10000000,5000000,5000000,150000,10150000,118.882566056,84116.623082391,370.768893264,3.118782725,37.076889326,238.231617449,28002.248193707,3.496640639,0.963379818,2047213568,104619133,1,134217728,134217728,8,28790,1831697057,38024,666399676,1196966946,1583420568,0,25809567040,4082661990,0,4200857600,sdb2,8:18,0,4600635392,70077,1,2489,4220,4260,64,155808,2775424,8896368,8,NA,NA,4,4,2.427286043,0.000000000,1.799539653,0.499916645,155808,409675931,657266600,8400170422,155808,591,2084,8987,155808,81,181,331,155808,376845569,613120000,7706697645,155808,161864,1531234,1991017,155808,30914239,50447717,684841619,155808,851549,1950591,2274710
2,7,s2_shared_chunked256_c8,trial-02-s2_shared_chunked256_c8-p07,trials/trial-02-s2_shared_chunked256_c8-p07,exit_status=exit status: 0,stdout.log,stderr.log,trial-02-s2_shared_chunked256_c8-p07,s2_shared_chunked256_c8,2,shared,256,8,50000,200,10000000,5000000,5000000,150000,10150000,78.448283385,127472.515248334,390.274975172,4.974933272,39.027497517,276.320675764,28187.358961696,4.190563937,1.423435395,2081611776,169457087,1,134217728,134217728,8,23503,1831395483,32726,653473066,1228793246,1607229804,0,26474298923,4093177486,0,4189724672,sdb2,8:18,0,4504834048,30744,1,4603,6455,6493,64,155808,4129408,8897648,16,NA,NA,8,8,2.005850397,0.333280871,1.879699248,0.000000000,155808,379387125,569129176,633048928,155808,611,2124,9227,155808,90,200,331,155808,349014864,530797293,591681855,155808,163136,1555348,2044275,155808,28154628,41737751,100784156,155808,868239,1978521,2343386
2,8,s2_dedicated_chunked256_c4,trial-02-s2_dedicated_chunked256_c4-p08,trials/trial-02-s2_dedicated_chunked256_c4-p08,exit_status=exit status: 0,stdout.log,stderr.log,trial-02-s2_dedicated_chunked256_c4-p08,s2_dedicated_chunked256_c4,2,dedicated,256,4,50000,200,10000000,5000000,5000000,150000,10150000,73.980210798,135171.282862448,358.030503783,4.839544250,35.803050378,283.699336581,27957.986620364,2.169733222,1.608735652,2019368960,25840563,2,134217728,134217728,8,41875,1832182818,41886,660259895,2149137650,2521849785,0,18288229058,5015804536,0,5188030464,sdb2,8:18,4096,5643898880,47306,1,2665,4411,4452,64,155808,1792128,8891760,8,NA,NA,4,4,2.114297676,0.000000000,2.090738031,0.099984687,155808,349054331,664801784,722398632,155808,571,2014,8836,155808,81,210,341,155808,320437398,621723722,684764949,155808,175820,1658481,2654689,155808,25880561,36844585,144393291,155808,890039,2030408,2483288
3,1,s4_dedicated_chunked256_c4,trial-03-s4_dedicated_chunked256_c4-p01,trials/trial-03-s4_dedicated_chunked256_c4-p01,exit_status=exit status: 0,stdout.log,stderr.log,trial-03-s4_dedicated_chunked256_c4-p01,s4_dedicated_chunked256_c4,4,dedicated,256,4,50000,200,10000000,5000000,5000000,150000,10150000,81.559922155,122609.239143161,360.769017770,4.423361478,36.076901777,186.771610904,37267.330775475,0.608841222,0.626758082,2109304832,70723587,4,134217728,134217728,8,37063,1831939883,37087,656686507,2285022268,2671529299,0,17785324910,5162151898,0,5315563520,sdb2,8:18,0,5695844352,71885,1,3885,5957,6009,64,155808,3024000,8892528,16,NA,NA,4,4,2.024207012,0.166637954,2.192982456,0.066656297,155808,196243785,669520353,7251140119,155808,521,1693,4779,155808,81,240,391,155808,164123795,520642828,5990971353,155808,364093,2573166,3937975,155808,29117176,49678987,1161487990,155808,1106084,2705454,3716119
3,2,s4_dedicated_chunked256_c8,trial-03-s4_dedicated_chunked256_c8-p02,trials/trial-03-s4_dedicated_chunked256_c8-p02,exit_status=exit status: 0,stdout.log,stderr.log,trial-03-s4_dedicated_chunked256_c8-p02,s4_dedicated_chunked256_c8,4,dedicated,256,8,50000,200,10000000,5000000,5000000,150000,10150000,43.761516579,228511.276156246,370.114313231,8.457529404,37.011431323,217.264907881,38310.297590321,0.606933071,0.636857758,2166865920,70878741,4,134217728,134217728,8,33235,1831873409,33260,657183645,2267122675,2633061708,0,18189174088,5125521468,0,5263380480,sdb2,8:18,131072,5372698624,32820,7,4370,6291,6350,64,155808,4003712,8890480,32,NA,NA,8,8,1.880484747,0.000000000,2.195274932,0.000000000,155808,186861381,406204386,817401306,155808,521,1713,4929,155808,90,250,401,155808,156047577,292878675,764300275,155808,431580,2769534,4330601,155808,27236327,46214135,116119680,155808,1201383,3045391,4305174
3,3,s2_shared_chunked256_c4,trial-03-s2_shared_chunked256_c4-p03,trials/trial-03-s2_shared_chunked256_c4-p03,exit_status=exit status: 0,stdout.log,stderr.log,trial-03-s2_shared_chunked256_c4-p03,s2_shared_chunked256_c4,2,shared,256,4,50000,200,10000000,5000000,5000000,150000,10150000,102.656827586,97411.932894795,372.338249081,3.627018853,37.233824908,273.611337150,26576.790005650,1.676800640,0.933981211,2039164928,101033661,1,134217728,134217728,8,29186,1831626075,38357,666700558,1199376236,1583510007,0,25823079174,4082957436,0,4202778624,sdb2,8:18,0,4603637760,53534,1,2259,3963,3996,64,155808,2688640,8897904,8,NA,NA,4,4,2.130770838,3.699394020,2.237089693,0.000000000,155808,415985619,628480523,3878713729,155808,571,2064,8867,155808,80,181,321,155808,382250567,581273957,3492825976,155808,163197,1520882,2010170,155808,31394693,45232588,181641364,155808,839732,1942052,2272081
3,4,s2_shared_chunked256_c8,trial-03-s2_shared_chunked256_c8-p04,trials/trial-03-s2_shared_chunked256_c8-p04,exit_status=exit status: 0,stdout.log,stderr.log,trial-03-s2_shared_chunked256_c8-p04,s2_shared_chunked256_c8,2,shared,256,8,50000,200,10000000,5000000,5000000,150000,10150000,78.934301352,126687.635523699,390.005680335,4.940889748,39.000568034,255.806020239,29873.903306511,4.495575328,1.062960396,2078195712,119002242,1,134217728,134217728,8,23483,1831543526,32754,664015115,1187784918,1565557897,0,26391584515,4062208489,0,4158627840,sdb2,8:18,32768,4464058368,30693,1,2739,4685,4722,64,155808,4125056,8894832,16,NA,NA,8,8,1.925088931,0.333274396,2.047638947,0.066655302,155808,377712386,573643830,665460102,155808,621,2174,9458,155808,90,191,331,155808,347067379,532752640,621077728,155808,162775,1571564,2082712,155808,28124442,42327664,79751365,155808,874218,1989908,2352858
3,5,s2_dedicated_chunked256_c4,trial-03-s2_dedicated_chunked256_c4-p05,trials/trial-03-s2_dedicated_chunked256_c4-p05,exit_status=exit status: 0,stdout.log,stderr.log,trial-03-s2_dedicated_chunked256_c4-p05,s2_dedicated_chunked256_c4,2,dedicated,256,4,50000,200,10000000,5000000,5000000,150000,10150000,74.105889136,134942.041942819,359.786064352,4.855026619,35.978606435,285.528797213,27805.994192384,4.445465521,2.855279159,2044006400,25971015,2,134217728,134217728,8,41797,1832142848,41816,660356459,2152165977,2526149767,0,18314348214,5020129100,0,5192081408,sdb2,8:18,0,5632176128,47110,0,2499,4127,4163,64,155808,1809536,8892528,8,NA,NA,4,4,2.258469260,0.000000000,2.131216047,0.366605719,155808,350357478,678841896,729768843,155808,562,2014,8707,155808,81,201,331,155808,322128374,640916401,692217384,155808,173205,1612893,2472964,155808,25943625,37244014,131977991,155808,885780,2016379,2456034
3,6,s2_dedicated_chunked256_c8,trial-03-s2_dedicated_chunked256_c8-p06,trials/trial-03-s2_dedicated_chunked256_c8-p06,exit_status=exit status: 0,stdout.log,stderr.log,trial-03-s2_dedicated_chunked256_c8-p06,s2_dedicated_chunked256_c8,2,dedicated,256,8,50000,200,10000000,5000000,5000000,150000,10150000,73.769544644,135557.296012310,370.200541250,5.018338435,37.020054125,281.577797496,28141.479656995,2.215381498,1.638931775,2069983232,26885784,2,134217728,134217728,8,35794,1831749140,35809,660296180,2143054976,2508251402,0,18639595824,5001723484,0,5149102080,sdb2,8:18,0,5537488896,47435,2,2841,5301,5341,64,155808,3342720,8895600,16,NA,NA,8,8,2.279381012,4.232629079,1.902969469,0.533234703,155808,320926514,646338341,703898072,155808,571,2024,8586,155808,81,220,360,155808,295100549,605334665,668323243,155808,174437,1658378,2516507,155808,23514340,34999930,153062170,155808,916568,2108132,2815267
3,7,s4_shared_chunked256_c4,trial-03-s4_shared_chunked256_c4-p07,trials/trial-03-s4_shared_chunked256_c4-p07,exit_status=exit status: 0,stdout.log,stderr.log,trial-03-s4_shared_chunked256_c4-p07,s4_shared_chunked256_c4,4,shared,256,4,50000,200,10000000,5000000,5000000,150000,10150000,69.746591672,143376.181692539,410.731402366,5.888910017,41.073140237,200.106285762,37057.229461805,4.535511260,1.060289522,2129911808,122678152,1,134217728,134217728,8,12419,1831537235,31660,658204303,1207123038,1563412406,0,28825551818,4054205605,0,4105342976,sdb2,8:18,0,4291530752,33607,10,2948,4501,4534,64,155808,4413056,8891248,16,NA,NA,4,4,1.902571608,0.133311383,2.198032238,0.000000000,155808,264600197,458236656,533960810,155808,491,1803,5851,155808,80,230,371,155808,221015405,395462791,459417981,155808,483527,2240771,2905548,155808,39620117,65625641,184770006,155808,1107436,2551984,3143634
3,8,s4_shared_chunked256_c8,trial-03-s4_shared_chunked256_c8-p08,trials/trial-03-s4_shared_chunked256_c8-p08,exit_status=exit status: 0,stdout.log,stderr.log,trial-03-s4_shared_chunked256_c8-p08,s4_shared_chunked256_c8,4,shared,256,8,50000,200,10000000,5000000,5000000,150000,10150000,55.380705473,180568.302888004,433.173080103,7.821732793,43.317308010,211.374901276,37487.496970998,2.612019291,1.048860883,2212900864,123889350,1,134217728,134217728,8,10843,1831643392,28961,659009816,1115033222,1451725621,0,29761689603,3943323994,0,3988021248,sdb2,8:18,0,4089147392,19040,8,4308,6455,6499,64,155808,5107328,8886896,32,NA,NA,8,8,2.235220389,0.366605916,2.088991017,0.066655009,155808,257282835,447490437,497698767,155808,471,1703,5400,155808,80,221,371,155808,214741729,388546109,438969301,155808,659697,2445946,3424029,155808,37933348,63236787,176274589,155808,1185442,2688811,3379947
