repetition,position,case,trial_name,trial_dir,status,stdout,stderr,summary,shards,stages,raw_stage_samples,request_samples,background,index_batches,index_groups
1,1,s2_shared_chunked256_c4,trial-01-s2_shared_chunked256_c4-p01,trials/trial-01-s2_shared_chunked256_c4-p01,exit_status=exit status: 0,trials/trial-01-s2_shared_chunked256_c4-p01/stdout.log,trials/trial-01-s2_shared_chunked256_c4-p01/stderr.log,trials/trial-01-s2_shared_chunked256_c4-p01/summary.csv,trials/trial-01-s2_shared_chunked256_c4-p01/shards.csv,trials/trial-01-s2_shared_chunked256_c4-p01/stages.csv,trials/trial-01-s2_shared_chunked256_c4-p01/raw_stage_samples.csv,trials/trial-01-s2_shared_chunked256_c4-p01/request_samples.csv,trials/trial-01-s2_shared_chunked256_c4-p01/background.csv,trials/trial-01-s2_shared_chunked256_c4-p01/index_batches.csv,trials/trial-01-s2_shared_chunked256_c4-p01/index_groups.csv
1,2,s2_shared_chunked256_c8,trial-01-s2_shared_chunked256_c8-p02,trials/trial-01-s2_shared_chunked256_c8-p02,exit_status=exit status: 0,trials/trial-01-s2_shared_chunked256_c8-p02/stdout.log,trials/trial-01-s2_shared_chunked256_c8-p02/stderr.log,trials/trial-01-s2_shared_chunked256_c8-p02/summary.csv,trials/trial-01-s2_shared_chunked256_c8-p02/shards.csv,trials/trial-01-s2_shared_chunked256_c8-p02/stages.csv,trials/trial-01-s2_shared_chunked256_c8-p02/raw_stage_samples.csv,trials/trial-01-s2_shared_chunked256_c8-p02/request_samples.csv,trials/trial-01-s2_shared_chunked256_c8-p02/background.csv,trials/trial-01-s2_shared_chunked256_c8-p02/index_batches.csv,trials/trial-01-s2_shared_chunked256_c8-p02/index_groups.csv
1,3,s2_dedicated_chunked256_c4,trial-01-s2_dedicated_chunked256_c4-p03,trials/trial-01-s2_dedicated_chunked256_c4-p03,exit_status=exit status: 0,trials/trial-01-s2_dedicated_chunked256_c4-p03/stdout.log,trials/trial-01-s2_dedicated_chunked256_c4-p03/stderr.log,trials/trial-01-s2_dedicated_chunked256_c4-p03/summary.csv,trials/trial-01-s2_dedicated_chunked256_c4-p03/shards.csv,trials/trial-01-s2_dedicated_chunked256_c4-p03/stages.csv,trials/trial-01-s2_dedicated_chunked256_c4-p03/raw_stage_samples.csv,trials/trial-01-s2_dedicated_chunked256_c4-p03/request_samples.csv,trials/trial-01-s2_dedicated_chunked256_c4-p03/background.csv,trials/trial-01-s2_dedicated_chunked256_c4-p03/index_batches.csv,trials/trial-01-s2_dedicated_chunked256_c4-p03/index_groups.csv
1,4,s2_dedicated_chunked256_c8,trial-01-s2_dedicated_chunked256_c8-p04,trials/trial-01-s2_dedicated_chunked256_c8-p04,exit_status=exit status: 0,trials/trial-01-s2_dedicated_chunked256_c8-p04/stdout.log,trials/trial-01-s2_dedicated_chunked256_c8-p04/stderr.log,trials/trial-01-s2_dedicated_chunked256_c8-p04/summary.csv,trials/trial-01-s2_dedicated_chunked256_c8-p04/shards.csv,trials/trial-01-s2_dedicated_chunked256_c8-p04/stages.csv,trials/trial-01-s2_dedicated_chunked256_c8-p04/raw_stage_samples.csv,trials/trial-01-s2_dedicated_chunked256_c8-p04/request_samples.csv,trials/trial-01-s2_dedicated_chunked256_c8-p04/background.csv,trials/trial-01-s2_dedicated_chunked256_c8-p04/index_batches.csv,trials/trial-01-s2_dedicated_chunked256_c8-p04/index_groups.csv
1,5,s4_shared_chunked256_c4,trial-01-s4_shared_chunked256_c4-p05,trials/trial-01-s4_shared_chunked256_c4-p05,exit_status=exit status: 0,trials/trial-01-s4_shared_chunked256_c4-p05/stdout.log,trials/trial-01-s4_shared_chunked256_c4-p05/stderr.log,trials/trial-01-s4_shared_chunked256_c4-p05/summary.csv,trials/trial-01-s4_shared_chunked256_c4-p05/shards.csv,trials/trial-01-s4_shared_chunked256_c4-p05/stages.csv,trials/trial-01-s4_shared_chunked256_c4-p05/raw_stage_samples.csv,trials/trial-01-s4_shared_chunked256_c4-p05/request_samples.csv,trials/trial-01-s4_shared_chunked256_c4-p05/background.csv,trials/trial-01-s4_shared_chunked256_c4-p05/index_batches.csv,trials/trial-01-s4_shared_chunked256_c4-p05/index_groups.csv
1,6,s4_shared_chunked256_c8,trial-01-s4_shared_chunked256_c8-p06,trials/trial-01-s4_shared_chunked256_c8-p06,exit_status=exit status: 0,trials/trial-01-s4_shared_chunked256_c8-p06/stdout.log,trials/trial-01-s4_shared_chunked256_c8-p06/stderr.log,trials/trial-01-s4_shared_chunked256_c8-p06/summary.csv,trials/trial-01-s4_shared_chunked256_c8-p06/shards.csv,trials/trial-01-s4_shared_chunked256_c8-p06/stages.csv,trials/trial-01-s4_shared_chunked256_c8-p06/raw_stage_samples.csv,trials/trial-01-s4_shared_chunked256_c8-p06/request_samples.csv,trials/trial-01-s4_shared_chunked256_c8-p06/background.csv,trials/trial-01-s4_shared_chunked256_c8-p06/index_batches.csv,trials/trial-01-s4_shared_chunked256_c8-p06/index_groups.csv
1,7,s4_dedicated_chunked256_c4,trial-01-s4_dedicated_chunked256_c4-p07,trials/trial-01-s4_dedicated_chunked256_c4-p07,exit_status=exit status: 0,trials/trial-01-s4_dedicated_chunked256_c4-p07/stdout.log,trials/trial-01-s4_dedicated_chunked256_c4-p07/stderr.log,trials/trial-01-s4_dedicated_chunked256_c4-p07/summary.csv,trials/trial-01-s4_dedicated_chunked256_c4-p07/shards.csv,trials/trial-01-s4_dedicated_chunked256_c4-p07/stages.csv,trials/trial-01-s4_dedicated_chunked256_c4-p07/raw_stage_samples.csv,trials/trial-01-s4_dedicated_chunked256_c4-p07/request_samples.csv,trials/trial-01-s4_dedicated_chunked256_c4-p07/background.csv,trials/trial-01-s4_dedicated_chunked256_c4-p07/index_batches.csv,trials/trial-01-s4_dedicated_chunked256_c4-p07/index_groups.csv
1,8,s4_dedicated_chunked256_c8,trial-01-s4_dedicated_chunked256_c8-p08,trials/trial-01-s4_dedicated_chunked256_c8-p08,exit_status=exit status: 0,trials/trial-01-s4_dedicated_chunked256_c8-p08/stdout.log,trials/trial-01-s4_dedicated_chunked256_c8-p08/stderr.log,trials/trial-01-s4_dedicated_chunked256_c8-p08/summary.csv,trials/trial-01-s4_dedicated_chunked256_c8-p08/shards.csv,trials/trial-01-s4_dedicated_chunked256_c8-p08/stages.csv,trials/trial-01-s4_dedicated_chunked256_c8-p08/raw_stage_samples.csv,trials/trial-01-s4_dedicated_chunked256_c8-p08/request_samples.csv,trials/trial-01-s4_dedicated_chunked256_c8-p08/background.csv,trials/trial-01-s4_dedicated_chunked256_c8-p08/index_batches.csv,trials/trial-01-s4_dedicated_chunked256_c8-p08/index_groups.csv
2,1,s2_dedicated_chunked256_c8,trial-02-s2_dedicated_chunked256_c8-p01,trials/trial-02-s2_dedicated_chunked256_c8-p01,exit_status=exit status: 0,trials/trial-02-s2_dedicated_chunked256_c8-p01/stdout.log,trials/trial-02-s2_dedicated_chunked256_c8-p01/stderr.log,trials/trial-02-s2_dedicated_chunked256_c8-p01/summary.csv,trials/trial-02-s2_dedicated_chunked256_c8-p01/shards.csv,trials/trial-02-s2_dedicated_chunked256_c8-p01/stages.csv,trials/trial-02-s2_dedicated_chunked256_c8-p01/raw_stage_samples.csv,trials/trial-02-s2_dedicated_chunked256_c8-p01/request_samples.csv,trials/trial-02-s2_dedicated_chunked256_c8-p01/background.csv,trials/trial-02-s2_dedicated_chunked256_c8-p01/index_batches.csv,trials/trial-02-s2_dedicated_chunked256_c8-p01/index_groups.csv
2,2,s4_shared_chunked256_c4,trial-02-s4_shared_chunked256_c4-p02,trials/trial-02-s4_shared_chunked256_c4-p02,exit_status=exit status: 0,trials/trial-02-s4_shared_chunked256_c4-p02/stdout.log,trials/trial-02-s4_shared_chunked256_c4-p02/stderr.log,trials/trial-02-s4_shared_chunked256_c4-p02/summary.csv,trials/trial-02-s4_shared_chunked256_c4-p02/shards.csv,trials/trial-02-s4_shared_chunked256_c4-p02/stages.csv,trials/trial-02-s4_shared_chunked256_c4-p02/raw_stage_samples.csv,trials/trial-02-s4_shared_chunked256_c4-p02/request_samples.csv,trials/trial-02-s4_shared_chunked256_c4-p02/background.csv,trials/trial-02-s4_shared_chunked256_c4-p02/index_batches.csv,trials/trial-02-s4_shared_chunked256_c4-p02/index_groups.csv
2,3,s4_shared_chunked256_c8,trial-02-s4_shared_chunked256_c8-p03,trials/trial-02-s4_shared_chunked256_c8-p03,exit_status=exit status: 0,trials/trial-02-s4_shared_chunked256_c8-p03/stdout.log,trials/trial-02-s4_shared_chunked256_c8-p03/stderr.log,trials/trial-02-s4_shared_chunked256_c8-p03/summary.csv,trials/trial-02-s4_shared_chunked256_c8-p03/shards.csv,trials/trial-02-s4_shared_chunked256_c8-p03/stages.csv,trials/trial-02-s4_shared_chunked256_c8-p03/raw_stage_samples.csv,trials/trial-02-s4_shared_chunked256_c8-p03/request_samples.csv,trials/trial-02-s4_shared_chunked256_c8-p03/background.csv,trials/trial-02-s4_shared_chunked256_c8-p03/index_batches.csv,trials/trial-02-s4_shared_chunked256_c8-p03/index_groups.csv
2,4,s4_dedicated_chunked256_c4,trial-02-s4_dedicated_chunked256_c4-p04,trials/trial-02-s4_dedicated_chunked256_c4-p04,exit_status=exit status: 0,trials/trial-02-s4_dedicated_chunked256_c4-p04/stdout.log,trials/trial-02-s4_dedicated_chunked256_c4-p04/stderr.log,trials/trial-02-s4_dedicated_chunked256_c4-p04/summary.csv,trials/trial-02-s4_dedicated_chunked256_c4-p04/shards.csv,trials/trial-02-s4_dedicated_chunked256_c4-p04/stages.csv,trials/trial-02-s4_dedicated_chunked256_c4-p04/raw_stage_samples.csv,trials/trial-02-s4_dedicated_chunked256_c4-p04/request_samples.csv,trials/trial-02-s4_dedicated_chunked256_c4-p04/background.csv,trials/trial-02-s4_dedicated_chunked256_c4-p04/index_batches.csv,trials/trial-02-s4_dedicated_chunked256_c4-p04/index_groups.csv
2,5,s4_dedicated_chunked256_c8,trial-02-s4_dedicated_chunked256_c8-p05,trials/trial-02-s4_dedicated_chunked256_c8-p05,exit_status=exit status: 0,trials/trial-02-s4_dedicated_chunked256_c8-p05/stdout.log,trials/trial-02-s4_dedicated_chunked256_c8-p05/stderr.log,trials/trial-02-s4_dedicated_chunked256_c8-p05/summary.csv,trials/trial-02-s4_dedicated_chunked256_c8-p05/shards.csv,trials/trial-02-s4_dedicated_chunked256_c8-p05/stages.csv,trials/trial-02-s4_dedicated_chunked256_c8-p05/raw_stage_samples.csv,trials/trial-02-s4_dedicated_chunked256_c8-p05/request_samples.csv,trials/trial-02-s4_dedicated_chunked256_c8-p05/background.csv,trials/trial-02-s4_dedicated_chunked256_c8-p05/index_batches.csv,trials/trial-02-s4_dedicated_chunked256_c8-p05/index_groups.csv
2,6,s2_shared_chunked256_c4,trial-02-s2_shared_chunked256_c4-p06,trials/trial-02-s2_shared_chunked256_c4-p06,exit_status=exit status: 0,trials/trial-02-s2_shared_chunked256_c4-p06/stdout.log,trials/trial-02-s2_shared_chunked256_c4-p06/stderr.log,trials/trial-02-s2_shared_chunked256_c4-p06/summary.csv,trials/trial-02-s2_shared_chunked256_c4-p06/shards.csv,trials/trial-02-s2_shared_chunked256_c4-p06/stages.csv,trials/trial-02-s2_shared_chunked256_c4-p06/raw_stage_samples.csv,trials/trial-02-s2_shared_chunked256_c4-p06/request_samples.csv,trials/trial-02-s2_shared_chunked256_c4-p06/background.csv,trials/trial-02-s2_shared_chunked256_c4-p06/index_batches.csv,trials/trial-02-s2_shared_chunked256_c4-p06/index_groups.csv
2,7,s2_shared_chunked256_c8,trial-02-s2_shared_chunked256_c8-p07,trials/trial-02-s2_shared_chunked256_c8-p07,exit_status=exit status: 0,trials/trial-02-s2_shared_chunked256_c8-p07/stdout.log,trials/trial-02-s2_shared_chunked256_c8-p07/stderr.log,trials/trial-02-s2_shared_chunked256_c8-p07/summary.csv,trials/trial-02-s2_shared_chunked256_c8-p07/shards.csv,trials/trial-02-s2_shared_chunked256_c8-p07/stages.csv,trials/trial-02-s2_shared_chunked256_c8-p07/raw_stage_samples.csv,trials/trial-02-s2_shared_chunked256_c8-p07/request_samples.csv,trials/trial-02-s2_shared_chunked256_c8-p07/background.csv,trials/trial-02-s2_shared_chunked256_c8-p07/index_batches.csv,trials/trial-02-s2_shared_chunked256_c8-p07/index_groups.csv
2,8,s2_dedicated_chunked256_c4,trial-02-s2_dedicated_chunked256_c4-p08,trials/trial-02-s2_dedicated_chunked256_c4-p08,exit_status=exit status: 0,trials/trial-02-s2_dedicated_chunked256_c4-p08/stdout.log,trials/trial-02-s2_dedicated_chunked256_c4-p08/stderr.log,trials/trial-02-s2_dedicated_chunked256_c4-p08/summary.csv,trials/trial-02-s2_dedicated_chunked256_c4-p08/shards.csv,trials/trial-02-s2_dedicated_chunked256_c4-p08/stages.csv,trials/trial-02-s2_dedicated_chunked256_c4-p08/raw_stage_samples.csv,trials/trial-02-s2_dedicated_chunked256_c4-p08/request_samples.csv,trials/trial-02-s2_dedicated_chunked256_c4-p08/background.csv,trials/trial-02-s2_dedicated_chunked256_c4-p08/index_batches.csv,trials/trial-02-s2_dedicated_chunked256_c4-p08/index_groups.csv
3,1,s4_dedicated_chunked256_c4,trial-03-s4_dedicated_chunked256_c4-p01,trials/trial-03-s4_dedicated_chunked256_c4-p01,exit_status=exit status: 0,trials/trial-03-s4_dedicated_chunked256_c4-p01/stdout.log,trials/trial-03-s4_dedicated_chunked256_c4-p01/stderr.log,trials/trial-03-s4_dedicated_chunked256_c4-p01/summary.csv,trials/trial-03-s4_dedicated_chunked256_c4-p01/shards.csv,trials/trial-03-s4_dedicated_chunked256_c4-p01/stages.csv,trials/trial-03-s4_dedicated_chunked256_c4-p01/raw_stage_samples.csv,trials/trial-03-s4_dedicated_chunked256_c4-p01/request_samples.csv,trials/trial-03-s4_dedicated_chunked256_c4-p01/background.csv,trials/trial-03-s4_dedicated_chunked256_c4-p01/index_batches.csv,trials/trial-03-s4_dedicated_chunked256_c4-p01/index_groups.csv
3,2,s4_dedicated_chunked256_c8,trial-03-s4_dedicated_chunked256_c8-p02,trials/trial-03-s4_dedicated_chunked256_c8-p02,exit_status=exit status: 0,trials/trial-03-s4_dedicated_chunked256_c8-p02/stdout.log,trials/trial-03-s4_dedicated_chunked256_c8-p02/stderr.log,trials/trial-03-s4_dedicated_chunked256_c8-p02/summary.csv,trials/trial-03-s4_dedicated_chunked256_c8-p02/shards.csv,trials/trial-03-s4_dedicated_chunked256_c8-p02/stages.csv,trials/trial-03-s4_dedicated_chunked256_c8-p02/raw_stage_samples.csv,trials/trial-03-s4_dedicated_chunked256_c8-p02/request_samples.csv,trials/trial-03-s4_dedicated_chunked256_c8-p02/background.csv,trials/trial-03-s4_dedicated_chunked256_c8-p02/index_batches.csv,trials/trial-03-s4_dedicated_chunked256_c8-p02/index_groups.csv
3,3,s2_shared_chunked256_c4,trial-03-s2_shared_chunked256_c4-p03,trials/trial-03-s2_shared_chunked256_c4-p03,exit_status=exit status: 0,trials/trial-03-s2_shared_chunked256_c4-p03/stdout.log,trials/trial-03-s2_shared_chunked256_c4-p03/stderr.log,trials/trial-03-s2_shared_chunked256_c4-p03/summary.csv,trials/trial-03-s2_shared_chunked256_c4-p03/shards.csv,trials/trial-03-s2_shared_chunked256_c4-p03/stages.csv,trials/trial-03-s2_shared_chunked256_c4-p03/raw_stage_samples.csv,trials/trial-03-s2_shared_chunked256_c4-p03/request_samples.csv,trials/trial-03-s2_shared_chunked256_c4-p03/background.csv,trials/trial-03-s2_shared_chunked256_c4-p03/index_batches.csv,trials/trial-03-s2_shared_chunked256_c4-p03/index_groups.csv
3,4,s2_shared_chunked256_c8,trial-03-s2_shared_chunked256_c8-p04,trials/trial-03-s2_shared_chunked256_c8-p04,exit_status=exit status: 0,trials/trial-03-s2_shared_chunked256_c8-p04/stdout.log,trials/trial-03-s2_shared_chunked256_c8-p04/stderr.log,trials/trial-03-s2_shared_chunked256_c8-p04/summary.csv,trials/trial-03-s2_shared_chunked256_c8-p04/shards.csv,trials/trial-03-s2_shared_chunked256_c8-p04/stages.csv,trials/trial-03-s2_shared_chunked256_c8-p04/raw_stage_samples.csv,trials/trial-03-s2_shared_chunked256_c8-p04/request_samples.csv,trials/trial-03-s2_shared_chunked256_c8-p04/background.csv,trials/trial-03-s2_shared_chunked256_c8-p04/index_batches.csv,trials/trial-03-s2_shared_chunked256_c8-p04/index_groups.csv
3,5,s2_dedicated_chunked256_c4,trial-03-s2_dedicated_chunked256_c4-p05,trials/trial-03-s2_dedicated_chunked256_c4-p05,exit_status=exit status: 0,trials/trial-03-s2_dedicated_chunked256_c4-p05/stdout.log,trials/trial-03-s2_dedicated_chunked256_c4-p05/stderr.log,trials/trial-03-s2_dedicated_chunked256_c4-p05/summary.csv,trials/trial-03-s2_dedicated_chunked256_c4-p05/shards.csv,trials/trial-03-s2_dedicated_chunked256_c4-p05/stages.csv,trials/trial-03-s2_dedicated_chunked256_c4-p05/raw_stage_samples.csv,trials/trial-03-s2_dedicated_chunked256_c4-p05/request_samples.csv,trials/trial-03-s2_dedicated_chunked256_c4-p05/background.csv,trials/trial-03-s2_dedicated_chunked256_c4-p05/index_batches.csv,trials/trial-03-s2_dedicated_chunked256_c4-p05/index_groups.csv
3,6,s2_dedicated_chunked256_c8,trial-03-s2_dedicated_chunked256_c8-p06,trials/trial-03-s2_dedicated_chunked256_c8-p06,exit_status=exit status: 0,trials/trial-03-s2_dedicated_chunked256_c8-p06/stdout.log,trials/trial-03-s2_dedicated_chunked256_c8-p06/stderr.log,trials/trial-03-s2_dedicated_chunked256_c8-p06/summary.csv,trials/trial-03-s2_dedicated_chunked256_c8-p06/shards.csv,trials/trial-03-s2_dedicated_chunked256_c8-p06/stages.csv,trials/trial-03-s2_dedicated_chunked256_c8-p06/raw_stage_samples.csv,trials/trial-03-s2_dedicated_chunked256_c8-p06/request_samples.csv,trials/trial-03-s2_dedicated_chunked256_c8-p06/background.csv,trials/trial-03-s2_dedicated_chunked256_c8-p06/index_batches.csv,trials/trial-03-s2_dedicated_chunked256_c8-p06/index_groups.csv
3,7,s4_shared_chunked256_c4,trial-03-s4_shared_chunked256_c4-p07,trials/trial-03-s4_shared_chunked256_c4-p07,exit_status=exit status: 0,trials/trial-03-s4_shared_chunked256_c4-p07/stdout.log,trials/trial-03-s4_shared_chunked256_c4-p07/stderr.log,trials/trial-03-s4_shared_chunked256_c4-p07/summary.csv,trials/trial-03-s4_shared_chunked256_c4-p07/shards.csv,trials/trial-03-s4_shared_chunked256_c4-p07/stages.csv,trials/trial-03-s4_shared_chunked256_c4-p07/raw_stage_samples.csv,trials/trial-03-s4_shared_chunked256_c4-p07/request_samples.csv,trials/trial-03-s4_shared_chunked256_c4-p07/background.csv,trials/trial-03-s4_shared_chunked256_c4-p07/index_batches.csv,trials/trial-03-s4_shared_chunked256_c4-p07/index_groups.csv
3,8,s4_shared_chunked256_c8,trial-03-s4_shared_chunked256_c8-p08,trials/trial-03-s4_shared_chunked256_c8-p08,exit_status=exit status: 0,trials/trial-03-s4_shared_chunked256_c8-p08/stdout.log,trials/trial-03-s4_shared_chunked256_c8-p08/stderr.log,trials/trial-03-s4_shared_chunked256_c8-p08/summary.csv,trials/trial-03-s4_shared_chunked256_c8-p08/shards.csv,trials/trial-03-s4_shared_chunked256_c8-p08/stages.csv,trials/trial-03-s4_shared_chunked256_c8-p08/raw_stage_samples.csv,trials/trial-03-s4_shared_chunked256_c8-p08/request_samples.csv,trials/trial-03-s4_shared_chunked256_c8-p08/background.csv,trials/trial-03-s4_shared_chunked256_c8-p08/index_batches.csv,trials/trial-03-s4_shared_chunked256_c8-p08/index_groups.csv
