case,shards,layout,shard_id,accounts,transactions,wall_s,transactions_per_second,sequence,checkpoints,handler_p50_ns,handler_p95_ns,handler_p99_ns,handler_samples
s1-one-db-control,1,shared-db,0,50000,10000000,137.452648919,72752.326554965,10000000,100,55519791,86777236,99173384,9646
s2-shared-db,2,shared-db,0,25000,5000000,85.055442246,58785.186085316,5000000,50,59557435,103725773,316709625,4779
s2-shared-db,2,shared-db,1,25000,5000000,85.242449393,58656.221584484,5000000,50,60405055,109066957,319851084,4867
s2-dedicated-dbs,2,dedicated-dbs,0,25000,5000000,65.162495622,76731.253956331,5000000,50,49263748,81264978,164399288,4779
s2-dedicated-dbs,2,dedicated-dbs,1,25000,5000000,65.105732293,76798.153156440,5000000,50,49694985,81254269,181247372,4867
s4-shared-db,4,shared-db,0,12500,2500000,50.632837400,49375.072154262,2500000,25,74655862,115486091,224513335,2451
s4-shared-db,4,shared-db,1,12500,2500000,50.430099304,49573.568850809,2500000,25,72849575,114831113,404018754,2428
s4-shared-db,4,shared-db,2,12500,2500000,50.995727118,49023.715148040,2500000,25,72739648,119173143,212588649,2328
s4-shared-db,4,shared-db,3,12500,2500000,51.013974260,49006.179900009,2500000,25,71996204,121709238,217757430,2439
s4-dedicated-dbs,4,dedicated-dbs,0,12500,2500000,36.860211574,67823.810370188,2500000,25,54961483,85178254,212515848,2451
s4-dedicated-dbs,4,dedicated-dbs,1,12500,2500000,36.993853877,67578.793177704,2500000,25,56174286,85732222,309652592,2428
s4-dedicated-dbs,4,dedicated-dbs,2,12500,2500000,37.223114879,67162.568423590,2500000,25,55609889,90087447,218352170,2328
s4-dedicated-dbs,4,dedicated-dbs,3,12500,2500000,38.721117790,64564.251826574,2500000,25,56353933,89777787,203715330,2439
