trial_name,case,scope,shard_id,metric,sample_count,mean_ns,p50_ns,p95_ns,p99_ns
trial-01-s2_dedicated_chunked256_c8-p04,s2_dedicated_chunked256_c8,global,NA,request.total,155808,402672034.533656836,320245547,652618362,743979169
trial-01-s2_dedicated_chunked256_c8-p04,s2_dedicated_chunked256_c8,shard,0,request.total,77971,403382718.537699938,320695504,651062453,751714696
trial-01-s2_dedicated_chunked256_c8-p04,s2_dedicated_chunked256_c8,shard,1,request.total,77837,401960127.054190159,320019065,655289306,742995735
trial-01-s2_dedicated_chunked256_c8-p04,s2_dedicated_chunked256_c8,global,NA,request.admission,155808,957.601278497,571,2034,8646
trial-01-s2_dedicated_chunked256_c8-p04,s2_dedicated_chunked256_c8,shard,0,request.admission,77971,1004.655756627,581,2084,8846
trial-01-s2_dedicated_chunked256_c8-p04,s2_dedicated_chunked256_c8,shard,1,request.admission,77837,910.465793903,571,1974,8446
trial-01-s2_dedicated_chunked256_c8-p04,s2_dedicated_chunked256_c8,global,NA,request.enqueue,155808,108.785498819,81,211,351
trial-01-s2_dedicated_chunked256_c8-p04,s2_dedicated_chunked256_c8,shard,0,request.enqueue,77971,109.418732606,90,211,351
trial-01-s2_dedicated_chunked256_c8-p04,s2_dedicated_chunked256_c8,shard,1,request.enqueue,77837,108.151174891,81,211,351
trial-01-s2_dedicated_chunked256_c8-p04,s2_dedicated_chunked256_c8,global,NA,request.queue,155808,370329076.549317122,294464873,616659863,702367665
trial-01-s2_dedicated_chunked256_c8-p04,s2_dedicated_chunked256_c8,shard,0,request.queue,77971,371092308.887432516,294822067,615359544,706444733
trial-01-s2_dedicated_chunked256_c8-p04,s2_dedicated_chunked256_c8,shard,1,request.queue,77837,369564530.271387637,294043098,619560134,697455792
trial-01-s2_dedicated_chunked256_c8-p04,s2_dedicated_chunked256_c8,global,NA,request.batch,155808,468016.457466882,176291,1660856,2556205
trial-01-s2_dedicated_chunked256_c8-p04,s2_dedicated_chunked256_c8,shard,0,request.batch,77971,477160.201523643,177723,1696012,2592453
trial-01-s2_dedicated_chunked256_c8-p04,s2_dedicated_chunked256_c8,shard,1,request.batch,77837,458856.972031296,174778,1627051,2505890
trial-01-s2_dedicated_chunked256_c8-p04,s2_dedicated_chunked256_c8,global,NA,request.handler,155808,30868796.193520229,23321365,35129072,292343377
trial-01-s2_dedicated_chunked256_c8-p04,s2_dedicated_chunked256_c8,shard,0,request.handler,77971,30796974.572315346,23336664,35110107,290456348
trial-01-s2_dedicated_chunked256_c8-p04,s2_dedicated_chunked256_c8,shard,1,request.handler,77837,30940741.458971955,23319482,35155222,295829957
trial-01-s2_dedicated_chunked256_c8-p04,s2_dedicated_chunked256_c8,global,NA,request.response,155808,1005034.256309047,923272,2128873,2888118
trial-01-s2_dedicated_chunked256_c8-p04,s2_dedicated_chunked256_c8,shard,0,request.response,77971,1015116.404419592,933642,2147749,2884581
trial-01-s2_dedicated_chunked256_c8-p04,s2_dedicated_chunked256_c8,shard,1,request.response,77837,994934.751313643,913103,2104587,2889409
trial-01-s2_dedicated_chunked256_c8-p04,s2_dedicated_chunked256_c8,global,NA,index.dispatch_wait,4884,2126.664823915,1943,3427,4569
trial-01-s2_dedicated_chunked256_c8-p04,s2_dedicated_chunked256_c8,shard,0,index.dispatch_wait,2442,2155.984029484,1954,3436,4679
trial-01-s2_dedicated_chunked256_c8-p04,s2_dedicated_chunked256_c8,shard,1,index.dispatch_wait,2442,2097.345618346,1914,3426,4458
trial-01-s2_dedicated_chunked256_c8-p04,s2_dedicated_chunked256_c8,global,NA,index.batch_gate_wait,4884,9798898.388411138,6233011,11859004,38746369
trial-01-s2_dedicated_chunked256_c8-p04,s2_dedicated_chunked256_c8,shard,0,index.batch_gate_wait,2442,9758239.756347256,6212422,11859004,36423302
trial-01-s2_dedicated_chunked256_c8-p04,s2_dedicated_chunked256_c8,shard,1,index.batch_gate_wait,2442,9839557.020475021,6252949,11849506,45246842
trial-01-s2_dedicated_chunked256_c8-p04,s2_dedicated_chunked256_c8,global,NA,index.key_prep,4884,118885.791359541,99467,222818,290325
trial-01-s2_dedicated_chunked256_c8-p04,s2_dedicated_chunked256_c8,shard,0,index.key_prep,2442,118580.522113022,98906,223399,290425
trial-01-s2_dedicated_chunked256_c8-p04,s2_dedicated_chunked256_c8,shard,1,index.key_prep,2442,119191.060606061,99948,222167,288732
trial-01-s2_dedicated_chunked256_c8-p04,s2_dedicated_chunked256_c8,global,NA,index.query_wall,4884,5340741.347256348,5083555,9534113,11823217
trial-01-s2_dedicated_chunked256_c8-p04,s2_dedicated_chunked256_c8,shard,0,index.query_wall,2442,5333154.532760032,5064119,9460936,11457681
trial-01-s2_dedicated_chunked256_c8-p04,s2_dedicated_chunked256_c8,shard,1,index.query_wall,2442,5348328.161752662,5104996,9599426,11906052
trial-01-s2_dedicated_chunked256_c8-p04,s2_dedicated_chunked256_c8,global,NA,index.blocking_pool_wait,4884,327614.178746929,109086,1429321,3586008
trial-01-s2_dedicated_chunked256_c8-p04,s2_dedicated_chunked256_c8,shard,0,index.blocking_pool_wait,2442,339632.228501228,109333,1623527,3464158
trial-01-s2_dedicated_chunked256_c8-p04,s2_dedicated_chunked256_c8,shard,1,index.blocking_pool_wait,2442,315596.128992629,108834,1345666,3889965
trial-01-s2_dedicated_chunked256_c8-p04,s2_dedicated_chunked256_c8,global,NA,index.native_get,4884,33847059.458640456,33294032,57580965,69558202
trial-01-s2_dedicated_chunked256_c8-p04,s2_dedicated_chunked256_c8,shard,0,index.native_get,2442,33780480.684275188,33184586,57623928,68084529
trial-01-s2_dedicated_chunked256_c8-p04,s2_dedicated_chunked256_c8,shard,1,index.native_get,2442,33913638.233005732,33375733,57579984,70803649
trial-01-s2_dedicated_chunked256_c8-p04,s2_dedicated_chunked256_c8,global,NA,index.decode,4884,0.000000000,0,0,0
trial-01-s2_dedicated_chunked256_c8-p04,s2_dedicated_chunked256_c8,shard,0,index.decode,2442,0.000000000,0,0,0
trial-01-s2_dedicated_chunked256_c8-p04,s2_dedicated_chunked256_c8,shard,1,index.decode,2442,0.000000000,0,0,0
trial-01-s2_dedicated_chunked256_c8-p04,s2_dedicated_chunked256_c8,global,NA,index.submit_to_collection,4884,35177752.057534806,34433729,60046580,72825418
trial-01-s2_dedicated_chunked256_c8-p04,s2_dedicated_chunked256_c8,shard,0,index.submit_to_collection,2442,35114570.997952498,34284488,60120339,71676225
trial-01-s2_dedicated_chunked256_c8-p04,s2_dedicated_chunked256_c8,shard,1,index.submit_to_collection,2442,35240933.117117114,34602847,59710692,73802513
trial-01-s2_dedicated_chunked256_c8-p04,s2_dedicated_chunked256_c8,global,NA,index.apply_submit_to_collection,4884,15057029.524979524,11083891,14313368,119655658
trial-01-s2_dedicated_chunked256_c8-p04,s2_dedicated_chunked256_c8,shard,0,index.apply_submit_to_collection,2442,15071600.331285831,11114488,14248596,141465025
trial-01-s2_dedicated_chunked256_c8-p04,s2_dedicated_chunked256_c8,shard,1,index.apply_submit_to_collection,2442,15042458.718673218,11049947,14394059,94548831
trial-01-s2_dedicated_chunked256_c8-p04,s2_dedicated_chunked256_c8,global,NA,index.apply_blocking_pool_wait,4884,17882.105651106,13125,21009,84078
trial-01-s2_dedicated_chunked256_c8-p04,s2_dedicated_chunked256_c8,shard,0,index.apply_blocking_pool_wait,2442,16756.385749386,13155,20658,60824
trial-01-s2_dedicated_chunked256_c8-p04,s2_dedicated_chunked256_c8,shard,1,index.apply_blocking_pool_wait,2442,19007.825552826,13114,21621,89468
trial-01-s2_dedicated_chunked256_c8-p04,s2_dedicated_chunked256_c8,global,NA,index.sequential_apply_build,4884,1182280.030712531,1129479,1601534,1837737
trial-01-s2_dedicated_chunked256_c8-p04,s2_dedicated_chunked256_c8,shard,0,index.sequential_apply_build,2442,1192889.917690418,1136642,1622213,1873915
trial-01-s2_dedicated_chunked256_c8-p04,s2_dedicated_chunked256_c8,shard,1,index.sequential_apply_build,2442,1171670.143734644,1120512,1567150,1813993
trial-01-s2_dedicated_chunked256_c8-p04,s2_dedicated_chunked256_c8,global,NA,index.sync_write_batch,4884,13680352.121416871,9728308,12741680,118411483
trial-01-s2_dedicated_chunked256_c8-p04,s2_dedicated_chunked256_c8,shard,0,index.sync_write_batch,2442,13688296.012285013,9751121,12782757,140276685
trial-01-s2_dedicated_chunked256_c8-p04,s2_dedicated_chunked256_c8,shard,1,index.sync_write_batch,2442,13672408.230548730,9689595,12721822,92913102
trial-01-s2_dedicated_chunked256_c8-p04,s2_dedicated_chunked256_c8,global,NA,index.memory_publish,4884,232189.555282555,218631,296055,345839
trial-01-s2_dedicated_chunked256_c8-p04,s2_dedicated_chunked256_c8,shard,0,index.memory_publish,2442,232329.042178542,218270,297067,349886
trial-01-s2_dedicated_chunked256_c8-p04,s2_dedicated_chunked256_c8,shard,1,index.memory_publish,2442,232050.068386568,219020,294833,338295
trial-01-s2_dedicated_chunked256_c8-p04,s2_dedicated_chunked256_c8,global,NA,index.group_blocking_pool_wait,39064,40960.158944297,13275,84679,774674
trial-01-s2_dedicated_chunked256_c8-p04,s2_dedicated_chunked256_c8,shard,0,index.group_blocking_pool_wait,19532,42462.722813844,13315,99797,812114
trial-01-s2_dedicated_chunked256_c8-p04,s2_dedicated_chunked256_c8,shard,1,index.group_blocking_pool_wait,19532,39457.595074749,13235,76554,741741
trial-01-s2_dedicated_chunked256_c8-p04,s2_dedicated_chunked256_c8,global,NA,index.group_native_get,39064,4231748.883780463,4120369,7324108,9420300
trial-01-s2_dedicated_chunked256_c8-p04,s2_dedicated_chunked256_c8,shard,0,index.group_native_get,19532,4223424.832633627,4102235,7346269,9325613
trial-01-s2_dedicated_chunked256_c8-p04,s2_dedicated_chunked256_c8,shard,1,index.group_native_get,19532,4240072.934927299,4138352,7310603,9509457
trial-01-s2_dedicated_chunked256_c8-p04,s2_dedicated_chunked256_c8,global,NA,index.group_decode,39064,0.000000000,0,0,0
trial-01-s2_dedicated_chunked256_c8-p04,s2_dedicated_chunked256_c8,shard,0,index.group_decode,19532,0.000000000,0,0,0
trial-01-s2_dedicated_chunked256_c8-p04,s2_dedicated_chunked256_c8,shard,1,index.group_decode,19532,0.000000000,0,0,0
trial-01-s2_dedicated_chunked256_c8-p04,s2_dedicated_chunked256_c8,global,NA,index.group_submit_to_collection,39064,4398119.523064714,4265952,7632487,9744528
trial-01-s2_dedicated_chunked256_c8-p04,s2_dedicated_chunked256_c8,shard,0,index.group_submit_to_collection,19532,4390220.273243908,4255542,7662332,9626066
trial-01-s2_dedicated_chunked256_c8-p04,s2_dedicated_chunked256_c8,shard,1,index.group_submit_to_collection,19532,4406018.772885521,4279798,7593804,9919837
trial-01-s2_dedicated_chunked256_c8-p04,s2_dedicated_chunked256_c8,global,NA,projection.read,25892,1288674.497682682,1229506,2143069,2653748
trial-01-s2_dedicated_chunked256_c8-p04,s2_dedicated_chunked256_c8,shard,0,projection.read,12947,1281377.033598517,1219888,2139002,2621337
trial-01-s2_dedicated_chunked256_c8-p04,s2_dedicated_chunked256_c8,shard,1,projection.read,12945,1295973.089223638,1238233,2146446,2690115
trial-01-s2_dedicated_chunked256_c8-p04,s2_dedicated_chunked256_c8,global,NA,projection.apply,25892,193725.508380967,177824,318047,449603
trial-01-s2_dedicated_chunked256_c8-p04,s2_dedicated_chunked256_c8,shard,0,projection.apply,12947,194197.121031899,177623,319540,450555
trial-01-s2_dedicated_chunked256_c8-p04,s2_dedicated_chunked256_c8,shard,1,projection.apply,12945,193253.822865971,177954,316092,447670
trial-01-s2_dedicated_chunked256_c8-p04,s2_dedicated_chunked256_c8,global,NA,projection.progress_sync,25892,4582012.144330295,1463856,11231337,17317214
trial-01-s2_dedicated_chunked256_c8-p04,s2_dedicated_chunked256_c8,shard,0,projection.progress_sync,12947,4603165.715300842,1452765,11345080,17184875
trial-01-s2_dedicated_chunked256_c8-p04,s2_dedicated_chunked256_c8,shard,1,projection.progress_sync,12945,4560855.305137118,1473063,11128073,17551040
trial-01-s2_dedicated_chunked256_c8-p04,s2_dedicated_chunked256_c8,global,NA,projection.total,25892,6198104.750270354,3248774,12732613,19033592
trial-01-s2_dedicated_chunked256_c8-p04,s2_dedicated_chunked256_c8,shard,0,projection.total,12947,6214580.359851703,3236652,12822612,18997415
trial-01-s2_dedicated_chunked256_c8-p04,s2_dedicated_chunked256_c8,shard,1,projection.total,12945,6181626.595210506,3257530,12636723,19086011
trial-01-s2_dedicated_chunked256_c8-p04,s2_dedicated_chunked256_c8,global,NA,watermark.fence_wait,17,1396718350.882352829,1423,11824446459,11824446459
trial-01-s2_dedicated_chunked256_c8-p04,s2_dedicated_chunked256_c8,shard,0,watermark.fence_wait,8,1478062252.125000000,1142,11824446459,11824446459
trial-01-s2_dedicated_chunked256_c8-p04,s2_dedicated_chunked256_c8,shard,1,watermark.fence_wait,9,1324412660.888888836,1523,11737508967,11737508967
trial-01-s2_dedicated_chunked256_c8-p04,s2_dedicated_chunked256_c8,global,NA,watermark.projection_wait,17,7254873924.588234901,2782198351,25201755238,25201755238
trial-01-s2_dedicated_chunked256_c8-p04,s2_dedicated_chunked256_c8,shard,0,watermark.projection_wait,8,7627924365.000000000,2565979132,24737548753,24737548753
trial-01-s2_dedicated_chunked256_c8-p04,s2_dedicated_chunked256_c8,shard,1,watermark.projection_wait,9,6923273533.111110687,2782198351,25201755238,25201755238
trial-01-s2_dedicated_chunked256_c8-p04,s2_dedicated_chunked256_c8,global,NA,watermark.persist,17,103038699.235294119,7359224,548455963,548455963
trial-01-s2_dedicated_chunked256_c8-p04,s2_dedicated_chunked256_c8,shard,0,watermark.persist,8,73196124.875000000,3136243,542654290,542654290
trial-01-s2_dedicated_chunked256_c8-p04,s2_dedicated_chunked256_c8,shard,1,watermark.persist,9,129565432.000000000,7359224,548455963,548455963
trial-01-s2_dedicated_chunked256_c8-p04,s2_dedicated_chunked256_c8,global,NA,watermark.total,17,8754632143.411764145,5811049979,25302768703,25302768703
trial-01-s2_dedicated_chunked256_c8-p04,s2_dedicated_chunked256_c8,shard,0,watermark.total,8,9179183833.750000000,5551119230,24750899896,24750899896
trial-01-s2_dedicated_chunked256_c8-p04,s2_dedicated_chunked256_c8,shard,1,watermark.total,9,8377252863.111110687,5811049979,25302768703,25302768703
trial-01-s2_dedicated_chunked256_c8-p04,s2_dedicated_chunked256_c8,global,NA,gc.scan,4903,5739516.849275953,5716342,9687276,11415278
trial-01-s2_dedicated_chunked256_c8-p04,s2_dedicated_chunked256_c8,shard,0,gc.scan,2451,5727953.377804978,5701098,9698534,11483768
trial-01-s2_dedicated_chunked256_c8-p04,s2_dedicated_chunked256_c8,shard,1,gc.scan,2452,5751075.604812398,5731919,9675231,11413525
trial-01-s2_dedicated_chunked256_c8-p04,s2_dedicated_chunked256_c8,global,NA,gc.delete_build,4903,51802.733632470,48965,76138,94368
trial-01-s2_dedicated_chunked256_c8-p04,s2_dedicated_chunked256_c8,shard,0,gc.delete_build,2451,52061.704202366,49011,78225,96873
trial-01-s2_dedicated_chunked256_c8-p04,s2_dedicated_chunked256_c8,shard,1,gc.delete_build,2452,51543.868678630,48957,74738,90111
trial-01-s2_dedicated_chunked256_c8-p04,s2_dedicated_chunked256_c8,global,NA,gc.sync_write,4903,5761004.551906995,1963453,4120449,33921359
trial-01-s2_dedicated_chunked256_c8-p04,s2_dedicated_chunked256_c8,shard,0,gc.sync_write,2451,5770274.770297837,1967421,4107155,32187887
trial-01-s2_dedicated_chunked256_c8-p04,s2_dedicated_chunked256_c8,shard,1,gc.sync_write,2452,5751738.114192496,1958895,4140847,40446508
trial-01-s2_dedicated_chunked256_c8-p04,s2_dedicated_chunked256_c8,global,NA,gc.total,4903,32306914.906995717,24922889,36345914,294494119
trial-01-s2_dedicated_chunked256_c8-p04,s2_dedicated_chunked256_c8,shard,0,gc.total,2451,32317213.356997143,24948528,36437207,294494119
trial-01-s2_dedicated_chunked256_c8-p04,s2_dedicated_chunked256_c8,shard,1,gc.total,2452,32296620.657014683,24862154,36146029,295334719
