trial_index,scenario,runtime_workers,repetition,stage,unit,sample_count,p50,p95,p99
1,queue_echo,3,1,request.total,ns,155809,18288040,24001998,25508070
1,queue_echo,3,1,request.enqueue,ns,155809,60,131,161
1,queue_echo,3,1,request.queue,ns,155809,17833038,23357560,24832644
1,queue_echo,3,1,request.batch,ns,155809,104966,381175,549480
1,queue_echo,3,1,request.handler,ns,155809,972,1152,1423
1,queue_echo,3,1,request.response,ns,155809,364133,637584,887493
2,foreground_persistence,3,1,request.total,ns,155808,1173622653,1777669317,2061058428
2,foreground_persistence,3,1,request.admission,ns,155808,331,811,1392
2,foreground_persistence,3,1,request.enqueue,ns,155808,60,140,230
2,foreground_persistence,3,1,request.queue,ns,155808,1125589111,1706495955,1984521032
2,foreground_persistence,3,1,request.batch,ns,155808,143459,836177,1371811
2,foreground_persistence,3,1,request.handler,ns,155808,45902295,71844136,79303382
2,foreground_persistence,3,1,request.response,ns,155808,763812,1321156,1906973
2,foreground_persistence,3,1,request.historical_lookup,ns,0,0,0,0
2,foreground_persistence,3,1,request.historical_hit_lookup,ns,0,0,0,0
2,foreground_persistence,3,1,request.historical_miss_lookup,ns,0,0,0,0
2,foreground_persistence,3,1,projection.read,ns,0,0,0,0
2,foreground_persistence,3,1,projection.apply,ns,0,0,0,0
2,foreground_persistence,3,1,projection.progress_sync,ns,0,0,0,0
2,foreground_persistence,3,1,projection.total,ns,0,0,0,0
2,foreground_persistence,3,1,gc.scan,ns,0,0,0,0
2,foreground_persistence,3,1,gc.delete_build,ns,0,0,0,0
2,foreground_persistence,3,1,gc.sync_write,ns,0,0,0,0
2,foreground_persistence,3,1,gc.total,ns,0,0,0,0
2,foreground_persistence,3,1,watermark.fence_wait,ns,0,0,0,0
2,foreground_persistence,3,1,watermark.projection_wait,ns,0,0,0,0
2,foreground_persistence,3,1,watermark.persist,ns,0,0,0,0
2,foreground_persistence,3,1,watermark.total,ns,0,0,0,0
2,foreground_persistence,3,1,checkpoint.total,ns,0,0,0,0
2,foreground_persistence,3,1,checkpoint.chunk_sync,ns,0,0,0,0
2,foreground_persistence,3,1,checkpoint.manifest_sync,ns,0,0,0,0
3,integrated_pipeline,3,1,request.total,ns,155808,1333134295,2095206308,2434177440
3,integrated_pipeline,3,1,request.admission,ns,155808,361,1173,1743
3,integrated_pipeline,3,1,request.enqueue,ns,155808,61,150,250
3,integrated_pipeline,3,1,request.queue,ns,155808,1277784186,2011758314,2337661816
3,integrated_pipeline,3,1,request.batch,ns,155808,168266,1436011,1914287
3,integrated_pipeline,3,1,request.handler,ns,155808,52330250,83473384,102468858
3,integrated_pipeline,3,1,request.response,ns,155808,940663,2023092,2418884
3,integrated_pipeline,3,1,request.historical_lookup,ns,0,0,0,0
3,integrated_pipeline,3,1,request.historical_hit_lookup,ns,0,0,0,0
3,integrated_pipeline,3,1,request.historical_miss_lookup,ns,0,0,0,0
3,integrated_pipeline,3,1,projection.read,ns,39056,292468,489487,610995
3,integrated_pipeline,3,1,projection.apply,ns,39056,142066,231294,387335
3,integrated_pipeline,3,1,projection.progress_sync,ns,39056,958737,2134050,4103922
3,integrated_pipeline,3,1,projection.total,ns,39056,1451691,2746668,4924711
3,integrated_pipeline,3,1,gc.scan,ns,4901,5804129,10179333,12230594
3,integrated_pipeline,3,1,gc.delete_build,ns,4901,52255,95270,195706
3,integrated_pipeline,3,1,gc.sync_write,ns,4901,1738208,2426438,3192063
3,integrated_pipeline,3,1,gc.total,ns,4901,53797810,84967404,103606690
3,integrated_pipeline,3,1,watermark.fence_wait,ns,322,777485720,1593363929,1847244077
3,integrated_pipeline,3,1,watermark.projection_wait,ns,322,12301256,16172703,745205385
3,integrated_pipeline,3,1,watermark.persist,ns,322,955391,1118076,2582501
3,integrated_pipeline,3,1,watermark.total,ns,322,806003169,1606595268,1902471537
3,integrated_pipeline,3,1,checkpoint.total,ns,0,0,0,0
3,integrated_pipeline,3,1,checkpoint.chunk_sync,ns,0,0,0,0
3,integrated_pipeline,3,1,checkpoint.manifest_sync,ns,0,0,0,0
4,queue_echo,4,1,request.total,ns,155809,15850349,19951176,21353755
4,queue_echo,4,1,request.enqueue,ns,155809,60,140,190
4,queue_echo,4,1,request.queue,ns,155809,15492338,19466337,20864428
4,queue_echo,4,1,request.batch,ns,155809,104235,264175,358703
4,queue_echo,4,1,request.handler,ns,155809,982,1142,1392
4,queue_echo,4,1,request.response,ns,155809,259807,506239,657071
5,foreground_persistence,4,1,request.total,ns,155808,1178753219,1777848193,2120311365
5,foreground_persistence,4,1,request.admission,ns,155808,481,1683,5500
5,foreground_persistence,4,1,request.enqueue,ns,155808,60,150,250
5,foreground_persistence,4,1,request.queue,ns,155808,1131554546,1706412583,2037126076
5,foreground_persistence,4,1,request.batch,ns,155808,135393,1027075,1544761
5,foreground_persistence,4,1,request.handler,ns,155808,46171473,71628030,84691100
5,foreground_persistence,4,1,request.response,ns,155808,712088,1671218,2030476
5,foreground_persistence,4,1,request.historical_lookup,ns,0,0,0,0
5,foreground_persistence,4,1,request.historical_hit_lookup,ns,0,0,0,0
5,foreground_persistence,4,1,request.historical_miss_lookup,ns,0,0,0,0
5,foreground_persistence,4,1,projection.read,ns,0,0,0,0
5,foreground_persistence,4,1,projection.apply,ns,0,0,0,0
5,foreground_persistence,4,1,projection.progress_sync,ns,0,0,0,0
5,foreground_persistence,4,1,projection.total,ns,0,0,0,0
5,foreground_persistence,4,1,gc.scan,ns,0,0,0,0
5,foreground_persistence,4,1,gc.delete_build,ns,0,0,0,0
5,foreground_persistence,4,1,gc.sync_write,ns,0,0,0,0
5,foreground_persistence,4,1,gc.total,ns,0,0,0,0
5,foreground_persistence,4,1,watermark.fence_wait,ns,0,0,0,0
5,foreground_persistence,4,1,watermark.projection_wait,ns,0,0,0,0
5,foreground_persistence,4,1,watermark.persist,ns,0,0,0,0
5,foreground_persistence,4,1,watermark.total,ns,0,0,0,0
5,foreground_persistence,4,1,checkpoint.total,ns,0,0,0,0
5,foreground_persistence,4,1,checkpoint.chunk_sync,ns,0,0,0,0
5,foreground_persistence,4,1,checkpoint.manifest_sync,ns,0,0,0,0
6,integrated_pipeline,4,1,request.total,ns,155808,1322460449,2060255285,2503881716
6,integrated_pipeline,4,1,request.admission,ns,155808,471,1703,5180
6,integrated_pipeline,4,1,request.enqueue,ns,155808,70,151,240
6,integrated_pipeline,4,1,request.queue,ns,155808,1269019897,1978508583,2408530405
6,integrated_pipeline,4,1,request.batch,ns,155808,141356,1214239,1766215
6,integrated_pipeline,4,1,request.handler,ns,155808,51858225,82480926,100525133
6,integrated_pipeline,4,1,request.response,ns,155808,816422,1883385,2283576
6,integrated_pipeline,4,1,request.historical_lookup,ns,0,0,0,0
6,integrated_pipeline,4,1,request.historical_hit_lookup,ns,0,0,0,0
6,integrated_pipeline,4,1,request.historical_miss_lookup,ns,0,0,0,0
6,integrated_pipeline,4,1,projection.read,ns,39056,288922,502192,624723
6,integrated_pipeline,4,1,projection.apply,ns,39056,142017,231985,393870
6,integrated_pipeline,4,1,projection.progress_sync,ns,39056,961103,2134727,3154390
6,integrated_pipeline,4,1,projection.total,ns,39056,1449780,2721358,4139908
6,integrated_pipeline,4,1,gc.scan,ns,4900,5896705,10150144,12435953
6,integrated_pipeline,4,1,gc.delete_build,ns,4900,51917,89792,177270
6,integrated_pipeline,4,1,gc.sync_write,ns,4900,1718506,2407839,3003246
6,integrated_pipeline,4,1,gc.total,ns,4900,53143151,83771619,102275912
6,integrated_pipeline,4,1,watermark.fence_wait,ns,325,767354659,1557874767,1797948453
6,integrated_pipeline,4,1,watermark.projection_wait,ns,325,12177819,14839464,722597101
6,integrated_pipeline,4,1,watermark.persist,ns,325,952247,1064869,2605819
6,integrated_pipeline,4,1,watermark.total,ns,325,792079789,1571282996,1812724138
6,integrated_pipeline,4,1,checkpoint.total,ns,0,0,0,0
6,integrated_pipeline,4,1,checkpoint.chunk_sync,ns,0,0,0,0
6,integrated_pipeline,4,1,checkpoint.manifest_sync,ns,0,0,0,0
7,queue_echo,6,1,request.total,ns,155809,17758138,20241676,21433662
7,queue_echo,6,1,request.enqueue,ns,155809,120,240,351
7,queue_echo,6,1,request.queue,ns,155809,17359871,19798625,21048841
7,queue_echo,6,1,request.batch,ns,155809,111368,225924,275316
7,queue_echo,6,1,request.handler,ns,155809,992,1162,1402
7,queue_echo,6,1,request.response,ns,155809,265157,501110,607871
8,foreground_persistence,6,1,request.total,ns,155808,1197880578,1866773546,4565029899
8,foreground_persistence,6,1,request.admission,ns,155808,901,9929,16781
8,foreground_persistence,6,1,request.enqueue,ns,155808,80,161,260
8,foreground_persistence,6,1,request.queue,ns,155808,1149515602,1793037572,4393698507
8,foreground_persistence,6,1,request.batch,ns,155808,136225,1514811,1822198
8,foreground_persistence,6,1,request.handler,ns,155808,46697856,74971067,163580180
8,foreground_persistence,6,1,request.response,ns,155808,942478,2039575,2255510
8,foreground_persistence,6,1,request.historical_lookup,ns,0,0,0,0
8,foreground_persistence,6,1,request.historical_hit_lookup,ns,0,0,0,0
8,foreground_persistence,6,1,request.historical_miss_lookup,ns,0,0,0,0
8,foreground_persistence,6,1,projection.read,ns,0,0,0,0
8,foreground_persistence,6,1,projection.apply,ns,0,0,0,0
8,foreground_persistence,6,1,projection.progress_sync,ns,0,0,0,0
8,foreground_persistence,6,1,projection.total,ns,0,0,0,0
8,foreground_persistence,6,1,gc.scan,ns,0,0,0,0
8,foreground_persistence,6,1,gc.delete_build,ns,0,0,0,0
8,foreground_persistence,6,1,gc.sync_write,ns,0,0,0,0
8,foreground_persistence,6,1,gc.total,ns,0,0,0,0
8,foreground_persistence,6,1,watermark.fence_wait,ns,0,0,0,0
8,foreground_persistence,6,1,watermark.projection_wait,ns,0,0,0,0
8,foreground_persistence,6,1,watermark.persist,ns,0,0,0,0
8,foreground_persistence,6,1,watermark.total,ns,0,0,0,0
8,foreground_persistence,6,1,checkpoint.total,ns,0,0,0,0
8,foreground_persistence,6,1,checkpoint.chunk_sync,ns,0,0,0,0
8,foreground_persistence,6,1,checkpoint.manifest_sync,ns,0,0,0,0
9,integrated_pipeline,6,1,request.total,ns,155808,1333219392,2070139718,2485035382
9,integrated_pipeline,6,1,request.admission,ns,155808,832,9398,16130
9,integrated_pipeline,6,1,request.enqueue,ns,155808,80,180,281
9,integrated_pipeline,6,1,request.queue,ns,155808,1278170968,1987048858,2384637084
9,integrated_pipeline,6,1,request.batch,ns,155808,142137,1615168,2015670
9,integrated_pipeline,6,1,request.handler,ns,155808,51732965,82274644,100099195
9,integrated_pipeline,6,1,request.response,ns,155808,1001969,2204715,2474710
9,integrated_pipeline,6,1,request.historical_lookup,ns,0,0,0,0
9,integrated_pipeline,6,1,request.historical_hit_lookup,ns,0,0,0,0
9,integrated_pipeline,6,1,request.historical_miss_lookup,ns,0,0,0,0
9,integrated_pipeline,6,1,projection.read,ns,39056,291106,503805,630723
9,integrated_pipeline,6,1,projection.apply,ns,39056,140875,230683,386715
9,integrated_pipeline,6,1,projection.progress_sync,ns,39056,953268,2124754,3687595
9,integrated_pipeline,6,1,projection.total,ns,39056,1439941,2831099,4571753
9,integrated_pipeline,6,1,gc.scan,ns,4913,6013331,10227367,12104363
9,integrated_pipeline,6,1,gc.delete_build,ns,4913,51587,90210,190013
9,integrated_pipeline,6,1,gc.sync_write,ns,4913,1720917,2396334,2914986
9,integrated_pipeline,6,1,gc.total,ns,4913,53522234,84296576,101799015
9,integrated_pipeline,6,1,watermark.fence_wait,ns,323,775452128,1564302265,2004721537
9,integrated_pipeline,6,1,watermark.projection_wait,ns,323,11826817,14894740,697177429
9,integrated_pipeline,6,1,watermark.persist,ns,323,957455,1079264,9035614
9,integrated_pipeline,6,1,watermark.total,ns,323,805103461,1576650200,2017195628
9,integrated_pipeline,6,1,checkpoint.total,ns,0,0,0,0
9,integrated_pipeline,6,1,checkpoint.chunk_sync,ns,0,0,0,0
9,integrated_pipeline,6,1,checkpoint.manifest_sync,ns,0,0,0,0
10,queue_echo,8,1,request.total,ns,155809,18867727,21244094,22662933
10,queue_echo,8,1,request.enqueue,ns,155809,90,231,341
10,queue_echo,8,1,request.queue,ns,155809,18469872,20788299,22169889
10,queue_echo,8,1,request.batch,ns,155809,109495,214312,268063
10,queue_echo,8,1,request.handler,ns,155809,1012,1252,1403
10,queue_echo,8,1,request.response,ns,155809,272862,549731,660789
11,foreground_persistence,8,1,request.total,ns,155808,1201544474,1813757797,2208492546
11,foreground_persistence,8,1,request.admission,ns,155808,1062,12854,21541
11,foreground_persistence,8,1,request.enqueue,ns,155808,80,180,271
11,foreground_persistence,8,1,request.queue,ns,155808,1152854827,1743967859,2116425049
11,foreground_persistence,8,1,request.batch,ns,155808,135234,1463895,1725185
11,foreground_persistence,8,1,request.handler,ns,155808,46741841,72975895,107181266
11,foreground_persistence,8,1,request.response,ns,155808,981139,1994229,2170239
11,foreground_persistence,8,1,request.historical_lookup,ns,0,0,0,0
11,foreground_persistence,8,1,request.historical_hit_lookup,ns,0,0,0,0
11,foreground_persistence,8,1,request.historical_miss_lookup,ns,0,0,0,0
11,foreground_persistence,8,1,projection.read,ns,0,0,0,0
11,foreground_persistence,8,1,projection.apply,ns,0,0,0,0
11,foreground_persistence,8,1,projection.progress_sync,ns,0,0,0,0
11,foreground_persistence,8,1,projection.total,ns,0,0,0,0
11,foreground_persistence,8,1,gc.scan,ns,0,0,0,0
11,foreground_persistence,8,1,gc.delete_build,ns,0,0,0,0
11,foreground_persistence,8,1,gc.sync_write,ns,0,0,0,0
11,foreground_persistence,8,1,gc.total,ns,0,0,0,0
11,foreground_persistence,8,1,watermark.fence_wait,ns,0,0,0,0
11,foreground_persistence,8,1,watermark.projection_wait,ns,0,0,0,0
11,foreground_persistence,8,1,watermark.persist,ns,0,0,0,0
11,foreground_persistence,8,1,watermark.total,ns,0,0,0,0
11,foreground_persistence,8,1,checkpoint.total,ns,0,0,0,0
11,foreground_persistence,8,1,checkpoint.chunk_sync,ns,0,0,0,0
11,foreground_persistence,8,1,checkpoint.manifest_sync,ns,0,0,0,0
12,integrated_pipeline,8,1,request.total,ns,155808,1359082985,2111703677,2474607624
12,integrated_pipeline,8,1,request.admission,ns,155808,1072,13585,23023
12,integrated_pipeline,8,1,request.enqueue,ns,155808,81,201,310
12,integrated_pipeline,8,1,request.queue,ns,155808,1303519866,2024439331,2382325723
12,integrated_pipeline,8,1,request.batch,ns,155808,147457,1754088,2058629
12,integrated_pipeline,8,1,request.handler,ns,155808,52607498,84011582,103015508
12,integrated_pipeline,8,1,request.response,ns,155808,1111083,2290684,2517890
12,integrated_pipeline,8,1,request.historical_lookup,ns,0,0,0,0
12,integrated_pipeline,8,1,request.historical_hit_lookup,ns,0,0,0,0
12,integrated_pipeline,8,1,request.historical_miss_lookup,ns,0,0,0,0
12,integrated_pipeline,8,1,projection.read,ns,39056,296686,495088,623959
12,integrated_pipeline,8,1,projection.apply,ns,39056,142487,234790,390201
12,integrated_pipeline,8,1,projection.progress_sync,ns,39056,957945,2163987,3426854
12,integrated_pipeline,8,1,projection.total,ns,39056,1455980,2896841,4389148
12,integrated_pipeline,8,1,gc.scan,ns,4935,6135447,10446671,12344503
12,integrated_pipeline,8,1,gc.delete_build,ns,4935,59966,105248,197150
12,integrated_pipeline,8,1,gc.sync_write,ns,4935,1750342,2458639,3321546
12,integrated_pipeline,8,1,gc.total,ns,4935,54516930,86058944,104719561
12,integrated_pipeline,8,1,watermark.fence_wait,ns,320,786555033,1594835009,1906756071
12,integrated_pipeline,8,1,watermark.projection_wait,ns,320,11601047,14052552,698570436
12,integrated_pipeline,8,1,watermark.persist,ns,320,964939,1085665,3980723
12,integrated_pipeline,8,1,watermark.total,ns,320,808578127,1607679478,1919903818
12,integrated_pipeline,8,1,checkpoint.total,ns,0,0,0,0
12,integrated_pipeline,8,1,checkpoint.chunk_sync,ns,0,0,0,0
12,integrated_pipeline,8,1,checkpoint.manifest_sync,ns,0,0,0,0
13,queue_echo,4,2,request.total,ns,155809,16566288,21438692,22700046
13,queue_echo,4,2,request.enqueue,ns,155809,60,150,230
13,queue_echo,4,2,request.queue,ns,155809,16158763,20941940,22105962
13,queue_echo,4,2,request.batch,ns,155809,107381,276619,397575
13,queue_echo,4,2,request.handler,ns,155809,991,1162,1382
13,queue_echo,4,2,request.response,ns,155809,271559,584536,710973
14,foreground_persistence,4,2,request.total,ns,155808,1157739454,1752832126,2130229115
14,foreground_persistence,4,2,request.admission,ns,155808,461,1453,3777
14,foreground_persistence,4,2,request.enqueue,ns,155808,60,141,231
14,foreground_persistence,4,2,request.queue,ns,155808,1110437119,1682890641,2042237732
14,foreground_persistence,4,2,request.batch,ns,155808,134242,774953,1433628
14,foreground_persistence,4,2,request.handler,ns,155808,45518465,70896132,84586459
14,foreground_persistence,4,2,request.response,ns,155808,669775,1433057,1914950
14,foreground_persistence,4,2,request.historical_lookup,ns,0,0,0,0
14,foreground_persistence,4,2,request.historical_hit_lookup,ns,0,0,0,0
14,foreground_persistence,4,2,request.historical_miss_lookup,ns,0,0,0,0
14,foreground_persistence,4,2,projection.read,ns,0,0,0,0
14,foreground_persistence,4,2,projection.apply,ns,0,0,0,0
14,foreground_persistence,4,2,projection.progress_sync,ns,0,0,0,0
14,foreground_persistence,4,2,projection.total,ns,0,0,0,0
14,foreground_persistence,4,2,gc.scan,ns,0,0,0,0
14,foreground_persistence,4,2,gc.delete_build,ns,0,0,0,0
14,foreground_persistence,4,2,gc.sync_write,ns,0,0,0,0
14,foreground_persistence,4,2,gc.total,ns,0,0,0,0
14,foreground_persistence,4,2,watermark.fence_wait,ns,0,0,0,0
14,foreground_persistence,4,2,watermark.projection_wait,ns,0,0,0,0
14,foreground_persistence,4,2,watermark.persist,ns,0,0,0,0
14,foreground_persistence,4,2,watermark.total,ns,0,0,0,0
14,foreground_persistence,4,2,checkpoint.total,ns,0,0,0,0
14,foreground_persistence,4,2,checkpoint.chunk_sync,ns,0,0,0,0
14,foreground_persistence,4,2,checkpoint.manifest_sync,ns,0,0,0,0
15,integrated_pipeline,4,2,request.total,ns,155808,1333585420,2084993514,2483038051
15,integrated_pipeline,4,2,request.admission,ns,155808,481,1744,5500
15,integrated_pipeline,4,2,request.enqueue,ns,155808,70,160,240
15,integrated_pipeline,4,2,request.queue,ns,155808,1279680180,2000075860,2392665404
15,integrated_pipeline,4,2,request.batch,ns,155808,141927,1276883,1803832
15,integrated_pipeline,4,2,request.handler,ns,155808,52196488,82826603,100750637
15,integrated_pipeline,4,2,request.response,ns,155808,822001,1933245,2313628
15,integrated_pipeline,4,2,request.historical_lookup,ns,0,0,0,0
15,integrated_pipeline,4,2,request.historical_hit_lookup,ns,0,0,0,0
15,integrated_pipeline,4,2,request.historical_miss_lookup,ns,0,0,0,0
15,integrated_pipeline,4,2,projection.read,ns,39056,292719,501179,622787
15,integrated_pipeline,4,2,projection.apply,ns,39056,142387,236002,406011
15,integrated_pipeline,4,2,projection.progress_sync,ns,39056,959539,2130785,3164493
15,integrated_pipeline,4,2,projection.total,ns,39056,1453595,2720260,4301624
15,integrated_pipeline,4,2,gc.scan,ns,4886,5919115,10173563,12437034
15,integrated_pipeline,4,2,gc.delete_build,ns,4886,50114,101674,184664
15,integrated_pipeline,4,2,gc.sync_write,ns,4886,1718251,2420999,3322459
15,integrated_pipeline,4,2,gc.total,ns,4886,53716427,84177206,102897523
15,integrated_pipeline,4,2,watermark.fence_wait,ns,324,767482076,1564848715,1742250295
15,integrated_pipeline,4,2,watermark.projection_wait,ns,324,12168974,14212656,644717136
15,integrated_pipeline,4,2,watermark.persist,ns,324,955090,1065547,2544440
15,integrated_pipeline,4,2,watermark.total,ns,324,789412307,1577913008,1754154272
15,integrated_pipeline,4,2,checkpoint.total,ns,0,0,0,0
15,integrated_pipeline,4,2,checkpoint.chunk_sync,ns,0,0,0,0
15,integrated_pipeline,4,2,checkpoint.manifest_sync,ns,0,0,0,0
16,queue_echo,6,2,request.total,ns,155809,17273134,19399531,20448837
16,queue_echo,6,2,request.enqueue,ns,155809,120,240,351
16,queue_echo,6,2,request.queue,ns,155809,16905294,19011193,19981251
16,queue_echo,6,2,request.batch,ns,155809,106019,217608,256270
16,queue_echo,6,2,request.handler,ns,155809,972,1072,1342
16,queue_echo,6,2,request.response,ns,155809,266089,497052,589285
17,foreground_persistence,6,2,request.total,ns,155808,1191515457,1799049218,2043404860
17,foreground_persistence,6,2,request.admission,ns,155808,912,9969,16672
17,foreground_persistence,6,2,request.enqueue,ns,155808,71,160,241
17,foreground_persistence,6,2,request.queue,ns,155808,1142601740,1725297697,1950757093
17,foreground_persistence,6,2,request.batch,ns,155808,134242,1538845,1832325
17,foreground_persistence,6,2,request.handler,ns,155808,46270619,71374544,79843442
17,foreground_persistence,6,2,request.response,ns,155808,951424,2067827,2282118
17,foreground_persistence,6,2,request.historical_lookup,ns,0,0,0,0
17,foreground_persistence,6,2,request.historical_hit_lookup,ns,0,0,0,0
17,foreground_persistence,6,2,request.historical_miss_lookup,ns,0,0,0,0
17,foreground_persistence,6,2,projection.read,ns,0,0,0,0
17,foreground_persistence,6,2,projection.apply,ns,0,0,0,0
17,foreground_persistence,6,2,projection.progress_sync,ns,0,0,0,0
17,foreground_persistence,6,2,projection.total,ns,0,0,0,0
17,foreground_persistence,6,2,gc.scan,ns,0,0,0,0
17,foreground_persistence,6,2,gc.delete_build,ns,0,0,0,0
17,foreground_persistence,6,2,gc.sync_write,ns,0,0,0,0
17,foreground_persistence,6,2,gc.total,ns,0,0,0,0
17,foreground_persistence,6,2,watermark.fence_wait,ns,0,0,0,0
17,foreground_persistence,6,2,watermark.projection_wait,ns,0,0,0,0
17,foreground_persistence,6,2,watermark.persist,ns,0,0,0,0
17,foreground_persistence,6,2,watermark.total,ns,0,0,0,0
17,foreground_persistence,6,2,checkpoint.total,ns,0,0,0,0
17,foreground_persistence,6,2,checkpoint.chunk_sync,ns,0,0,0,0
17,foreground_persistence,6,2,checkpoint.manifest_sync,ns,0,0,0,0
18,integrated_pipeline,6,2,request.total,ns,155808,1337250244,2079467825,2452847466
18,integrated_pipeline,6,2,request.admission,ns,155808,832,9347,16301
18,integrated_pipeline,6,2,request.enqueue,ns,155808,80,180,290
18,integrated_pipeline,6,2,request.queue,ns,155808,1283340205,1995766732,2353906192
18,integrated_pipeline,6,2,request.batch,ns,155808,141516,1627503,2026381
18,integrated_pipeline,6,2,request.handler,ns,155808,51807137,82762817,101504082
18,integrated_pipeline,6,2,request.response,ns,155808,1005497,2219203,2485371
18,integrated_pipeline,6,2,request.historical_lookup,ns,0,0,0,0
18,integrated_pipeline,6,2,request.historical_hit_lookup,ns,0,0,0,0
18,integrated_pipeline,6,2,request.historical_miss_lookup,ns,0,0,0,0
18,integrated_pipeline,6,2,projection.read,ns,39056,291317,500398,630592
18,integrated_pipeline,6,2,projection.apply,ns,39056,141004,232516,388659
18,integrated_pipeline,6,2,projection.progress_sync,ns,39056,955092,2145805,3765943
18,integrated_pipeline,6,2,projection.total,ns,39056,1443397,2847861,4610848
18,integrated_pipeline,6,2,gc.scan,ns,4908,5968073,10235237,12100720
18,integrated_pipeline,6,2,gc.delete_build,ns,4908,50922,88160,181348
18,integrated_pipeline,6,2,gc.sync_write,ns,4908,1743511,2438384,3900827
18,integrated_pipeline,6,2,gc.total,ns,4908,53642981,84799477,103279316
18,integrated_pipeline,6,2,watermark.fence_wait,ns,324,773549493,1564515650,1926735848
18,integrated_pipeline,6,2,watermark.projection_wait,ns,324,11839177,14601536,805210798
18,integrated_pipeline,6,2,watermark.persist,ns,324,956033,1056763,1701491
18,integrated_pipeline,6,2,watermark.total,ns,324,793634797,1580305805,1938446802
18,integrated_pipeline,6,2,checkpoint.total,ns,0,0,0,0
18,integrated_pipeline,6,2,checkpoint.chunk_sync,ns,0,0,0,0
18,integrated_pipeline,6,2,checkpoint.manifest_sync,ns,0,0,0,0
19,queue_echo,8,2,request.total,ns,155809,17932158,20826615,22619778
19,queue_echo,8,2,request.enqueue,ns,155809,80,221,330
19,queue_echo,8,2,request.queue,ns,155809,17546013,20382853,22173180
19,queue_echo,8,2,request.batch,ns,155809,106309,207188,260849
19,queue_echo,8,2,request.handler,ns,155809,982,1202,1383
19,queue_echo,8,2,request.response,ns,155809,261560,529854,659367
20,foreground_persistence,8,2,request.total,ns,155808,1167677536,1800054482,2152723106
20,foreground_persistence,8,2,request.admission,ns,155808,1093,13044,21781
20,foreground_persistence,8,2,request.enqueue,ns,155808,90,221,310
20,foreground_persistence,8,2,request.queue,ns,155808,1120665162,1728134169,2064249623
20,foreground_persistence,8,2,request.batch,ns,155808,135875,1535499,1738900
20,foreground_persistence,8,2,request.handler,ns,155808,44961671,71760166,87807612
20,foreground_persistence,8,2,request.response,ns,155808,1010725,2013786,2176031
20,foreground_persistence,8,2,request.historical_lookup,ns,0,0,0,0
20,foreground_persistence,8,2,request.historical_hit_lookup,ns,0,0,0,0
20,foreground_persistence,8,2,request.historical_miss_lookup,ns,0,0,0,0
20,foreground_persistence,8,2,projection.read,ns,0,0,0,0
20,foreground_persistence,8,2,projection.apply,ns,0,0,0,0
20,foreground_persistence,8,2,projection.progress_sync,ns,0,0,0,0
20,foreground_persistence,8,2,projection.total,ns,0,0,0,0
20,foreground_persistence,8,2,gc.scan,ns,0,0,0,0
20,foreground_persistence,8,2,gc.delete_build,ns,0,0,0,0
20,foreground_persistence,8,2,gc.sync_write,ns,0,0,0,0
20,foreground_persistence,8,2,gc.total,ns,0,0,0,0
20,foreground_persistence,8,2,watermark.fence_wait,ns,0,0,0,0
20,foreground_persistence,8,2,watermark.projection_wait,ns,0,0,0,0
20,foreground_persistence,8,2,watermark.persist,ns,0,0,0,0
20,foreground_persistence,8,2,watermark.total,ns,0,0,0,0
20,foreground_persistence,8,2,checkpoint.total,ns,0,0,0,0
20,foreground_persistence,8,2,checkpoint.chunk_sync,ns,0,0,0,0
20,foreground_persistence,8,2,checkpoint.manifest_sync,ns,0,0,0,0
21,integrated_pipeline,8,2,request.total,ns,155808,1341153165,2099938160,2471331140
21,integrated_pipeline,8,2,request.admission,ns,155808,1052,13335,22753
21,integrated_pipeline,8,2,request.enqueue,ns,155808,90,210,301
21,integrated_pipeline,8,2,request.queue,ns,155808,1286888815,2017131152,2374666328
21,integrated_pipeline,8,2,request.batch,ns,155808,145613,1714855,2038162
21,integrated_pipeline,8,2,request.handler,ns,155808,51688549,83134000,100678728
21,integrated_pipeline,8,2,request.response,ns,155808,1091317,2270698,2508834
21,integrated_pipeline,8,2,request.historical_lookup,ns,0,0,0,0
21,integrated_pipeline,8,2,request.historical_hit_lookup,ns,0,0,0,0
21,integrated_pipeline,8,2,request.historical_miss_lookup,ns,0,0,0,0
21,integrated_pipeline,8,2,projection.read,ns,39056,300603,513463,641373
21,integrated_pipeline,8,2,projection.apply,ns,39056,140984,232396,389190
21,integrated_pipeline,8,2,projection.progress_sync,ns,39056,954189,2141485,3850159
21,integrated_pipeline,8,2,projection.total,ns,39056,1454317,2871625,4824727
21,integrated_pipeline,8,2,gc.scan,ns,4899,6039667,10376037,12360551
21,integrated_pipeline,8,2,gc.delete_build,ns,4899,49876,88515,180978
21,integrated_pipeline,8,2,gc.sync_write,ns,4899,1739422,2433793,4012514
21,integrated_pipeline,8,2,gc.total,ns,4899,53711864,85494426,103229370
21,integrated_pipeline,8,2,watermark.fence_wait,ns,322,772928628,1596132548,1965983215
21,integrated_pipeline,8,2,watermark.projection_wait,ns,322,11586165,15657940,777138938
21,integrated_pipeline,8,2,watermark.persist,ns,322,962365,1062242,4338776
21,integrated_pipeline,8,2,watermark.total,ns,322,793474333,1607945869,1979049345
21,integrated_pipeline,8,2,checkpoint.total,ns,0,0,0,0
21,integrated_pipeline,8,2,checkpoint.chunk_sync,ns,0,0,0,0
21,integrated_pipeline,8,2,checkpoint.manifest_sync,ns,0,0,0,0
22,queue_echo,3,2,request.total,ns,155809,18037080,20679023,23131592
22,queue_echo,3,2,request.enqueue,ns,155809,60,90,141
22,queue_echo,3,2,request.queue,ns,155809,17611241,20120395,22556864
22,queue_echo,3,2,request.batch,ns,155809,103654,362440,437430
22,queue_echo,3,2,request.handler,ns,155809,942,1112,1392
22,queue_echo,3,2,request.response,ns,155809,349956,587130,794279
23,foreground_persistence,3,2,request.total,ns,155808,1184836666,1818251513,4039871566
23,foreground_persistence,3,2,request.admission,ns,155808,341,772,1262
23,foreground_persistence,3,2,request.enqueue,ns,155808,60,140,221
23,foreground_persistence,3,2,request.queue,ns,155808,1136081898,1747350320,3904110011
23,foreground_persistence,3,2,request.batch,ns,155808,141896,836568,1300899
23,foreground_persistence,3,2,request.handler,ns,155808,46439063,74204012,157547853
23,foreground_persistence,3,2,request.response,ns,155808,764183,1316258,1843857
23,foreground_persistence,3,2,request.historical_lookup,ns,0,0,0,0
23,foreground_persistence,3,2,request.historical_hit_lookup,ns,0,0,0,0
23,foreground_persistence,3,2,request.historical_miss_lookup,ns,0,0,0,0
23,foreground_persistence,3,2,projection.read,ns,0,0,0,0
23,foreground_persistence,3,2,projection.apply,ns,0,0,0,0
23,foreground_persistence,3,2,projection.progress_sync,ns,0,0,0,0
23,foreground_persistence,3,2,projection.total,ns,0,0,0,0
23,foreground_persistence,3,2,gc.scan,ns,0,0,0,0
23,foreground_persistence,3,2,gc.delete_build,ns,0,0,0,0
23,foreground_persistence,3,2,gc.sync_write,ns,0,0,0,0
23,foreground_persistence,3,2,gc.total,ns,0,0,0,0
23,foreground_persistence,3,2,watermark.fence_wait,ns,0,0,0,0
23,foreground_persistence,3,2,watermark.projection_wait,ns,0,0,0,0
23,foreground_persistence,3,2,watermark.persist,ns,0,0,0,0
23,foreground_persistence,3,2,watermark.total,ns,0,0,0,0
23,foreground_persistence,3,2,checkpoint.total,ns,0,0,0,0
23,foreground_persistence,3,2,checkpoint.chunk_sync,ns,0,0,0,0
23,foreground_persistence,3,2,checkpoint.manifest_sync,ns,0,0,0,0
24,integrated_pipeline,3,2,request.total,ns,155808,1314342741,2105486083,11747531383
24,integrated_pipeline,3,2,request.admission,ns,155808,360,1112,1653
24,integrated_pipeline,3,2,request.enqueue,ns,155808,70,150,241
24,integrated_pipeline,3,2,request.queue,ns,155808,1260523195,2021695308,11408619560
24,integrated_pipeline,3,2,request.batch,ns,155808,168175,1309504,1881065
24,integrated_pipeline,3,2,request.handler,ns,155808,51573588,83785664,488225994
24,integrated_pipeline,3,2,request.response,ns,155808,925254,1937631,2382294
24,integrated_pipeline,3,2,request.historical_lookup,ns,0,0,0,0
24,integrated_pipeline,3,2,request.historical_hit_lookup,ns,0,0,0,0
24,integrated_pipeline,3,2,request.historical_miss_lookup,ns,0,0,0,0
24,integrated_pipeline,3,2,projection.read,ns,39056,304821,494196,605875
24,integrated_pipeline,3,2,projection.apply,ns,39056,141655,231394,398807
24,integrated_pipeline,3,2,projection.progress_sync,ns,39056,964818,2129901,8049533
24,integrated_pipeline,3,2,projection.total,ns,39056,1473751,2749653,8770020
24,integrated_pipeline,3,2,gc.scan,ns,4887,5790857,10084805,12115889
24,integrated_pipeline,3,2,gc.delete_build,ns,4887,53308,77752,165709
24,integrated_pipeline,3,2,gc.sync_write,ns,4887,1724632,2429402,228453543
24,integrated_pipeline,3,2,gc.total,ns,4887,53143024,85524161,490576827
24,integrated_pipeline,3,2,watermark.fence_wait,ns,322,761241388,1577229542,1974441403
24,integrated_pipeline,3,2,watermark.projection_wait,ns,322,12402166,15036214,1075373519
24,integrated_pipeline,3,2,watermark.persist,ns,322,949820,1058333,2466593
24,integrated_pipeline,3,2,watermark.total,ns,322,782676268,1590193637,1987987229
24,integrated_pipeline,3,2,checkpoint.total,ns,0,0,0,0
24,integrated_pipeline,3,2,checkpoint.chunk_sync,ns,0,0,0,0
24,integrated_pipeline,3,2,checkpoint.manifest_sync,ns,0,0,0,0
25,queue_echo,6,3,request.total,ns,155809,17159943,18735667,19911310
25,queue_echo,6,3,request.enqueue,ns,155809,90,230,331
25,queue_echo,6,3,request.queue,ns,155809,16755386,18343832,19516451
25,queue_echo,6,3,request.batch,ns,155809,105999,206156,249298
25,queue_echo,6,3,request.handler,ns,155809,972,1042,1303
25,queue_echo,6,3,request.response,ns,155809,248406,477345,564498
26,foreground_persistence,6,3,request.total,ns,155808,1164156202,1788854883,2104517400
26,foreground_persistence,6,3,request.admission,ns,155808,871,9738,16310
26,foreground_persistence,6,3,request.enqueue,ns,155808,80,161,261
26,foreground_persistence,6,3,request.queue,ns,155808,1117358957,1717932809,2023980448
26,foreground_persistence,6,3,request.batch,ns,155808,136927,1464225,1817938
26,foreground_persistence,6,3,request.handler,ns,155808,45267923,71579005,81259973
26,foreground_persistence,6,3,request.response,ns,155808,919323,2015889,2250018
26,foreground_persistence,6,3,request.historical_lookup,ns,0,0,0,0
26,foreground_persistence,6,3,request.historical_hit_lookup,ns,0,0,0,0
26,foreground_persistence,6,3,request.historical_miss_lookup,ns,0,0,0,0
26,foreground_persistence,6,3,projection.read,ns,0,0,0,0
26,foreground_persistence,6,3,projection.apply,ns,0,0,0,0
26,foreground_persistence,6,3,projection.progress_sync,ns,0,0,0,0
26,foreground_persistence,6,3,projection.total,ns,0,0,0,0
26,foreground_persistence,6,3,gc.scan,ns,0,0,0,0
26,foreground_persistence,6,3,gc.delete_build,ns,0,0,0,0
26,foreground_persistence,6,3,gc.sync_write,ns,0,0,0,0
26,foreground_persistence,6,3,gc.total,ns,0,0,0,0
26,foreground_persistence,6,3,watermark.fence_wait,ns,0,0,0,0
26,foreground_persistence,6,3,watermark.projection_wait,ns,0,0,0,0
26,foreground_persistence,6,3,watermark.persist,ns,0,0,0,0
26,foreground_persistence,6,3,watermark.total,ns,0,0,0,0
26,foreground_persistence,6,3,checkpoint.total,ns,0,0,0,0
26,foreground_persistence,6,3,checkpoint.chunk_sync,ns,0,0,0,0
26,foreground_persistence,6,3,checkpoint.manifest_sync,ns,0,0,0,0
27,integrated_pipeline,6,3,request.total,ns,155808,1329838753,2065287403,2506809059
27,integrated_pipeline,6,3,request.admission,ns,155808,892,9878,16842
27,integrated_pipeline,6,3,request.enqueue,ns,155808,80,170,261
27,integrated_pipeline,6,3,request.queue,ns,155808,1276064583,1984581033,2406096617
27,integrated_pipeline,6,3,request.batch,ns,155808,142046,1705698,2030797
27,integrated_pipeline,6,3,request.handler,ns,155808,51589460,81894666,99597071
27,integrated_pipeline,6,3,request.response,ns,155808,1052453,2245309,2488125
27,integrated_pipeline,6,3,request.historical_lookup,ns,0,0,0,0
27,integrated_pipeline,6,3,request.historical_hit_lookup,ns,0,0,0,0
27,integrated_pipeline,6,3,request.historical_miss_lookup,ns,0,0,0,0
27,integrated_pipeline,6,3,projection.read,ns,39057,290194,498304,619171
27,integrated_pipeline,6,3,projection.apply,ns,39057,140534,232065,390042
27,integrated_pipeline,6,3,projection.progress_sync,ns,39057,952446,2127698,3420462
27,integrated_pipeline,6,3,projection.total,ns,39057,1440140,2859140,4579595
27,integrated_pipeline,6,3,gc.scan,ns,4922,5979533,10142294,12269103
27,integrated_pipeline,6,3,gc.delete_build,ns,4922,49585,79156,180028
27,integrated_pipeline,6,3,gc.sync_write,ns,4922,1711148,2407753,3022967
27,integrated_pipeline,6,3,gc.total,ns,4922,53424691,83700831,102680291
27,integrated_pipeline,6,3,watermark.fence_wait,ns,325,770483055,1559729010,1786504623
27,integrated_pipeline,6,3,watermark.projection_wait,ns,325,11736662,14211711,723026830
27,integrated_pipeline,6,3,watermark.persist,ns,325,953007,1079894,2573695
27,integrated_pipeline,6,3,watermark.total,ns,325,791367036,1573222926,1799159045
27,integrated_pipeline,6,3,checkpoint.total,ns,0,0,0,0
27,integrated_pipeline,6,3,checkpoint.chunk_sync,ns,0,0,0,0
27,integrated_pipeline,6,3,checkpoint.manifest_sync,ns,0,0,0,0
28,queue_echo,8,3,request.total,ns,155809,18323812,20458784,21264455
28,queue_echo,8,3,request.enqueue,ns,155809,120,241,360
28,queue_echo,8,3,request.queue,ns,155809,17937377,20057602,20885605
28,queue_echo,8,3,request.batch,ns,155809,106871,207619,250359
28,queue_echo,8,3,request.handler,ns,155809,982,1172,1403
28,queue_echo,8,3,request.response,ns,155809,267061,525736,619271
29,foreground_persistence,8,3,request.total,ns,155808,1166798017,1771721450,2114516717
29,foreground_persistence,8,3,request.admission,ns,155808,1082,13085,21911
29,foreground_persistence,8,3,request.enqueue,ns,155808,90,190,281
29,foreground_persistence,8,3,request.queue,ns,155808,1120248865,1699305509,2019086360
29,foreground_persistence,8,3,request.batch,ns,155808,135744,1515120,1747285
29,foreground_persistence,8,3,request.handler,ns,155808,45295196,71059386,84230050
29,foreground_persistence,8,3,request.response,ns,155808,1003622,2014336,2183424
29,foreground_persistence,8,3,request.historical_lookup,ns,0,0,0,0
29,foreground_persistence,8,3,request.historical_hit_lookup,ns,0,0,0,0
29,foreground_persistence,8,3,request.historical_miss_lookup,ns,0,0,0,0
29,foreground_persistence,8,3,projection.read,ns,0,0,0,0
29,foreground_persistence,8,3,projection.apply,ns,0,0,0,0
29,foreground_persistence,8,3,projection.progress_sync,ns,0,0,0,0
29,foreground_persistence,8,3,projection.total,ns,0,0,0,0
29,foreground_persistence,8,3,gc.scan,ns,0,0,0,0
29,foreground_persistence,8,3,gc.delete_build,ns,0,0,0,0
29,foreground_persistence,8,3,gc.sync_write,ns,0,0,0,0
29,foreground_persistence,8,3,gc.total,ns,0,0,0,0
29,foreground_persistence,8,3,watermark.fence_wait,ns,0,0,0,0
29,foreground_persistence,8,3,watermark.projection_wait,ns,0,0,0,0
29,foreground_persistence,8,3,watermark.persist,ns,0,0,0,0
29,foreground_persistence,8,3,watermark.total,ns,0,0,0,0
29,foreground_persistence,8,3,checkpoint.total,ns,0,0,0,0
29,foreground_persistence,8,3,checkpoint.chunk_sync,ns,0,0,0,0
29,foreground_persistence,8,3,checkpoint.manifest_sync,ns,0,0,0,0
30,integrated_pipeline,8,3,request.total,ns,155808,1322778294,2063326645,2476742473
30,integrated_pipeline,8,3,request.admission,ns,155808,1102,13675,23263
30,integrated_pipeline,8,3,request.enqueue,ns,155808,90,211,320
30,integrated_pipeline,8,3,request.queue,ns,155808,1268890706,1981405835,2387810652
30,integrated_pipeline,8,3,request.batch,ns,155808,144691,1778903,2070229
30,integrated_pipeline,8,3,request.handler,ns,155808,51341078,81705380,101393938
30,integrated_pipeline,8,3,request.response,ns,155808,1144294,2310348,2532874
30,integrated_pipeline,8,3,request.historical_lookup,ns,0,0,0,0
30,integrated_pipeline,8,3,request.historical_hit_lookup,ns,0,0,0,0
30,integrated_pipeline,8,3,request.historical_miss_lookup,ns,0,0,0,0
30,integrated_pipeline,8,3,projection.read,ns,39056,314490,503463,603260
30,integrated_pipeline,8,3,projection.apply,ns,39056,141104,233838,389451
30,integrated_pipeline,8,3,projection.progress_sync,ns,39056,967963,2123218,4028242
30,integrated_pipeline,8,3,projection.total,ns,39056,1486285,2884483,4800594
30,integrated_pipeline,8,3,gc.scan,ns,4937,5978817,10162503,12293956
30,integrated_pipeline,8,3,gc.delete_build,ns,4937,50152,64778,119821
30,integrated_pipeline,8,3,gc.sync_write,ns,4937,1709803,2429992,3489076
30,integrated_pipeline,8,3,gc.total,ns,4937,53276636,83545549,103164706
30,integrated_pipeline,8,3,watermark.fence_wait,ns,323,778467050,1546312615,1804737602
30,integrated_pipeline,8,3,watermark.projection_wait,ns,323,11687394,17351420,676079791
30,integrated_pipeline,8,3,watermark.persist,ns,323,946984,1078730,3450589
30,integrated_pipeline,8,3,watermark.total,ns,323,797378134,1560011772,1816933169
30,integrated_pipeline,8,3,checkpoint.total,ns,0,0,0,0
30,integrated_pipeline,8,3,checkpoint.chunk_sync,ns,0,0,0,0
30,integrated_pipeline,8,3,checkpoint.manifest_sync,ns,0,0,0,0
31,queue_echo,3,3,request.total,ns,155809,18110110,20549602,22302036
31,queue_echo,3,3,request.enqueue,ns,155809,60,90,140
31,queue_echo,3,3,request.queue,ns,155809,17662091,19987639,21780709
31,queue_echo,3,3,request.batch,ns,155809,105208,359885,449412
31,queue_echo,3,3,request.handler,ns,155809,982,1203,1483
31,queue_echo,3,3,request.response,ns,155809,348263,585748,810689
32,foreground_persistence,3,3,request.total,ns,155808,1163356797,1723368585,2141336509
32,foreground_persistence,3,3,request.admission,ns,155808,340,852,1423
32,foreground_persistence,3,3,request.enqueue,ns,155808,60,140,231
32,foreground_persistence,3,3,request.queue,ns,155808,1116088582,1654210643,2059850229
32,foreground_persistence,3,3,request.batch,ns,155808,141375,841347,1439328
32,foreground_persistence,3,3,request.handler,ns,155808,45876855,70022331,84619827
32,foreground_persistence,3,3,request.response,ns,155808,768861,1353557,1954684
32,foreground_persistence,3,3,request.historical_lookup,ns,0,0,0,0
32,foreground_persistence,3,3,request.historical_hit_lookup,ns,0,0,0,0
32,foreground_persistence,3,3,request.historical_miss_lookup,ns,0,0,0,0
32,foreground_persistence,3,3,projection.read,ns,0,0,0,0
32,foreground_persistence,3,3,projection.apply,ns,0,0,0,0
32,foreground_persistence,3,3,projection.progress_sync,ns,0,0,0,0
32,foreground_persistence,3,3,projection.total,ns,0,0,0,0
32,foreground_persistence,3,3,gc.scan,ns,0,0,0,0
32,foreground_persistence,3,3,gc.delete_build,ns,0,0,0,0
32,foreground_persistence,3,3,gc.sync_write,ns,0,0,0,0
32,foreground_persistence,3,3,gc.total,ns,0,0,0,0
32,foreground_persistence,3,3,watermark.fence_wait,ns,0,0,0,0
32,foreground_persistence,3,3,watermark.projection_wait,ns,0,0,0,0
32,foreground_persistence,3,3,watermark.persist,ns,0,0,0,0
32,foreground_persistence,3,3,watermark.total,ns,0,0,0,0
32,foreground_persistence,3,3,checkpoint.total,ns,0,0,0,0
32,foreground_persistence,3,3,checkpoint.chunk_sync,ns,0,0,0,0
32,foreground_persistence,3,3,checkpoint.manifest_sync,ns,0,0,0,0
33,integrated_pipeline,3,3,request.total,ns,155808,1325952191,2068038319,2411307390
33,integrated_pipeline,3,3,request.admission,ns,155808,360,1122,1673
33,integrated_pipeline,3,3,request.enqueue,ns,155808,61,150,250
33,integrated_pipeline,3,3,request.queue,ns,155808,1271959014,1986000673,2320636346
33,integrated_pipeline,3,3,request.batch,ns,155808,166512,1329482,1880204
33,integrated_pipeline,3,3,request.handler,ns,155808,51873162,82442554,100495795
33,integrated_pipeline,3,3,request.response,ns,155808,930965,1955515,2405519
33,integrated_pipeline,3,3,request.historical_lookup,ns,0,0,0,0
33,integrated_pipeline,3,3,request.historical_hit_lookup,ns,0,0,0,0
33,integrated_pipeline,3,3,request.historical_miss_lookup,ns,0,0,0,0
33,integrated_pipeline,3,3,projection.read,ns,39056,285996,485540,602830
33,integrated_pipeline,3,3,projection.apply,ns,39056,142707,232866,389309
33,integrated_pipeline,3,3,projection.progress_sync,ns,39056,959048,2144309,4027199
33,integrated_pipeline,3,3,projection.total,ns,39056,1445179,2737982,4755253
33,integrated_pipeline,3,3,gc.scan,ns,4891,5753324,10102838,12051017
33,integrated_pipeline,3,3,gc.delete_build,ns,4891,49855,85074,189607
33,integrated_pipeline,3,3,gc.sync_write,ns,4891,1733779,2428682,4329014
33,integrated_pipeline,3,3,gc.total,ns,4891,53366661,84133200,102630455
33,integrated_pipeline,3,3,watermark.fence_wait,ns,322,764799861,1563879176,1836202658
33,integrated_pipeline,3,3,watermark.projection_wait,ns,322,12319302,20449860,705173947
33,integrated_pipeline,3,3,watermark.persist,ns,322,960710,1084844,2558947
33,integrated_pipeline,3,3,watermark.total,ns,322,788127214,1580243420,1849957711
33,integrated_pipeline,3,3,checkpoint.total,ns,0,0,0,0
33,integrated_pipeline,3,3,checkpoint.chunk_sync,ns,0,0,0,0
33,integrated_pipeline,3,3,checkpoint.manifest_sync,ns,0,0,0,0
34,queue_echo,4,3,request.total,ns,155809,15713054,19867522,20774543
34,queue_echo,4,3,request.enqueue,ns,155809,60,140,190
34,queue_echo,4,3,request.queue,ns,155809,15343742,19432947,20308439
34,queue_echo,4,3,request.batch,ns,155809,104356,259476,354905
34,queue_echo,4,3,request.handler,ns,155809,981,1132,1433
34,queue_echo,4,3,request.response,ns,155809,257022,497984,647674
35,foreground_persistence,4,3,request.total,ns,155808,1165313140,1772846336,2098389878
35,foreground_persistence,4,3,request.admission,ns,155808,441,1362,3206
35,foreground_persistence,4,3,request.enqueue,ns,155808,60,141,231
35,foreground_persistence,4,3,request.queue,ns,155808,1117654387,1703739904,2021816087
35,foreground_persistence,4,3,request.batch,ns,155808,133259,733946,1370549
35,foreground_persistence,4,3,request.handler,ns,155808,45915039,72064117,88669995
35,foreground_persistence,4,3,request.response,ns,155808,660387,1377642,1854717
35,foreground_persistence,4,3,request.historical_lookup,ns,0,0,0,0
35,foreground_persistence,4,3,request.historical_hit_lookup,ns,0,0,0,0
35,foreground_persistence,4,3,request.historical_miss_lookup,ns,0,0,0,0
35,foreground_persistence,4,3,projection.read,ns,0,0,0,0
35,foreground_persistence,4,3,projection.apply,ns,0,0,0,0
35,foreground_persistence,4,3,projection.progress_sync,ns,0,0,0,0
35,foreground_persistence,4,3,projection.total,ns,0,0,0,0
35,foreground_persistence,4,3,gc.scan,ns,0,0,0,0
35,foreground_persistence,4,3,gc.delete_build,ns,0,0,0,0
35,foreground_persistence,4,3,gc.sync_write,ns,0,0,0,0
35,foreground_persistence,4,3,gc.total,ns,0,0,0,0
35,foreground_persistence,4,3,watermark.fence_wait,ns,0,0,0,0
35,foreground_persistence,4,3,watermark.projection_wait,ns,0,0,0,0
35,foreground_persistence,4,3,watermark.persist,ns,0,0,0,0
35,foreground_persistence,4,3,watermark.total,ns,0,0,0,0
35,foreground_persistence,4,3,checkpoint.total,ns,0,0,0,0
35,foreground_persistence,4,3,checkpoint.chunk_sync,ns,0,0,0,0
35,foreground_persistence,4,3,checkpoint.manifest_sync,ns,0,0,0,0
36,integrated_pipeline,4,3,request.total,ns,155808,1326752264,2075881670,2479852499
36,integrated_pipeline,4,3,request.admission,ns,155808,481,1734,5410
36,integrated_pipeline,4,3,request.enqueue,ns,155808,70,151,240
36,integrated_pipeline,4,3,request.queue,ns,155808,1273023958,1993640359,2373288827
36,integrated_pipeline,4,3,request.batch,ns,155808,141887,1264692,1789637
36,integrated_pipeline,4,3,request.handler,ns,155808,51984378,83070574,102110061
36,integrated_pipeline,4,3,request.response,ns,155808,817272,1904650,2279787
36,integrated_pipeline,4,3,request.historical_lookup,ns,0,0,0,0
36,integrated_pipeline,4,3,request.historical_hit_lookup,ns,0,0,0,0
36,integrated_pipeline,4,3,request.historical_miss_lookup,ns,0,0,0,0
36,integrated_pipeline,4,3,projection.read,ns,39056,288481,509024,638448
36,integrated_pipeline,4,3,projection.apply,ns,39056,142117,236754,393969
36,integrated_pipeline,4,3,projection.progress_sync,ns,39056,957244,2155363,3728394
36,integrated_pipeline,4,3,projection.total,ns,39056,1443857,2750901,4385691
36,integrated_pipeline,4,3,gc.scan,ns,4886,5874616,10088798,12339046
36,integrated_pipeline,4,3,gc.delete_build,ns,4886,51545,85136,178453
36,integrated_pipeline,4,3,gc.sync_write,ns,4886,1726817,2457511,3754578
36,integrated_pipeline,4,3,gc.total,ns,4886,53379613,84368169,103312646
36,integrated_pipeline,4,3,watermark.fence_wait,ns,324,768686859,1559129788,1779465857
36,integrated_pipeline,4,3,watermark.projection_wait,ns,324,12093590,16480694,677239913
36,integrated_pipeline,4,3,watermark.persist,ns,324,954982,1064307,2126469
36,integrated_pipeline,4,3,watermark.total,ns,324,788599026,1572918205,1798640249
36,integrated_pipeline,4,3,checkpoint.total,ns,0,0,0,0
36,integrated_pipeline,4,3,checkpoint.chunk_sync,ns,0,0,0,0
36,integrated_pipeline,4,3,checkpoint.manifest_sync,ns,0,0,0,0
