trial_index,scenario,runtime_workers,repetition,expected_requests,completed_requests,credits,debits,fresh_commits,historical_hits,historical_misses,request_wall_s,rps,process_cpu_s,cpu_wall_s,cpu_cores,cpu_ns_per_request,cpu_sample_after_reply_ns,process_io_sample_offset_us,request_sample_count,request_p50_ns,request_p95_ns,request_p99_ns,peak_rss_bytes,db_bytes,process_rchar_bytes,process_wchar_bytes,process_read_bytes,process_write_bytes,target_device_read_bytes,target_device_write_bytes,target_device_busy_ms,wal_syncs,wal_bytes,writes_with_wal,flush_write_bytes,compact_read_bytes,compact_write_bytes,stall_us,latest_seq_near_client_end,projected_seq_near_client_end,destination_seq_near_client_end,projection_backlog_records_near_client_end,gc_prefix_near_client_end,gc_backlog_records_near_client_end,gc_prefix_after_settle,watermark_updates
1,queue_echo,3,1,10000000,10000000,,,,,,3.843968635,2601478.042,10.277076125,3.843984094,2.673548,1027.708,671,9448,155809,18288040,24001998,25508070,116031488,,11480,0,0,0,0,2150400,6,,,,,,,,,,,,,,,
2,foreground_persistence,3,1,10000000,10000000,5000000,5000000,10000000,0,0,236.327227,42314.21,272.940076,236.327227,1.154924,27294.008,0,11,155808,1173622653,1777669317,2061058428,806174720,635041800,47667845547,3807691023,0,3827970048,1310720,3969490944,13720,4883,1620170905,4883,631307411,1455580675,1555367934,0,10150000,150000,150000,10000000,0,10150000,0,0
3,integrated_pipeline,3,1,10000000,10000000,5000000,5000000,10000000,0,0,271.262563,36864.652,340.302878,271.262563,1.254515,34030.288,0,2173,155808,1333134295,2095206308,2434177440,1860009984,613015952,51447965157,4058821720,0,4260286464,65536,4935241728,53865,49148,1669551639,49164,653115689,1686663558,1734773940,0,10150000,10148336,10148592,1664,1254656,8895344,10150000,322
4,queue_echo,4,1,10000000,10000000,,,,,,3.327261859,3005474.298,10.776212934,3.32727815,3.238747,1077.621,891,11583,155809,15850349,19951176,21353755,116064256,,11480,0,0,0,0,503808,5,,,,,,,,,,,,,,,
5,foreground_persistence,4,1,10000000,10000000,5000000,5000000,10000000,0,0,238.747247,41885.3,281.536657,238.747247,1.179225,28153.666,1000,23,155808,1178753219,1777848193,2120311365,808251392,634358609,47765707795,3805379212,0,3825733632,2629632,3960684544,13776,4883,1620170905,4883,630811659,1450998757,1553621577,0,10150000,150000,150000,10000000,0,10150000,0,0
6,integrated_pipeline,4,1,10000000,10000000,5000000,5000000,10000000,0,0,270.151243,37016.302,343.908706,270.151243,1.273023,34390.871,0,12,155808,1322460449,2060255285,2503881716,1884930048,611314770,51490862568,4052362333,0,4253970432,0,4925935616,54021,49153,1669532351,49164,651621126,1678297553,1729973122,0,10150000,10148336,10148592,1664,1254400,8895600,10150000,325
7,queue_echo,6,1,10000000,10000000,,,,,,3.600366673,2777494.88,15.975084631,3.60038653,4.437047,1597.508,1212,20848,155809,17758138,20241676,21433662,115871744,,11480,0,0,0,0,200704,165,,,,,,,,,,,,,,,
8,foreground_persistence,6,1,10000000,10000000,5000000,5000000,10000000,0,0,257.792137,38790.943,303.979094,257.792137,1.179164,30397.909,0,1563,155808,1197880578,1866773546,4565029899,801468416,638054869,47731641827,3817987047,0,3838382080,45056,3994181632,30944,4883,1620170905,4883,634311706,1462598550,1562771586,0,10150000,150000,150000,10000000,0,10150000,0,0
9,integrated_pipeline,6,1,10000000,10000000,5000000,5000000,10000000,0,0,271.147286,36880.325,366.094372,271.147286,1.350168,36609.437,1000,133,155808,1333219392,2070139718,2485035382,1857929216,613962996,51426493553,4061016736,0,4262830080,204800,4955234304,53507,49167,1669659197,49175,654053821,1688232912,1736191501,0,10150000,10148336,10148592,1664,1257728,8892272,10150000,323
10,queue_echo,8,1,10000000,10000000,,,,,,3.781827352,2644224.357,19.106056829,3.781840586,5.052052,1910.606,1103,19823,155809,18867727,21244094,22662933,116076544,,11481,0,0,0,0,90112,126,,,,,,,,,,,,,,,
11,foreground_persistence,8,1,10000000,10000000,5000000,5000000,10000000,0,0,245.974268,40654.659,321.430265,245.974268,1.306764,32143.026,0,587,155808,1201544474,1813757797,2208492546,802746368,638543479,47839295691,3819328619,0,3839729664,8192,3986575360,17537,4883,1620170905,4883,634740607,1462174695,1563703360,0,10150000,150000,150000,10000000,0,10150000,0,0
12,integrated_pipeline,8,1,10000000,10000000,5000000,5000000,10000000,0,0,276.711515,36138.72,392.959713,276.711515,1.420106,39295.971,1000,1695,155808,1359082985,2111703677,2474607624,1869344768,749235714,51537891124,4063014207,0,4264943616,671744,4983324672,53841,49186,1669873853,49195,655055976,1689575702,1737029520,0,10150000,10148336,10148592,1664,1263360,8886640,10150000,320
13,queue_echo,4,2,10000000,10000000,,,,,,3.498802667,2858120.606,11.348547905,3.498816564,3.243539,1134.855,1062,14421,155809,16566288,21438692,22700046,116269056,,11480,0,0,0,0,65536,2,,,,,,,,,,,,,,,
14,foreground_persistence,4,2,10000000,10000000,5000000,5000000,10000000,0,0,234.485566,42646.548,275.58818,234.485566,1.175288,27558.818,0,2095,155808,1157739454,1752832126,2130229115,805629952,633393741,47630056672,3802303898,0,3822645248,0,3953319936,13586,4883,1620170905,4883,629927881,1451315283,1551433517,0,10150000,150000,150000,10000000,0,10150000,0,0
15,integrated_pipeline,4,2,10000000,10000000,5000000,5000000,10000000,0,0,271.051734,36893.326,344.75901,271.051734,1.271931,34475.901,0,2225,155808,1333585420,2084993514,2483038051,1884307456,611435955,51413586134,4053696442,0,4255272960,0,4954361856,53561,49138,1669395605,49151,651683999,1683951967,1731406094,0,10150000,10148592,10148592,1408,1250816,8899184,10150000,324
16,queue_echo,6,2,10000000,10000000,,,,,,3.537317443,2827001.015,15.930644681,3.537331139,4.503577,1593.064,862,15694,155809,17273134,19399531,20448837,116293632,,11480,0,0,0,0,0,0,,,,,,,,,,,,,,,
17,foreground_persistence,6,2,10000000,10000000,5000000,5000000,10000000,0,0,241.210995,41457.48,304.43745,241.210995,1.262121,30443.745,1000,73,155808,1191515457,1799049218,2043404860,817266688,638094329,47842213447,3817096288,0,3837472768,77824,3978567680,13842,4883,1620170905,4883,634243668,1459273670,1561947614,0,10150000,150000,150000,10000000,0,10150000,0,0
18,integrated_pipeline,6,2,10000000,10000000,5000000,5000000,10000000,0,0,272.203777,36737.183,367.873724,272.203777,1.351464,36787.372,0,1607,155808,1337250244,2079467825,2452847466,1840738304,614178352,51529297321,4061155075,0,4262928384,0,4974731264,53704,49160,1669610431,49172,654196077,1684941220,1736225017,0,10150000,10148336,10148592,1664,1256448,8893552,10150000,324
19,queue_echo,8,2,10000000,10000000,,,,,,3.650102136,2739649.365,18.514481732,3.65011507,5.072301,1851.448,902,22454,155809,17932158,20826615,22619778,115933184,,11480,0,0,0,0,589824,3,,,,,,,,,,,,,,,
20,foreground_persistence,8,2,10000000,10000000,5000000,5000000,10000000,0,0,241.050044,41485.161,321.178637,241.050044,1.332415,32117.864,1000,688,155808,1167677536,1800054482,2152723106,802308096,638333548,47615254926,3841497293,0,3861917696,0,4002942976,14317,4883,1620170905,4883,634938513,1482586345,1585673852,0,10150000,150000,150000,10000000,0,10150000,0,0
21,integrated_pipeline,8,2,10000000,10000000,5000000,5000000,10000000,0,0,273.035792,36625.235,387.767431,273.035792,1.420207,38776.743,1000,197,155808,1341153165,2099938160,2471331140,1843621888,614728556,51531675526,4065122008,0,4266901504,0,4970397696,53875,49153,1669522411,49160,655112097,1689100035,1739429452,0,10150000,10148336,10148592,1664,1254144,8895856,10150000,322
22,queue_echo,3,2,10000000,10000000,,,,,,3.703218083,2700354.064,9.854689909,3.703230907,2.661106,985.469,651,13489,155809,18037080,20679023,23131592,116039680,,11480,0,0,0,0,204800,92,,,,,,,,,,,,,,,
23,foreground_persistence,3,2,10000000,10000000,5000000,5000000,10000000,0,0,248.659571,40215.625,273.048138,248.659571,1.09808,27304.814,0,575,155808,1184836666,1818251513,4039871566,806916096,634976932,47818855141,3807470829,0,3827752960,0,3987128320,26012,4883,1620170905,4883,631251496,1455710819,1555209115,0,10150000,150000,150000,10000000,0,10150000,0,0
24,integrated_pipeline,3,2,10000000,10000000,5000000,5000000,10000000,0,0,300.90774,33232.778,337.17226,300.90774,1.120517,33717.226,0,16,155808,1314342741,2105486083,11747531383,1882836992,613313781,51451362924,4058956732,0,4260360192,98304,5002575872,89556,49143,1669405243,49148,652956948,1684891883,1735182740,0,10150000,10148336,10148592,1664,1251072,8898928,10150000,322
25,queue_echo,6,3,10000000,10000000,,,,,,3.412696696,2930234.032,15.027538747,3.412710011,4.403403,1502.754,772,21772,155809,17159943,18735667,19911310,116219904,,11481,0,0,0,0,663552,71,,,,,,,,,,,,,,,
26,foreground_persistence,6,3,10000000,10000000,5000000,5000000,10000000,0,0,239.44435,41763.357,299.66846,239.44435,1.251516,29966.846,0,20,155808,1164156202,1788854883,2104517400,804646912,637788980,47920751255,3816229103,0,3836616704,126976,3976622080,16524,4883,1620170905,4883,633921613,1459441447,1561402304,0,10150000,150000,150000,10000000,0,10150000,0,0
27,integrated_pipeline,6,3,10000000,10000000,5000000,5000000,10000000,0,0,270.468767,36972.846,367.665371,270.468767,1.359364,36766.537,1000,19,155808,1329838753,2065287403,2506809059,1855639552,614277048,51411335249,4061690018,0,4263469056,0,4964519936,53316,49171,1669747181,49187,654350632,1688923475,1736451806,0,10150000,10148592,10148592,1408,1260032,8889968,10150000,325
28,queue_echo,8,3,10000000,10000000,,,,,,3.685208623,2713550.581,19.565927655,3.68522292,5.309293,1956.593,752,16467,155809,18323812,20458784,21264455,115826688,,11480,0,0,0,0,442368,16,,,,,,,,,,,,,,,
29,foreground_persistence,8,3,10000000,10000000,5000000,5000000,10000000,0,0,237.933841,42028.49,318.421722,237.933841,1.338278,31842.172,1000,482,155808,1166798017,1771721450,2114516717,803401728,638896317,47810154220,3820243799,0,3840659456,0,3986190336,13616,4883,1620170905,4883,635097746,1461520199,1564263257,0,10150000,150000,150000,10000000,0,10150000,0,0
30,integrated_pipeline,8,3,10000000,10000000,5000000,5000000,10000000,0,0,271.238732,36867.891,389.6415,271.238732,1.436526,38964.150,1000,106,155808,1322778294,2063326645,2476742473,1869176832,749380896,51565588935,4063810260,0,4265742336,0,4963033088,53604,49190,1669893569,49199,655248767,1687547323,1737610859,0,10150000,10148336,10148592,1664,1263872,8886128,10150000,323
31,queue_echo,3,3,10000000,10000000,,,,,,3.710172175,2695292.706,9.830069398,3.710189718,2.649479,983.007,822,10956,155809,18110110,20549602,22302036,115736576,,11480,0,0,0,0,823296,1,,,,,,,,,,,,,,,
32,foreground_persistence,3,3,10000000,10000000,5000000,5000000,10000000,0,0,234.099048,42716.961,269.984073,234.099048,1.15329,26998.407,0,2132,155808,1163356797,1723368585,2141336509,801607680,634725869,47521824591,3825255628,0,3845525504,16384,3984404480,13688,4883,1620170905,4883,631319935,1470766789,1572905244,0,10150000,150000,150000,10000000,0,10150000,0,0
33,integrated_pipeline,3,3,10000000,10000000,5000000,5000000,10000000,0,0,270.120353,37020.535,338.201837,270.120353,1.252041,33820.184,1000,2889,155808,1325952191,2068038319,2411307390,1841528832,613156071,51278911222,4058986405,0,4260425728,0,4999290880,53900,49144,1669454051,49154,652951371,1688895121,1735196185,0,10150000,10148336,10148592,1664,1252096,8897904,10150000,322
34,queue_echo,4,3,10000000,10000000,,,,,,3.303501162,3027091.413,10.696529896,3.303517823,3.237921,1069.653,682,18993,155809,15713054,19867522,20774543,116117504,,11480,0,0,0,0,73728,131,,,,,,,,,,,,,,,
35,foreground_persistence,4,3,10000000,10000000,5000000,5000000,10000000,0,0,236.996509,42194.714,276.04976,236.996509,1.164784,27604.976,0,20,155808,1165313140,1772846336,2098389878,806940672,633005794,47789959917,3801210530,0,3821547520,0,3976138752,15950,4883,1620170905,4883,629575971,1449917791,1550686084,0,10150000,150000,150000,10000000,0,10150000,0,0
36,integrated_pipeline,4,3,10000000,10000000,5000000,5000000,10000000,0,0,271.039105,36895.045,344.480115,271.039105,1.270961,34448.012,0,2412,155808,1326752264,2075881670,2479852499,1857445888,611385042,51389623730,4053700250,0,4255309824,0,4952522752,54101,49148,1669395699,49150,651680310,1682276645,1731391369,0,10150000,10148336,10148592,1664,1250816,8899184,10150000,324
