trial_index,scenario,runtime_workers,repetition,projection_enabled,gc_enabled,projection_batches,projection_records,gc_steps,gc_scanned_during_clients,gc_deleted_during_clients,gc_backlog_records_near_client_end,latest_seq_near_client_end,projected_seq_near_client_end,destination_seq_near_client_end,projection_backlog_records_near_client_end,gc_prefix_near_client_end,gc_prefix_after_settle,watermark_updates,wal_syncs,wal_bytes,writes_with_wal,flush_write_bytes,compact_read_bytes,compact_write_bytes,stall_us
1,queue_echo,3,1,false,false,,,,,,,,,,,,,,,,,,,,
2,foreground_persistence,3,1,false,false,0,0,0,0,0,10150000,10150000,150000,150000,10000000,0,0,0,4883,1620170905,4883,631307411,1455580675,1555367934,0
3,integrated_pipeline,3,1,true,true,39056,9998336,4901,1254656,1254656,8895344,10150000,10148336,10148592,1664,1254656,10150000,322,49148,1669551639,49164,653115689,1686663558,1734773940,0
4,queue_echo,4,1,false,false,,,,,,,,,,,,,,,,,,,,
5,foreground_persistence,4,1,false,false,0,0,0,0,0,10150000,10150000,150000,150000,10000000,0,0,0,4883,1620170905,4883,630811659,1450998757,1553621577,0
6,integrated_pipeline,4,1,true,true,39056,9998336,4900,1254400,1254400,8895600,10150000,10148336,10148592,1664,1254400,10150000,325,49153,1669532351,49164,651621126,1678297553,1729973122,0
7,queue_echo,6,1,false,false,,,,,,,,,,,,,,,,,,,,
8,foreground_persistence,6,1,false,false,0,0,0,0,0,10150000,10150000,150000,150000,10000000,0,0,0,4883,1620170905,4883,634311706,1462598550,1562771586,0
9,integrated_pipeline,6,1,true,true,39056,9998336,4913,1257728,1257728,8892272,10150000,10148336,10148592,1664,1257728,10150000,323,49167,1669659197,49175,654053821,1688232912,1736191501,0
10,queue_echo,8,1,false,false,,,,,,,,,,,,,,,,,,,,
11,foreground_persistence,8,1,false,false,0,0,0,0,0,10150000,10150000,150000,150000,10000000,0,0,0,4883,1620170905,4883,634740607,1462174695,1563703360,0
12,integrated_pipeline,8,1,true,true,39056,9998336,4935,1263360,1263360,8886640,10150000,10148336,10148592,1664,1263360,10150000,320,49186,1669873853,49195,655055976,1689575702,1737029520,0
13,queue_echo,4,2,false,false,,,,,,,,,,,,,,,,,,,,
14,foreground_persistence,4,2,false,false,0,0,0,0,0,10150000,10150000,150000,150000,10000000,0,0,0,4883,1620170905,4883,629927881,1451315283,1551433517,0
15,integrated_pipeline,4,2,true,true,39056,9998336,4886,1250816,1250816,8899184,10150000,10148592,10148592,1408,1250816,10150000,324,49138,1669395605,49151,651683999,1683951967,1731406094,0
16,queue_echo,6,2,false,false,,,,,,,,,,,,,,,,,,,,
17,foreground_persistence,6,2,false,false,0,0,0,0,0,10150000,10150000,150000,150000,10000000,0,0,0,4883,1620170905,4883,634243668,1459273670,1561947614,0
18,integrated_pipeline,6,2,true,true,39056,9998336,4908,1256448,1256448,8893552,10150000,10148336,10148592,1664,1256448,10150000,324,49160,1669610431,49172,654196077,1684941220,1736225017,0
19,queue_echo,8,2,false,false,,,,,,,,,,,,,,,,,,,,
20,foreground_persistence,8,2,false,false,0,0,0,0,0,10150000,10150000,150000,150000,10000000,0,0,0,4883,1620170905,4883,634938513,1482586345,1585673852,0
21,integrated_pipeline,8,2,true,true,39056,9998336,4899,1254144,1254144,8895856,10150000,10148336,10148592,1664,1254144,10150000,322,49153,1669522411,49160,655112097,1689100035,1739429452,0
22,queue_echo,3,2,false,false,,,,,,,,,,,,,,,,,,,,
23,foreground_persistence,3,2,false,false,0,0,0,0,0,10150000,10150000,150000,150000,10000000,0,0,0,4883,1620170905,4883,631251496,1455710819,1555209115,0
24,integrated_pipeline,3,2,true,true,39056,9998336,4887,1251072,1251072,8898928,10150000,10148336,10148592,1664,1251072,10150000,322,49143,1669405243,49148,652956948,1684891883,1735182740,0
25,queue_echo,6,3,false,false,,,,,,,,,,,,,,,,,,,,
26,foreground_persistence,6,3,false,false,0,0,0,0,0,10150000,10150000,150000,150000,10000000,0,0,0,4883,1620170905,4883,633921613,1459441447,1561402304,0
27,integrated_pipeline,6,3,true,true,39057,9998592,4922,1260032,1260032,8889968,10150000,10148592,10148592,1408,1260032,10150000,325,49171,1669747181,49187,654350632,1688923475,1736451806,0
28,queue_echo,8,3,false,false,,,,,,,,,,,,,,,,,,,,
29,foreground_persistence,8,3,false,false,0,0,0,0,0,10150000,10150000,150000,150000,10000000,0,0,0,4883,1620170905,4883,635097746,1461520199,1564263257,0
30,integrated_pipeline,8,3,true,true,39056,9998336,4937,1263872,1263872,8886128,10150000,10148336,10148592,1664,1263872,10150000,323,49190,1669893569,49199,655248767,1687547323,1737610859,0
31,queue_echo,3,3,false,false,,,,,,,,,,,,,,,,,,,,
32,foreground_persistence,3,3,false,false,0,0,0,0,0,10150000,10150000,150000,150000,10000000,0,0,0,4883,1620170905,4883,631319935,1470766789,1572905244,0
33,integrated_pipeline,3,3,true,true,39056,9998336,4891,1252096,1252096,8897904,10150000,10148336,10148592,1664,1252096,10150000,322,49144,1669454051,49154,652951371,1688895121,1735196185,0
34,queue_echo,4,3,false,false,,,,,,,,,,,,,,,,,,,,
35,foreground_persistence,4,3,false,false,0,0,0,0,0,10150000,10150000,150000,150000,10000000,0,0,0,4883,1620170905,4883,629575971,1449917791,1550686084,0
36,integrated_pipeline,4,3,true,true,39056,9998336,4886,1250816,1250816,8899184,10150000,10148336,10148592,1664,1250816,10150000,324,49148,1669395699,49150,651680310,1682276645,1731391369,0
