trial_index,scenario,runtime_workers,repetition,expected_requests,cpu_affinity,status,exit_code,stdout_log,stderr_log
1,queue_echo,3,1,10000000,0-15,complete,0,trials/trial-01-queue_echo_t3_r1/trial-01.stdout.log,trials/trial-01-queue_echo_t3_r1/trial-01.stderr.log
2,foreground_persistence,3,1,10000000,0-15,complete,0,trials/trial-02-foreground_persistence_t3_r1/trial-02.stdout.log,trials/trial-02-foreground_persistence_t3_r1/trial-02.stderr.log
3,integrated_pipeline,3,1,10000000,0-15,complete,0,trials/trial-03-integrated_pipeline_t3_r1/trial-03.stdout.log,trials/trial-03-integrated_pipeline_t3_r1/trial-03.stderr.log
4,queue_echo,4,1,10000000,0-15,complete,0,trials/trial-04-queue_echo_t4_r1/trial-04.stdout.log,trials/trial-04-queue_echo_t4_r1/trial-04.stderr.log
5,foreground_persistence,4,1,10000000,0-15,complete,0,trials/trial-05-foreground_persistence_t4_r1/trial-05.stdout.log,trials/trial-05-foreground_persistence_t4_r1/trial-05.stderr.log
6,integrated_pipeline,4,1,10000000,0-15,complete,0,trials/trial-06-integrated_pipeline_t4_r1/trial-06.stdout.log,trials/trial-06-integrated_pipeline_t4_r1/trial-06.stderr.log
7,queue_echo,6,1,10000000,0-15,complete,0,trials/trial-07-queue_echo_t6_r1/trial-07.stdout.log,trials/trial-07-queue_echo_t6_r1/trial-07.stderr.log
8,foreground_persistence,6,1,10000000,0-15,complete,0,trials/trial-08-foreground_persistence_t6_r1/trial-08.stdout.log,trials/trial-08-foreground_persistence_t6_r1/trial-08.stderr.log
9,integrated_pipeline,6,1,10000000,0-15,complete,0,trials/trial-09-integrated_pipeline_t6_r1/trial-09.stdout.log,trials/trial-09-integrated_pipeline_t6_r1/trial-09.stderr.log
10,queue_echo,8,1,10000000,0-15,complete,0,trials/trial-10-queue_echo_t8_r1/trial-10.stdout.log,trials/trial-10-queue_echo_t8_r1/trial-10.stderr.log
11,foreground_persistence,8,1,10000000,0-15,complete,0,trials/trial-11-foreground_persistence_t8_r1/trial-11.stdout.log,trials/trial-11-foreground_persistence_t8_r1/trial-11.stderr.log
12,integrated_pipeline,8,1,10000000,0-15,complete,0,trials/trial-12-integrated_pipeline_t8_r1/trial-12.stdout.log,trials/trial-12-integrated_pipeline_t8_r1/trial-12.stderr.log
13,queue_echo,4,2,10000000,0-15,complete,0,trials/trial-13-queue_echo_t4_r2/trial-13.stdout.log,trials/trial-13-queue_echo_t4_r2/trial-13.stderr.log
14,foreground_persistence,4,2,10000000,0-15,complete,0,trials/trial-14-foreground_persistence_t4_r2/trial-14.stdout.log,trials/trial-14-foreground_persistence_t4_r2/trial-14.stderr.log
15,integrated_pipeline,4,2,10000000,0-15,complete,0,trials/trial-15-integrated_pipeline_t4_r2/trial-15.stdout.log,trials/trial-15-integrated_pipeline_t4_r2/trial-15.stderr.log
16,queue_echo,6,2,10000000,0-15,complete,0,trials/trial-16-queue_echo_t6_r2/trial-16.stdout.log,trials/trial-16-queue_echo_t6_r2/trial-16.stderr.log
17,foreground_persistence,6,2,10000000,0-15,complete,0,trials/trial-17-foreground_persistence_t6_r2/trial-17.stdout.log,trials/trial-17-foreground_persistence_t6_r2/trial-17.stderr.log
18,integrated_pipeline,6,2,10000000,0-15,complete,0,trials/trial-18-integrated_pipeline_t6_r2/trial-18.stdout.log,trials/trial-18-integrated_pipeline_t6_r2/trial-18.stderr.log
19,queue_echo,8,2,10000000,0-15,complete,0,trials/trial-19-queue_echo_t8_r2/trial-19.stdout.log,trials/trial-19-queue_echo_t8_r2/trial-19.stderr.log
20,foreground_persistence,8,2,10000000,0-15,complete,0,trials/trial-20-foreground_persistence_t8_r2/trial-20.stdout.log,trials/trial-20-foreground_persistence_t8_r2/trial-20.stderr.log
21,integrated_pipeline,8,2,10000000,0-15,complete,0,trials/trial-21-integrated_pipeline_t8_r2/trial-21.stdout.log,trials/trial-21-integrated_pipeline_t8_r2/trial-21.stderr.log
22,queue_echo,3,2,10000000,0-15,complete,0,trials/trial-22-queue_echo_t3_r2/trial-22.stdout.log,trials/trial-22-queue_echo_t3_r2/trial-22.stderr.log
23,foreground_persistence,3,2,10000000,0-15,complete,0,trials/trial-23-foreground_persistence_t3_r2/trial-23.stdout.log,trials/trial-23-foreground_persistence_t3_r2/trial-23.stderr.log
24,integrated_pipeline,3,2,10000000,0-15,complete,0,trials/trial-24-integrated_pipeline_t3_r2/trial-24.stdout.log,trials/trial-24-integrated_pipeline_t3_r2/trial-24.stderr.log
25,queue_echo,6,3,10000000,0-15,complete,0,trials/trial-25-queue_echo_t6_r3/trial-25.stdout.log,trials/trial-25-queue_echo_t6_r3/trial-25.stderr.log
26,foreground_persistence,6,3,10000000,0-15,complete,0,trials/trial-26-foreground_persistence_t6_r3/trial-26.stdout.log,trials/trial-26-foreground_persistence_t6_r3/trial-26.stderr.log
27,integrated_pipeline,6,3,10000000,0-15,complete,0,trials/trial-27-integrated_pipeline_t6_r3/trial-27.stdout.log,trials/trial-27-integrated_pipeline_t6_r3/trial-27.stderr.log
28,queue_echo,8,3,10000000,0-15,complete,0,trials/trial-28-queue_echo_t8_r3/trial-28.stdout.log,trials/trial-28-queue_echo_t8_r3/trial-28.stderr.log
29,foreground_persistence,8,3,10000000,0-15,complete,0,trials/trial-29-foreground_persistence_t8_r3/trial-29.stdout.log,trials/trial-29-foreground_persistence_t8_r3/trial-29.stderr.log
30,integrated_pipeline,8,3,10000000,0-15,complete,0,trials/trial-30-integrated_pipeline_t8_r3/trial-30.stdout.log,trials/trial-30-integrated_pipeline_t8_r3/trial-30.stderr.log
31,queue_echo,3,3,10000000,0-15,complete,0,trials/trial-31-queue_echo_t3_r3/trial-31.stdout.log,trials/trial-31-queue_echo_t3_r3/trial-31.stderr.log
32,foreground_persistence,3,3,10000000,0-15,complete,0,trials/trial-32-foreground_persistence_t3_r3/trial-32.stdout.log,trials/trial-32-foreground_persistence_t3_r3/trial-32.stderr.log
33,integrated_pipeline,3,3,10000000,0-15,complete,0,trials/trial-33-integrated_pipeline_t3_r3/trial-33.stdout.log,trials/trial-33-integrated_pipeline_t3_r3/trial-33.stderr.log
34,queue_echo,4,3,10000000,0-15,complete,0,trials/trial-34-queue_echo_t4_r3/trial-34.stdout.log,trials/trial-34-queue_echo_t4_r3/trial-34.stderr.log
35,foreground_persistence,4,3,10000000,0-15,complete,0,trials/trial-35-foreground_persistence_t4_r3/trial-35.stdout.log,trials/trial-35-foreground_persistence_t4_r3/trial-35.stderr.log
36,integrated_pipeline,4,3,10000000,0-15,complete,0,trials/trial-36-integrated_pipeline_t4_r3/trial-36.stdout.log,trials/trial-36-integrated_pipeline_t4_r3/trial-36.stderr.log
