case,stage,unit,sample_count,p50,p95,p99
integrated_pipeline,request.total,ns,155808,1333585420,2084993514,2483038051
integrated_pipeline,request.admission,ns,155808,481,1744,5500
integrated_pipeline,request.enqueue,ns,155808,70,160,240
integrated_pipeline,request.queue,ns,155808,1279680180,2000075860,2392665404
integrated_pipeline,request.batch,ns,155808,141927,1276883,1803832
integrated_pipeline,request.handler,ns,155808,52196488,82826603,100750637
integrated_pipeline,request.response,ns,155808,822001,1933245,2313628
integrated_pipeline,request.historical_lookup,ns,0,0,0,0
integrated_pipeline,request.historical_hit_lookup,ns,0,0,0,0
integrated_pipeline,request.historical_miss_lookup,ns,0,0,0,0
integrated_pipeline,projection.read,ns,39056,292719,501179,622787
integrated_pipeline,projection.apply,ns,39056,142387,236002,406011
integrated_pipeline,projection.progress_sync,ns,39056,959539,2130785,3164493
integrated_pipeline,projection.total,ns,39056,1453595,2720260,4301624
integrated_pipeline,gc.scan,ns,4886,5919115,10173563,12437034
integrated_pipeline,gc.delete_build,ns,4886,50114,101674,184664
integrated_pipeline,gc.sync_write,ns,4886,1718251,2420999,3322459
integrated_pipeline,gc.total,ns,4886,53716427,84177206,102897523
integrated_pipeline,watermark.fence_wait,ns,324,767482076,1564848715,1742250295
integrated_pipeline,watermark.projection_wait,ns,324,12168974,14212656,644717136
integrated_pipeline,watermark.persist,ns,324,955090,1065547,2544440
integrated_pipeline,watermark.total,ns,324,789412307,1577913008,1754154272
integrated_pipeline,checkpoint.total,ns,0,0,0,0
integrated_pipeline,checkpoint.chunk_sync,ns,0,0,0,0
integrated_pipeline,checkpoint.manifest_sync,ns,0,0,0,0
