stage,unit,scope,sample_count,p50_ns,p95_ns,p99_ns
request.total,ns,per_sample_request,155808,648551278,956952310,1124482976
request.admission,ns,per_sample_request,155808,621,2274,9648
request.enqueue,ns,per_sample_request,155808,70,161,270
request.queue,ns,per_sample_request,155808,622648959,921744643,1079961055
request.batch,ns,per_sample_request,155808,147897,1439027,1761822
request.handler,ns,per_sample_request,155808,24261555,34812908,54296259
request.response,ns,per_sample_request,155808,853450,1954964,2237874
dispatch.wait,ns,per_batch_wall,4883,1764,2795,3567
batch_gate.wait,ns,per_batch_exclusive_batch_gate_lock_wait,4883,6503117,11415893,14147712
keyprep,ns,per_batch_wall,4883,84278,248516,288480
query.wall,ns,per_batch_wall_from_keyprep_start_to_all_groups_validated,4883,6736073,11810221,13077737
lookup.blocking_pool_wait,ns,per_batch_sum_of_group_waits_overlapping,4883,91711,165370,1224915
lookup.native_get,ns,per_batch_sum_of_get_or_multiget_call_durations,4883,46095942,83009216,90268857
lookup.decode_validate,ns,per_batch_sum_of_record_decode_and_key_validation,4883,0,0,0
lookup.submit_to_collection,ns,per_batch_sum_of_overlapping_group_durations,4883,46485402,83307175,90617852
apply.blocking_pool_wait,ns,per_batch_sequential_apply_worker_wait,4883,11271,16731,24686
apply.submit_to_collection,ns,per_batch_worker_wall_including_pool_wait,4883,10512490,12314547,18260870
sequential_apply_build,ns,per_batch_sequential_apply_and_build_after_prefetch,4883,992650,1237509,1483730
write.sync_write_batch,ns,per_batch_sync_write_call,4883,9386139,11080154,17096388
memory.publish,ns,per_batch_state_publish_wall,4883,249728,293350,332073
lookup_group.blocking_pool_wait,ns,per_group_worker_start_minus_submit,39063,11231,17873,37750
lookup_group.native_get,ns,per_group_multiget_call_wall,39063,5807824,10193372,11859995
lookup_group.decode_validate,ns,per_group_record_decode_and_key_validation_sum,39063,0,0,0
lookup_group.submit_to_collection,ns,per_group_submit_to_join_completion_wall,39063,5853218,10237955,11918565
