mode,payload_bytes,concurrency,independent_channels,repetition,cpu_layout,issued,completed,errors,completed_rps,issue_window_s,completion_window_s,drain_s,client_cpu_core_equiv,server_cpu_core_equiv,client_cpu_ns,server_cpu_ns,server_cpu_window_ns,server_cpu_start_offset_ns,server_cpu_end_offset_ns,client_peak_rss_bytes,server_peak_rss_bytes,fixed_rate_skipped_ticks,heartbeat_count,heartbeat_mean_ns,heartbeat_p95_ns,heartbeat_p99_ns,heartbeat_max_ns,heartbeat_missed_ticks,preflight_cpu_busy_pct,preflight_disk_busy_pct,preflight_mem_available_bytes,preflight_loopback_bytes,preflight_loopback_packets,preflight_observation_ms,measurement_loopback_rx_bytes,measurement_loopback_rx_packets,measurement_loopback_tx_bytes,measurement_loopback_tx_packets,tcp_sampled_max_send_q,tcp_sampled_max_recv_q,target_disk,disk_busy_ms_start,disk_busy_ms_end,client_read_bytes_start,client_read_bytes_end,client_write_bytes_start,client_write_bytes_end,server_read_bytes_start,server_read_bytes_end,server_write_bytes_start,server_write_bytes_end,client_rchar_start,client_rchar_end,client_wchar_start,client_wchar_end,client_syscr_start,client_syscr_end,client_syscw_start,client_syscw_end,client_cancelled_write_bytes_start,client_cancelled_write_bytes_end,server_rchar_start,server_rchar_end,server_wchar_start,server_wchar_end,server_syscr_start,server_syscr_end,server_syscw_start,server_syscw_end,server_cancelled_write_bytes_start,server_cancelled_write_bytes_end,per_core_cpu_softirq_delta,network_scope,e2e_count,e2e_total_ns,e2e_mean_ns,e2e_p50_ns,e2e_p95_ns,e2e_p99_ns,e2e_p999_ns,t0_t1_count,t0_t1_total_ns,t0_t1_mean_ns,t0_t1_p50_ns,t0_t1_p95_ns,t0_t1_p99_ns,t0_t1_p999_ns,t1_t2_count,t1_t2_total_ns,t1_t2_mean_ns,t1_t2_p50_ns,t1_t2_p95_ns,t1_t2_p99_ns,t1_t2_p999_ns,t2_t3_count,t2_t3_total_ns,t2_t3_mean_ns,t2_t3_p50_ns,t2_t3_p95_ns,t2_t3_p99_ns,t2_t3_p999_ns
closed_loop,128,256,1,1,3/3,1629482,1629482,0,81464.137750594,20.000624645,20.002445800,0.001821155,1.837761750,2.039713647,36759729801,40800000000,20002807778,-168215,193763,71036928,9748480,0,18557,704998.696233227,1132497,1486657,3101925,1444,1.379887100,0.100000000,46995091456,119080,998,3000,668895592,669260,668895592,669260,16268,26870,sdb2,2447433782,2447433811,0,0,0,0,0,0,0,0,16335,16341,83832716,410355907,25,26,84182,373385,0,0,16335,16335,79163501,387284700,25,25,124539,537740,0,0,"cpu0:busy_pct=39.248,softirq_pct=1.377,ticks=1888;cpu1:busy_pct=37.526,softirq_pct=1.263,ticks=1900;cpu10:busy_pct=15.278,softirq_pct=0.307,ticks=1957;cpu11:busy_pct=34.380,softirq_pct=0.942,ticks=1911;cpu12:busy_pct=42.520,softirq_pct=1.340,ticks=1865;cpu13:busy_pct=24.636,softirq_pct=0.728,ticks=1924;cpu14:busy_pct=2.352,softirq_pct=0.050,ticks=1998;cpu15:busy_pct=2.953,softirq_pct=0.050,ticks=1998;cpu2:busy_pct=27.890,softirq_pct=0.778,ticks=1929;cpu3:busy_pct=36.737,softirq_pct=1.368,ticks=1900;cpu4:busy_pct=42.773,softirq_pct=1.397,ticks=1861;cpu5:busy_pct=36.210,softirq_pct=1.218,ticks=1889;cpu6:busy_pct=1.907,softirq_pct=0.000,ticks=1993;cpu7:busy_pct=2.406,softirq_pct=0.000,ticks=1995;cpu8:busy_pct=43.199,softirq_pct=1.222,ticks=1882;cpu9:busy_pct=34.030,softirq_pct=0.784,ticks=1913",localhost-loopback-only,1629482,5119488867953,3141789.150142806,2926608,5077821,6160401,6997592,1629482,3804599886852,2334852.356056710,2165060,3920722,4533461,5239454,1629482,600807359,368.710644855,290,691,1112,15810,1629482,1314288173742,806568.083441241,752201,1701972,2124183,2627878
closed_loop,128,256,1,2,3/3,1596421,1596421,0,79815.897412908,20.000521755,20.001291118,0.000769363,1.798760347,2.007339026,35977529352,40150000000,20001603854,-157605,155131,69738496,9715712,0,18831,596340.075088949,1068762,1382669,1832750,1169,1.524008351,0.000000000,47029960704,112384,934,3000,655540286,659764,655540286,659764,16342,22721,sdb2,2447433818,2447433835,0,0,0,0,0,0,0,0,16335,16341,79891218,399844874,25,26,94395,397804,0,0,16335,16335,75362138,377232980,25,25,113141,508547,0,0,"cpu0:busy_pct=40.926,softirq_pct=1.384,ticks=1879;cpu1:busy_pct=36.642,softirq_pct=1.109,ticks=1894;cpu10:busy_pct=17.391,softirq_pct=0.358,ticks=1955;cpu11:busy_pct=41.241,softirq_pct=1.420,ticks=1901;cpu12:busy_pct=34.960,softirq_pct=1.061,ticks=1885;cpu13:busy_pct=23.049,softirq_pct=0.724,ticks=1935;cpu14:busy_pct=2.556,softirq_pct=0.000,ticks=1995;cpu15:busy_pct=3.161,softirq_pct=0.000,ticks=1993;cpu2:busy_pct=24.002,softirq_pct=0.622,ticks=1929;cpu3:busy_pct=42.318,softirq_pct=1.835,ticks=1907;cpu4:busy_pct=40.600,softirq_pct=1.339,ticks=1867;cpu5:busy_pct=31.859,softirq_pct=1.106,ticks=1899;cpu6:busy_pct=2.404,softirq_pct=0.000,ticks=1997;cpu7:busy_pct=2.762,softirq_pct=0.000,ticks=1991;cpu8:busy_pct=44.072,softirq_pct=1.116,ticks=1881;cpu9:busy_pct=28.787,softirq_pct=0.729,ticks=1921",localhost-loopback-only,1596421,5119452069240,3206830.822972136,3013190,5094122,6096612,6813656,1596421,3809025806659,2385978.264291813,2234250,3936071,4485010,5065208,1596421,593046195,371.484837020,290,671,1082,16411,1596421,1309833216386,820481.073843303,767810,1733681,2134463,2678142
closed_loop,128,256,1,3,3/3,1574874,1574874,0,78735.087763199,20.001335201,20.002187649,0.000852448,1.810755472,2.001246571,36219070747,40030000000,20002532707,-151685,193373,69398528,9469952,0,14506,1032124.105887219,1499608,1822590,2772283,5496,1.064718163,0.200000000,47023464448,115814,968,3000,646700882,650957,646700882,650957,12108,42498,sdb2,2447433844,2447433863,0,0,0,0,0,0,0,0,16335,16341,82294911,397883930,25,26,94285,383809,0,0,16335,16335,77645092,375436858,25,25,118748,513392,0,0,"cpu0:busy_pct=38.727,softirq_pct=1.432,ticks=1885;cpu1:busy_pct=31.899,softirq_pct=0.892,ticks=1906;cpu10:busy_pct=20.934,softirq_pct=0.462,ticks=1949;cpu11:busy_pct=39.571,softirq_pct=1.255,ticks=1913;cpu12:busy_pct=33.510,softirq_pct=1.112,ticks=1889;cpu13:busy_pct=25.612,softirq_pct=0.937,ticks=1921;cpu14:busy_pct=2.155,softirq_pct=0.000,ticks=1995;cpu15:busy_pct=2.208,softirq_pct=0.000,ticks=1993;cpu2:busy_pct=27.249,softirq_pct=0.728,ticks=1923;cpu3:busy_pct=40.346,softirq_pct=1.417,ticks=1906;cpu4:busy_pct=41.183,softirq_pct=1.492,ticks=1877;cpu5:busy_pct=32.982,softirq_pct=1.159,ticks=1898;cpu6:busy_pct=2.253,softirq_pct=0.000,ticks=1997;cpu7:busy_pct=2.309,softirq_pct=0.000,ticks=1992;cpu8:busy_pct=42.895,softirq_pct=1.113,ticks=1886;cpu9:busy_pct=32.950,softirq_pct=0.994,ticks=1912",localhost-loopback-only,1574874,5119589393523,3250793.011709508,3022517,5295459,6343034,7142052,1574874,3802676637698,2414591.032487678,2238948,4066225,4648606,5254333,1574874,604324050,383.728507804,301,682,1092,15980,1574874,1316308431775,835818.250714025,765465,1796189,2237065,2805120
closed_loop,128,256,8,1,3/3,2777087,2777087,0,138845.344095273,20.000643611,20.001297257,0.000653646,2.820060665,2.880763231,56404871642,57620000000,20001643796,-142397,204142,109641728,8515584,0,19992,683088.680872349,813530,882480,1041008,8,1.001460463,0.000000000,46995857408,117536,988,3000,1266188769,3516607,1266188769,3516607,6432,6432,sdb2,2447433864,2447433890,0,0,0,0,0,0,0,0,16335,16341,136693441,693848964,25,26,425848,2206981,0,0,16335,16335,129119378,655371881,25,25,343988,1800099,0,0,"cpu0:busy_pct=35.802,softirq_pct=3.189,ticks=1944;cpu1:busy_pct=45.985,softirq_pct=4.246,ticks=1955;cpu10:busy_pct=14.624,softirq_pct=1.009,ticks=1983;cpu11:busy_pct=90.895,softirq_pct=6.829,ticks=1933;cpu12:busy_pct=63.325,softirq_pct=5.934,ticks=1955;cpu13:busy_pct=18.507,softirq_pct=1.563,ticks=1983;cpu14:busy_pct=3.061,softirq_pct=0.000,ticks=1993;cpu15:busy_pct=3.460,softirq_pct=0.000,ticks=1994;cpu2:busy_pct=52.702,softirq_pct=4.786,ticks=1943;cpu3:busy_pct=37.265,softirq_pct=3.050,ticks=1967;cpu4:busy_pct=35.884,softirq_pct=3.142,ticks=1973;cpu5:busy_pct=53.878,softirq_pct=5.051,ticks=1960;cpu6:busy_pct=3.464,softirq_pct=0.000,ticks=1992;cpu7:busy_pct=3.813,softirq_pct=0.000,ticks=1993;cpu8:busy_pct=81.026,softirq_pct=7.621,ticks=1929;cpu9:busy_pct=67.337,softirq_pct=6.502,ticks=1938",localhost-loopback-only,2777087,5118899493794,1843262.200209788,1801197,3068384,3710648,4531326,2777087,3902902905008,1405394.539316917,1377452,2372749,2853150,3468654,2777087,1323172984,476.460760502,340,902,1894,21851,2777087,1214673415802,437391.200132369,349906,1078322,1433218,1881198
closed_loop,128,256,8,2,3/3,2603339,2603339,0,130154.107271235,20.000158752,20.001973465,0.001814713,2.803662249,2.874669945,56078777914,57500000000,20002296300,-138740,184095,104206336,8810496,0,19999,185475.799289964,328854,400165,2214612,2,1.692436272,0.966666667,47010095104,118760,1000,3000,1187419248,3310027,1187419248,3310027,6432,6432,sdb2,2447433922,2447434612,0,0,0,0,0,0,0,0,16335,16341,134301081,656542864,25,26,416050,2112089,0,0,16335,16335,126850360,620077576,25,25,333844,1689704,0,0,"cpu0:busy_pct=58.514,softirq_pct=4.850,ticks=1938;cpu1:busy_pct=46.115,softirq_pct=3.528,ticks=1956;cpu10:busy_pct=25.862,softirq_pct=2.383,ticks=1972;cpu11:busy_pct=92.809,softirq_pct=7.346,ticks=1933;cpu12:busy_pct=57.895,softirq_pct=5.161,ticks=1957;cpu13:busy_pct=16.465,softirq_pct=1.259,ticks=1986;cpu14:busy_pct=4.165,softirq_pct=0.000,ticks=1993;cpu15:busy_pct=6.128,softirq_pct=0.000,ticks=1991;cpu2:busy_pct=35.168,softirq_pct=2.650,ticks=1962;cpu3:busy_pct=65.796,softirq_pct=5.581,ticks=1953;cpu4:busy_pct=42.210,softirq_pct=3.615,ticks=1964;cpu5:busy_pct=34.500,softirq_pct=2.993,ticks=1971;cpu6:busy_pct=4.671,softirq_pct=0.050,ticks=1991;cpu7:busy_pct=18.017,softirq_pct=0.000,ticks=1987;cpu8:busy_pct=75.737,softirq_pct=7.346,ticks=1933;cpu9:busy_pct=77.927,softirq_pct=7.617,ticks=1930",localhost-loopback-only,2603339,5119033967809,1966333.991773257,1917365,3301892,3950477,4899326,2603339,3917557348015,1504820.289641495,1471078,2556974,3037326,3773516,2603339,1314709590,505.008986536,371,922,1934,23224,2603339,1200161910204,461008.693145226,366587,1152501,1523056,2086382
closed_loop,128,256,8,3,3/3,2825066,2825066,0,141242.359246797,20.000848403,20.001549217,0.000700814,2.824796593,2.880732057,56500308077,57620000000,20001860240,-140744,170279,111173632,8654848,0,18748,887947.730051205,1014224,1081902,2488723,1252,1.022110972,0.066666667,46987055104,119266,1038,3000,1289110591,3595126,1289110591,3595126,6432,6432,sdb2,2447434618,2447434906,0,0,0,0,0,0,0,0,16335,16341,152359073,719219016,25,26,475578,2288136,0,0,16335,16335,143919837,679366867,25,25,390288,1885492,0,0,"cpu0:busy_pct=43.263,softirq_pct=4.078,ticks=1937;cpu1:busy_pct=35.174,softirq_pct=3.170,ticks=1956;cpu10:busy_pct=18.232,softirq_pct=1.566,ticks=1980;cpu11:busy_pct=91.766,softirq_pct=6.939,ticks=1931;cpu12:busy_pct=78.920,softirq_pct=7.455,ticks=1945;cpu13:busy_pct=20.705,softirq_pct=1.814,ticks=1985;cpu14:busy_pct=3.009,softirq_pct=0.050,ticks=1994;cpu15:busy_pct=4.472,softirq_pct=0.000,ticks=1990;cpu2:busy_pct=55.722,softirq_pct=5.258,ticks=1940;cpu3:busy_pct=33.722,softirq_pct=2.992,ticks=1972;cpu4:busy_pct=22.486,softirq_pct=1.920,ticks=1979;cpu5:busy_pct=53.313,softirq_pct=5.301,ticks=1962;cpu6:busy_pct=2.659,softirq_pct=0.000,ticks=1993;cpu7:busy_pct=2.761,softirq_pct=0.000,ticks=1992;cpu8:busy_pct=75.091,softirq_pct=7.043,ticks=1931;cpu9:busy_pct=66.547,softirq_pct=6.372,ticks=1946",localhost-loopback-only,2825066,5118962911253,1811979.936487501,1773615,3009092,3624616,4368892,2825066,3903842476522,1381858.857995530,1356694,2327765,2799509,3355352,2825066,1342821013,475.323766949,341,902,1894,21751,2825066,1213777613718,429645.754725022,342031,1066640,1404824,1850139
closed_loop,4096,256,1,1,3/3,856024,856024,0,42796.725185114,20.000062931,20.002091195,0.002028264,1.749918469,1.690797179,35002028791,33820000000,20002399112,-173646,134271,48427008,16060416,0,19897,151087.550334221,571646,889715,3110144,105,1.043841336,0.200000000,47009165312,129394,1094,3000,7238872856,2153115,7238872856,2153115,315438,212767,sdb2,2447434915,2447434939,0,0,0,0,0,0,0,0,16335,16341,922905340,4491760060,25,26,256417,1227133,0,0,16335,16335,920425946,4479716350,25,25,255076,1214006,0,0,"cpu0:busy_pct=43.862,softirq_pct=3.894,ticks=1849;cpu1:busy_pct=40.679,softirq_pct=3.664,ticks=1856;cpu10:busy_pct=10.497,softirq_pct=0.659,ticks=1972;cpu11:busy_pct=31.192,softirq_pct=2.724,ticks=1946;cpu12:busy_pct=34.719,softirq_pct=3.209,ticks=1901;cpu13:busy_pct=17.910,softirq_pct=1.493,ticks=1943;cpu14:busy_pct=1.754,softirq_pct=0.000,ticks=1996;cpu15:busy_pct=2.657,softirq_pct=0.000,ticks=1995;cpu2:busy_pct=26.299,softirq_pct=1.942,ticks=1905;cpu3:busy_pct=32.391,softirq_pct=3.393,ticks=1945;cpu4:busy_pct=34.040,softirq_pct=3.499,ticks=1886;cpu5:busy_pct=29.937,softirq_pct=2.416,ticks=1904;cpu6:busy_pct=1.754,softirq_pct=0.000,ticks=1995;cpu7:busy_pct=2.662,softirq_pct=0.000,ticks=1991;cpu8:busy_pct=46.287,softirq_pct=3.252,ticks=1845;cpu9:busy_pct=23.045,softirq_pct=1.564,ticks=1918",localhost-loopback-only,856024,5119403197334,5980443.535851799,6032722,8459792,9730555,11483282,856024,2683960046636,3135379.436366270,3040772,4904376,5752126,7000116,856024,497520170,581.198856574,330,771,1794,27923,856024,2434945630528,2844482.900628954,3039369,4355257,4996619,6441729
closed_loop,4096,256,1,2,3/3,867116,867116,0,43346.429483742,20.000586480,20.004323547,0.003737067,1.789903415,1.724598728,35805807038,34500000000,20004653516,-148689,181280,48275456,14270464,0,19347,487729.480901432,896668,1265299,3264766,656,1.189730745,0.166666667,47010553856,121336,1058,3000,7332409218,2165898,7332409218,2165898,934665,161265,sdb2,2447434957,2447434976,0,0,0,0,0,0,0,0,16335,16341,777084779,4392180110,25,26,218122,1204684,0,0,16335,16335,775048496,4380543851,25,25,221674,1203263,0,0,"cpu0:busy_pct=43.521,softirq_pct=4.104,ticks=1852;cpu1:busy_pct=47.565,softirq_pct=3.896,ticks=1848;cpu10:busy_pct=6.930,softirq_pct=0.506,ticks=1977;cpu11:busy_pct=16.709,softirq_pct=1.422,ticks=1969;cpu12:busy_pct=45.283,softirq_pct=3.774,ticks=1855;cpu13:busy_pct=30.592,softirq_pct=2.514,ticks=1909;cpu14:busy_pct=2.361,softirq_pct=0.000,ticks=1991;cpu15:busy_pct=2.814,softirq_pct=0.050,ticks=1990;cpu2:busy_pct=25.039,softirq_pct=2.030,ticks=1921;cpu3:busy_pct=16.990,softirq_pct=1.429,ticks=1960;cpu4:busy_pct=42.382,softirq_pct=3.970,ticks=1864;cpu5:busy_pct=34.141,softirq_pct=2.634,ticks=1898;cpu6:busy_pct=2.866,softirq_pct=0.050,ticks=1989;cpu7:busy_pct=3.466,softirq_pct=0.000,ticks=1991;cpu8:busy_pct=51.357,softirq_pct=3.909,ticks=1842;cpu9:busy_pct=18.769,softirq_pct=1.551,ticks=1934",localhost-loopback-only,867116,5119916164730,5904534.300750995,5852313,8321824,9558422,11225118,867116,2789966878754,3217524.389763307,3070538,4921848,5768878,7258320,867116,485017539,559.345622731,321,732,1843,24937,867116,2329464268437,2686450.565364957,2886893,4191198,4916679,5678738
closed_loop,4096,256,1,3,3/3,846785,846785,0,42334.345976662,20.000463230,20.002316806,0.001853576,1.746228022,1.706773710,34928606119,34140000000,20002651664,-139071,195787,48943104,16027648,0,19312,500363.703241508,917087,1254374,2551284,689,1.253394610,0.000000000,46999760896,122032,1114,3000,7160887115,2129857,7160887115,2129857,336119,260340,sdb2,2447434981,2447435019,0,0,0,0,0,0,0,0,16335,16341,908127101,4438502544,25,26,254450,1220042,0,0,16335,16335,905738014,4426619499,25,25,256747,1205294,0,0,"cpu0:busy_pct=44.492,softirq_pct=3.888,ticks=1852;cpu1:busy_pct=37.794,softirq_pct=3.051,ticks=1868;cpu10:busy_pct=12.704,softirq_pct=0.918,ticks=1960;cpu11:busy_pct=26.803,softirq_pct=2.506,ticks=1955;cpu12:busy_pct=38.404,softirq_pct=3.617,ticks=1880;cpu13:busy_pct=21.066,softirq_pct=1.760,ticks=1932;cpu14:busy_pct=2.509,softirq_pct=0.000,ticks=1993;cpu15:busy_pct=2.560,softirq_pct=0.000,ticks=1992;cpu2:busy_pct=22.442,softirq_pct=1.714,ticks=1925;cpu3:busy_pct=27.142,softirq_pct=2.463,ticks=1949;cpu4:busy_pct=39.392,softirq_pct=3.625,ticks=1876;cpu5:busy_pct=29.989,softirq_pct=2.429,ticks=1894;cpu6:busy_pct=2.508,softirq_pct=0.050,ticks=1994;cpu7:busy_pct=2.863,softirq_pct=0.000,ticks=1991;cpu8:busy_pct=50.544,softirq_pct=3.863,ticks=1838;cpu9:busy_pct=22.656,softirq_pct=1.667,ticks=1920",localhost-loopback-only,846785,5119421990993,6045716.434505807,6100990,8611257,9802320,11558102,846785,2704516384850,3193864.304221260,3100223,5005606,5854378,7075817,846785,494868793,584.409021180,331,761,1833,28353,846785,2414410737350,2851267.721263367,3064056,4400962,5001208,5633633
closed_loop,4096,256,8,1,3/3,1877358,1877358,0,93857.533346277,20.000596466,20.002209019,0.001612553,2.878159042,2.918622932,57569538744,58380000000,20002583873,-169869,204985,79519744,11460608,0,19947,631329.859427483,805153,912609,1453966,54,1.022964509,0.066666667,47005368320,124726,1172,3000,15969275605,6523995,15969275605,6523995,133408,133421,sdb2,2447435026,2447435051,0,0,0,0,0,0,0,0,16335,16341,1863551454,9688987986,25,26,714945,3756940,0,0,16335,16335,1858616179,9663315657,25,25,675598,3541212,0,0,"cpu0:busy_pct=17.263,softirq_pct=2.349,ticks=1958;cpu1:busy_pct=45.274,softirq_pct=6.657,ticks=1968;cpu10:busy_pct=22.778,softirq_pct=3.232,ticks=1980;cpu11:busy_pct=70.821,softirq_pct=8.923,ticks=1950;cpu12:busy_pct=83.461,softirq_pct=12.762,ticks=1959;cpu13:busy_pct=23.692,softirq_pct=3.270,ticks=1988;cpu14:busy_pct=3.412,softirq_pct=0.050,ticks=1993;cpu15:busy_pct=5.266,softirq_pct=0.050,ticks=1994;cpu2:busy_pct=73.511,softirq_pct=11.088,ticks=1948;cpu3:busy_pct=29.534,softirq_pct=3.495,ticks=1974;cpu4:busy_pct=18.923,softirq_pct=2.768,ticks=1987;cpu5:busy_pct=76.261,softirq_pct=11.462,ticks=1963;cpu6:busy_pct=2.963,softirq_pct=0.000,ticks=1991;cpu7:busy_pct=4.814,softirq_pct=0.000,ticks=1994;cpu8:busy_pct=85.054,softirq_pct=12.635,ticks=1947;cpu9:busy_pct=54.097,softirq_pct=8.092,ticks=1965",localhost-loopback-only,1877358,5118930869247,2726667.406667775,2692899,4531677,5330856,6342032,1877358,3965704340365,2112385.778506284,2104717,3485185,4041338,4827311,1877358,884657264,471.224595415,311,861,1964,22151,1877358,1152341871618,613810.403566075,457398,1628854,2118573,2758993
closed_loop,4096,256,8,2,3/3,1816762,1816762,0,90826.225061444,20.000718043,20.002614870,0.001896827,2.877579026,2.914569259,57559105024,58300000000,20002955779,-140734,200175,77455360,10792960,0,19359,786779.231933468,970400,1075562,1509819,642,1.461988304,0.133333333,46960070656,132840,1142,3000,15453481228,6308450,15453481228,6308450,133376,133408,sdb2,2447435058,2447435077,0,0,0,0,0,0,0,0,16335,16341,1886318015,9459123927,25,26,723728,3668752,0,0,16335,16335,1881330864,9434068487,25,25,683357,3457422,0,0,"cpu0:busy_pct=17.786,softirq_pct=2.409,ticks=1951;cpu1:busy_pct=34.331,softirq_pct=5.020,ticks=1972;cpu10:busy_pct=28.051,softirq_pct=3.848,ticks=1975;cpu11:busy_pct=90.376,softirq_pct=11.683,ticks=1943;cpu12:busy_pct=76.888,softirq_pct=11.378,ticks=1960;cpu13:busy_pct=22.748,softirq_pct=3.221,ticks=1987;cpu14:busy_pct=3.111,softirq_pct=0.000,ticks=1993;cpu15:busy_pct=3.360,softirq_pct=0.000,ticks=1994;cpu2:busy_pct=54.504,softirq_pct=7.888,ticks=1965;cpu3:busy_pct=21.457,softirq_pct=2.632,ticks=1976;cpu4:busy_pct=25.063,softirq_pct=3.631,ticks=1983;cpu5:busy_pct=66.191,softirq_pct=10.301,ticks=1961;cpu6:busy_pct=3.265,softirq_pct=0.000,ticks=1991;cpu7:busy_pct=4.012,softirq_pct=0.000,ticks=1994;cpu8:busy_pct=87.648,softirq_pct=13.330,ticks=1943;cpu9:busy_pct=76.498,softirq_pct=11.674,ticks=1953",localhost-loopback-only,1816762,5119017054281,2817659.690306711,2770976,4699101,5632481,6848281,1816762,3956630087631,2177847.229098253,2159790,3621029,4289373,5254883,1816762,912338380,502.178260003,331,901,2044,22933,1816762,1161474628270,639310.282948454,481943,1676072,2205806,2902152
closed_loop,4096,256,8,3,3/3,1812274,1812274,0,90602.131838265,20.000538319,20.002553618,0.002015299,2.870859104,2.921559893,57424513150,58440000000,20003012819,-136696,322505,77185024,11575296,0,19978,604799.493142457,786854,882504,2150964,23,1.357844161,0.066666667,46941777920,124148,1144,3000,15414566094,6278543,15414566094,6278543,133376,133408,sdb2,2447435081,2447435092,0,0,0,0,0,0,0,0,16335,16341,1913749224,9467866786,25,26,735370,3662229,0,0,16335,16335,1908689065,9442770877,25,25,695329,3452976,0,0,"cpu0:busy_pct=27.641,softirq_pct=3.692,ticks=1950;cpu1:busy_pct=28.441,softirq_pct=4.012,ticks=1969;cpu10:busy_pct=29.823,softirq_pct=4.304,ticks=1975;cpu11:busy_pct=87.186,softirq_pct=11.481,ticks=1951;cpu12:busy_pct=65.649,softirq_pct=9.822,ticks=1965;cpu13:busy_pct=33.990,softirq_pct=5.051,ticks=1980;cpu14:busy_pct=3.061,softirq_pct=0.000,ticks=1993;cpu15:busy_pct=3.614,softirq_pct=0.000,ticks=1992;cpu2:busy_pct=54.499,softirq_pct=7.975,ticks=1956;cpu3:busy_pct=31.765,softirq_pct=4.198,ticks=1977;cpu4:busy_pct=34.848,softirq_pct=5.253,ticks=1980;cpu5:busy_pct=48.379,softirq_pct=7.295,ticks=1974;cpu6:busy_pct=3.511,softirq_pct=0.000,ticks=1994;cpu7:busy_pct=3.862,softirq_pct=0.050,ticks=1994;cpu8:busy_pct=79.188,softirq_pct=11.614,ticks=1946;cpu9:busy_pct=79.784,softirq_pct=11.883,ticks=1944",localhost-loopback-only,1812274,5118971789314,2824612.497510862,2772809,4759404,5693285,6841829,1812274,3976395078044,2194146.733906683,2174868,3667276,4350337,5220539,1812274,901709256,497.556802117,340,882,2013,22713,1812274,1141675002014,629968.206802062,466034,1687254,2211908,2861756
