run_group,trial_id,mode,payload_bytes,concurrency,independent_channels,repetition,server_port,snapshot_count,client_send_q_max,client_recv_q_max,server_send_q_max,server_recv_q_max,combined_sampled_max_send_q,combined_sampled_max_recv_q
channels_2_4,trial-0001-closed_loop-b128-c128-ch2-rep1,closed_loop,128,128,2,1,42547,20,12864,6993,11529,12800,12864,12800
channels_2_4,trial-0002-closed_loop-b128-c128-ch2-rep2,closed_loop,128,128,2,2,39889,20,12864,5873,9639,12442,12864,12442
channels_2_4,trial-0003-closed_loop-b128-c128-ch2-rep3,closed_loop,128,128,2,3,39695,20,12800,5292,12096,8842,12800,8842
channels_2_4,trial-0004-closed_loop-b128-c256-ch2-rep1,closed_loop,128,256,2,1,35537,20,25348,15174,14630,25410,25348,25410
channels_2_4,trial-0005-closed_loop-b128-c256-ch2-rep2,closed_loop,128,256,2,2,43965,20,25600,16121,15498,19408,25600,19408
channels_2_4,trial-0006-closed_loop-b128-c256-ch2-rep3,closed_loop,128,256,2,3,44561,20,9806,16366,16278,15217,16278,16366
channels_2_4,trial-0007-closed_loop-b128-c128-ch4-rep1,closed_loop,128,128,4,1,43237,20,6432,5118,5130,6432,6432,6432
channels_2_4,trial-0008-closed_loop-b128-c128-ch4-rep2,closed_loop,128,128,4,2,35619,20,6432,5859,5670,6432,6432,6432
channels_2_4,trial-0009-closed_loop-b128-c128-ch4-rep3,closed_loop,128,128,4,3,38265,20,6432,5103,6080,6432,6432,6432
channels_2_4,trial-0010-closed_loop-b128-c256-ch4-rep1,closed_loop,128,256,4,1,38839,20,12864,10450,12096,12800,12864,12800
channels_2_4,trial-0011-closed_loop-b128-c256-ch4-rep2,closed_loop,128,256,4,2,38271,20,12864,11413,12160,12864,12864,12864
channels_2_4,trial-0012-closed_loop-b128-c256-ch4-rep3,closed_loop,128,256,4,3,34721,20,12864,11780,10830,12864,12864,12864
channels_2_4,trial-0013-closed_loop-b4096-c128-ch2-rep1,closed_loop,4096,128,2,1,39539,20,98844,66400,66660,145880,98844,145880
channels_2_4,trial-0014-closed_loop-b4096-c128-ch2-rep2,closed_loop,4096,128,2,2,38815,20,32936,95784,24810,141505,32936,141505
channels_2_4,trial-0015-closed_loop-b4096-c128-ch2-rep3,closed_loop,4096,128,2,3,40539,20,28984,116396,28945,266752,28984,266752
channels_2_4,trial-0016-closed_loop-b4096-c256-ch2-rep1,closed_loop,4096,256,2,1,35807,20,165007,145845,532109,265069,532109,265069
channels_2_4,trial-0017-closed_loop-b4096-c256-ch2-rep2,closed_loop,4096,256,2,2,39165,20,66394,129043,21995,304285,66394,304285
channels_2_4,trial-0018-closed_loop-b4096-c256-ch2-rep3,closed_loop,4096,256,2,3,35091,20,98826,75092,208114,239509,208114,239509
channels_2_4,trial-0019-closed_loop-b4096-c128-ch4-rep1,closed_loop,4096,128,4,1,35447,20,133376,49874,41350,133376,133376,133376
channels_2_4,trial-0020-closed_loop-b4096-c128-ch4-rep2,closed_loop,4096,128,4,2,44117,20,133376,99788,53755,133376,133376,133376
channels_2_4,trial-0021-closed_loop-b4096-c128-ch4-rep3,closed_loop,4096,128,4,3,44057,20,133376,45783,53755,133376,133376,133376
channels_2_4,trial-0022-closed_loop-b4096-c256-ch4-rep1,closed_loop,4096,256,4,1,43261,20,202540,116222,37405,266752,202540,266752
channels_2_4,trial-0023-closed_loop-b4096-c256-ch4-rep2,closed_loop,4096,256,4,2,40531,20,244577,120312,132320,266752,244577,266752
channels_2_4,trial-0024-closed_loop-b4096-c256-ch4-rep3,closed_loop,4096,256,4,3,39851,21,266599,116380,249420,225187,266599,225187
channels_8,trial-0001-closed_loop-b128-c128-ch8-rep1,closed_loop,128,128,8,1,36987,20,3216,3024,3024,3216,3216,3216
channels_8,trial-0002-closed_loop-b128-c128-ch8-rep2,closed_loop,128,128,8,2,33589,20,3216,2835,2850,3216,3216,3216
channels_8,trial-0003-closed_loop-b128-c128-ch8-rep3,closed_loop,128,128,8,3,34261,20,3216,2835,2835,3216,3216,3216
channels_8,trial-0004-closed_loop-b128-c256-ch8-rep1,closed_loop,128,256,8,1,35917,20,6432,2280,5890,6432,6432,6432
channels_8,trial-0005-closed_loop-b128-c256-ch8-rep2,closed_loop,128,256,8,2,33169,20,6432,6080,6080,6432,6432,6432
channels_8,trial-0006-closed_loop-b128-c256-ch8-rep3,closed_loop,128,256,8,3,36613,20,6432,5308,6080,6432,6432,6432
channels_8,trial-0007-closed_loop-b4096-c128-ch8-rep1,closed_loop,4096,128,8,1,39829,20,66688,66512,29099,66704,66688,66704
channels_8,trial-0008-closed_loop-b4096-c128-ch8-rep2,closed_loop,4096,128,8,2,39565,20,66688,62465,37335,66701,66688,66701
channels_8,trial-0009-closed_loop-b4096-c128-ch8-rep3,closed_loop,4096,128,8,3,36667,20,66688,41580,66525,66688,66688,66688
channels_8,trial-0010-closed_loop-b4096-c256-ch8-rep1,closed_loop,4096,256,8,1,39429,20,133389,91454,133024,133421,133389,133421
channels_8,trial-0011-closed_loop-b4096-c256-ch8-rep2,closed_loop,4096,256,8,2,43915,20,133389,116409,103938,133421,133389,133421
channels_8,trial-0012-closed_loop-b4096-c256-ch8-rep3,closed_loop,4096,256,8,3,40851,20,133376,95746,53935,133408,133376,133408
default,trial-0001-fixed_rate-b128-c1-ch1-rep1,fixed_rate,128,1,1,1,37949,20,0,0,188,0,188,0
default,trial-0002-fixed_rate-b128-c1-ch1-rep2,fixed_rate,128,1,1,2,36185,20,199,0,188,0,199,0
default,trial-0003-fixed_rate-b128-c1-ch1-rep3,fixed_rate,128,1,1,3,34985,20,0,0,188,0,188,0
default,trial-0004-closed_loop-b128-c1-ch1-rep1,closed_loop,128,1,1,1,42923,20,200,189,189,0,200,189
default,trial-0005-closed_loop-b128-c1-ch1-rep2,closed_loop,128,1,1,2,44413,20,200,189,189,158,200,189
default,trial-0006-closed_loop-b128-c1-ch1-rep3,closed_loop,128,1,1,3,43221,20,200,189,189,42,200,189
default,trial-0007-closed_loop-b128-c2-ch1-rep1,closed_loop,128,2,1,1,46869,20,200,378,378,158,378,378
default,trial-0008-closed_loop-b128-c2-ch1-rep2,closed_loop,128,2,1,2,41227,20,200,189,189,158,200,189
default,trial-0009-closed_loop-b128-c2-ch1-rep3,closed_loop,128,2,1,3,33613,20,400,189,378,400,400,400
default,trial-0010-closed_loop-b128-c4-ch1-rep1,closed_loop,128,4,1,1,43741,20,600,378,579,400,600,400
default,trial-0011-closed_loop-b128-c4-ch1-rep2,closed_loop,128,4,1,2,32959,20,600,756,756,400,756,756
default,trial-0012-closed_loop-b128-c4-ch1-rep3,closed_loop,128,4,1,3,34915,20,516,567,567,358,567,567
default,trial-0013-closed_loop-b128-c8-ch1-rep1,closed_loop,128,8,1,1,43803,20,758,189,957,600,957,600
default,trial-0014-closed_loop-b128-c8-ch1-rep2,closed_loop,128,8,1,2,41935,20,1242,1512,567,1158,1242,1512
default,trial-0015-closed_loop-b128-c8-ch1-rep3,closed_loop,128,8,1,3,45343,20,758,378,1323,1148,1323,1148
default,trial-0016-closed_loop-b128-c16-ch1-rep1,closed_loop,128,16,1,1,39115,20,1084,1512,1524,1600,1524,1600
default,trial-0017-closed_loop-b128-c16-ch1-rep2,closed_loop,128,16,1,2,42147,20,684,3024,2646,2548,2646,3024
default,trial-0018-closed_loop-b128-c16-ch1-rep3,closed_loop,128,16,1,3,43415,20,2548,1512,2646,1558,2646,1558
default,trial-0019-closed_loop-b128-c32-ch1-rep1,closed_loop,128,32,1,1,37257,20,3200,3000,933,2600,3200,3000
default,trial-0020-closed_loop-b128-c32-ch1-rep2,closed_loop,128,32,1,2,36071,20,2158,1890,945,2916,2158,2916
default,trial-0021-closed_loop-b128-c32-ch1-rep3,closed_loop,128,32,1,3,41291,20,2674,1713,1502,2874,2674,2874
default,trial-0022-closed_loop-b128-c64-ch1-rep1,closed_loop,128,64,1,1,36413,20,2516,7284,6038,9284,6038,9284
default,trial-0023-closed_loop-b128-c64-ch1-rep2,closed_loop,128,64,1,2,41769,20,4010,12096,7594,7087,7594,12096
default,trial-0024-closed_loop-b128-c64-ch1-rep3,closed_loop,128,64,1,3,33977,20,3852,2079,10395,8742,10395,8742
default,trial-0025-closed_loop-b128-c128-ch1-rep1,closed_loop,128,128,1,1,40911,20,2842,2517,5660,14768,5660,14768
default,trial-0026-closed_loop-b128-c128-ch1-rep2,closed_loop,128,128,1,2,37145,20,11426,9172,20211,11874,20211,11874
default,trial-0027-closed_loop-b128-c128-ch1-rep3,closed_loop,128,128,1,3,37783,20,9350,3967,9450,15758,9450,15758
default,trial-0028-closed_loop-b128-c256-ch1-rep1,closed_loop,128,256,1,1,34471,20,11800,29482,16049,13492,16049,29482
default,trial-0029-closed_loop-b128-c256-ch1-rep2,closed_loop,128,256,1,2,42989,20,15864,5066,16239,14010,16239,14010
default,trial-0030-closed_loop-b128-c256-ch1-rep3,closed_loop,128,256,1,3,38619,20,13578,18543,14940,22153,14940,22153
default,trial-0031-fixed_rate-b4096-c1-ch1-rep1,fixed_rate,4096,1,1,1,44095,20,4158,0,0,0,4158,0
default,trial-0032-fixed_rate-b4096-c1-ch1-rep2,fixed_rate,4096,1,1,2,38967,20,0,0,4156,0,4156,0
default,trial-0033-fixed_rate-b4096-c1-ch1-rep3,fixed_rate,4096,1,1,3,43861,20,0,0,0,0,0,0
default,trial-0034-closed_loop-b4096-c1-ch1-rep1,closed_loop,4096,1,1,1,37325,20,4159,4147,4157,4117,4159,4147
default,trial-0035-closed_loop-b4096-c1-ch1-rep2,closed_loop,4096,1,1,2,34241,20,4159,4147,4157,4117,4159,4147
default,trial-0036-closed_loop-b4096-c1-ch1-rep3,closed_loop,4096,1,1,3,43483,20,4168,4147,4157,4168,4168,4168
default,trial-0037-closed_loop-b4096-c2-ch1-rep1,closed_loop,4096,2,1,1,39869,20,8336,8314,4157,8336,8336,8336
default,trial-0038-closed_loop-b4096-c2-ch1-rep2,closed_loop,4096,2,1,2,36091,20,4168,4157,4157,4159,4168,4159
default,trial-0039-closed_loop-b4096-c2-ch1-rep3,closed_loop,4096,2,1,3,42129,20,4168,4157,4157,4117,4168,4157
default,trial-0040-closed_loop-b4096-c4-ch1-rep1,closed_loop,4096,4,1,1,33245,20,8336,4257,8294,4279,8336,4279
default,trial-0041-closed_loop-b4096-c4-ch1-rep2,closed_loop,4096,4,1,2,40183,20,12429,16628,12449,8438,12449,16628
default,trial-0042-closed_loop-b4096-c4-ch1-rep3,closed_loop,4096,4,1,3,39943,20,7928,8304,4169,16630,7928,16630
default,trial-0043-closed_loop-b4096-c8-ch1-rep1,closed_loop,4096,8,1,1,37559,20,12519,12551,12441,12546,12519,12551
default,trial-0044-closed_loop-b4096-c8-ch1-rep2,closed_loop,4096,8,1,2,41879,20,4168,8394,8328,12477,8328,12477
default,trial-0045-closed_loop-b4096-c8-ch1-rep3,closed_loop,4096,8,1,3,33151,20,20888,12473,8280,12597,20888,12597
default,trial-0046-closed_loop-b4096-c16-ch1-rep1,closed_loop,4096,16,1,1,37855,20,16645,53999,12489,41680,16645,53999
default,trial-0047-closed_loop-b4096-c16-ch1-rep2,closed_loop,4096,16,1,2,42543,20,12477,24946,12471,66646,12477,66646
default,trial-0048-closed_loop-b4096-c16-ch1-rep3,closed_loop,4096,16,1,3,38145,20,8486,20759,20835,37614,20835,37614
default,trial-0049-closed_loop-b4096-c32-ch1-rep1,closed_loop,4096,32,1,1,43869,20,8336,45823,12405,91765,12405,91765
default,trial-0050-closed_loop-b4096-c32-ch1-rep2,closed_loop,4096,32,1,2,35233,20,12435,58300,8306,62520,12435,62520
default,trial-0051-closed_loop-b4096-c32-ch1-rep3,closed_loop,4096,32,1,3,45171,20,21257,58224,12405,49917,21257,58224
default,trial-0052-closed_loop-b4096-c64-ch1-rep1,closed_loop,4096,64,1,1,40505,20,45305,62355,12405,170930,45305,170930
default,trial-0053-closed_loop-b4096-c64-ch1-rep2,closed_loop,4096,64,1,2,42895,20,78250,103926,20789,103189,78250,103926
default,trial-0054-closed_loop-b4096-c64-ch1-rep3,closed_loop,4096,64,1,3,34523,20,12351,75024,8396,154441,12351,154441
default,trial-0055-closed_loop-b4096-c128-ch1-rep1,closed_loop,4096,128,1,1,41285,20,33905,174514,86835,150192,86835,174514
default,trial-0056-closed_loop-b4096-c128-ch1-rep2,closed_loop,4096,128,1,2,45481,20,37440,128892,16540,280142,37440,280142
default,trial-0057-closed_loop-b4096-c128-ch1-rep3,closed_loop,4096,128,1,3,36975,20,285639,66918,20675,206081,285639,206081
default,trial-0058-closed_loop-b4096-c256-ch1-rep1,closed_loop,4096,256,1,1,38891,20,88456,328045,68067,470039,88456,470039
default,trial-0059-closed_loop-b4096-c256-ch1-rep2,closed_loop,4096,256,1,2,36901,20,578376,140590,86835,398727,578376,398727
default,trial-0060-closed_loop-b4096-c256-ch1-rep3,closed_loop,4096,256,1,3,35143,20,36098,207450,86835,284380,86835,284380
