iterations,users,amount_cents,batch_size,repetition,write_batches,query_batches,write_transactions,query_transactions,write_rps,write_wall_seconds,write_process_cpu_seconds,write_cpu_measurement_wall_seconds,write_cpu_core_equivalents,query_rps,query_wall_seconds,query_process_cpu_seconds,query_cpu_measurement_wall_seconds,query_cpu_core_equivalents,write_tx_latency_transaction_count,write_tx_latency_total_ns,write_tx_latency_mean_ns,write_tx_latency_batch_observation_count,write_tx_latency_p50_ns,write_tx_latency_p95_ns,write_tx_latency_p99_ns,write_batch_build_batch_count,write_batch_build_total_ns,write_batch_build_mean_ns_per_batch,write_batch_build_sample_count,write_batch_build_p50_ns,write_batch_build_p95_ns,write_batch_build_p99_ns,write_db_write_opt_call_batch_count,write_db_write_opt_call_total_ns,write_db_write_opt_call_mean_ns_per_batch,write_db_write_opt_call_sample_count,write_db_write_opt_call_p50_ns,write_db_write_opt_call_p95_ns,write_db_write_opt_call_p99_ns,write_heartbeat_tick_count,write_heartbeat_missed_tick_count,write_heartbeat_lateness_sample_count,write_heartbeat_lateness_p50_ns,write_heartbeat_lateness_p95_ns,write_heartbeat_lateness_p99_ns,write_heartbeat_lateness_max_ns,query_tx_latency_transaction_count,query_tx_latency_total_ns,query_tx_latency_mean_ns,query_tx_latency_batch_observation_count,query_tx_latency_p50_ns,query_tx_latency_p95_ns,query_tx_latency_p99_ns,query_batch_prep_batch_count,query_batch_prep_total_ns,query_batch_prep_mean_ns_per_batch,query_batch_prep_sample_count,query_batch_prep_p50_ns,query_batch_prep_p95_ns,query_batch_prep_p99_ns,query_batched_multi_get_call_batch_count,query_batched_multi_get_call_total_ns,query_batched_multi_get_call_mean_ns_per_batch,query_batched_multi_get_call_sample_count,query_batched_multi_get_call_p50_ns,query_batched_multi_get_call_p95_ns,query_batched_multi_get_call_p99_ns,query_decode_validate_batch_count,query_decode_validate_total_ns,query_decode_validate_mean_ns_per_batch,query_decode_validate_sample_count,query_decode_validate_p50_ns,query_decode_validate_p95_ns,query_decode_validate_p99_ns,query_heartbeat_tick_count,query_heartbeat_missed_tick_count,query_heartbeat_lateness_sample_count,query_heartbeat_lateness_p50_ns,query_heartbeat_lateness_p95_ns,query_heartbeat_lateness_p99_ns,query_heartbeat_lateness_max_ns,write_preflight_fs_type,write_preflight_free_bytes,write_preflight_required_free_bytes,write_preflight_mem_available_bytes,write_preflight_required_memory_bytes,write_preflight_process_rss_bytes,write_preflight_cpu_busy_pct,write_preflight_disk_busy_pct,write_preflight_disk_device,write_preflight_cpu_limit_pct,write_preflight_disk_limit_pct,write_preflight_min_mem_bytes,write_preflight_observation_ms,write_preflight_timeout_ms,write_preflight_disk_busy_ms,query_preflight_fs_type,query_preflight_free_bytes,query_preflight_required_free_bytes,query_preflight_mem_available_bytes,query_preflight_required_memory_bytes,query_preflight_process_rss_bytes,query_preflight_cpu_busy_pct,query_preflight_disk_busy_pct,query_preflight_disk_device,query_preflight_cpu_limit_pct,query_preflight_disk_limit_pct,query_preflight_min_mem_bytes,query_preflight_observation_ms,query_preflight_timeout_ms,query_preflight_disk_busy_ms,write_rocksdb_wal_file_synced_delta,write_rocksdb_wal_file_bytes_delta,write_rocksdb_write_with_wal_delta,write_rocksdb_flush_write_bytes_delta,write_rocksdb_compaction_read_bytes_delta,write_rocksdb_compaction_write_bytes_delta,write_rocksdb_stall_micros_delta,write_rocksdb_wal_file_sync_hist_since_open_count,write_rocksdb_wal_file_sync_hist_since_open_sum_us,write_rocksdb_wal_file_sync_hist_since_open_average_us,write_rocksdb_wal_file_sync_hist_since_open_p95_us,write_rocksdb_wal_file_sync_hist_since_open_p99_us,write_rocksdb_wal_file_sync_hist_since_open_max_us,write_rocksdb_write_stall_hist_since_open_count,write_rocksdb_write_stall_hist_since_open_sum_us,write_rocksdb_write_stall_hist_since_open_average_us,write_rocksdb_write_stall_hist_since_open_p95_us,write_rocksdb_write_stall_hist_since_open_p99_us,write_rocksdb_write_stall_hist_since_open_max_us,write_rocksdb_num_immutable_memtables_after_phase,write_rocksdb_memtable_flush_pending_after_phase,write_rocksdb_num_running_flushes_after_phase,write_rocksdb_compaction_pending_after_phase,write_rocksdb_num_running_compactions_after_phase,write_rocksdb_estimate_pending_compaction_bytes_after_phase,write_rocksdb_is_write_stopped_after_phase,write_rocksdb_actual_delayed_write_rate_after_phase,write_rocksdb_background_errors_after_phase,query_rocksdb_wal_file_synced_delta,query_rocksdb_wal_file_bytes_delta,query_rocksdb_write_with_wal_delta,query_rocksdb_flush_write_bytes_delta,query_rocksdb_compaction_read_bytes_delta,query_rocksdb_compaction_write_bytes_delta,query_rocksdb_stall_micros_delta,query_rocksdb_wal_file_sync_hist_since_open_count,query_rocksdb_wal_file_sync_hist_since_open_sum_us,query_rocksdb_wal_file_sync_hist_since_open_average_us,query_rocksdb_wal_file_sync_hist_since_open_p95_us,query_rocksdb_wal_file_sync_hist_since_open_p99_us,query_rocksdb_wal_file_sync_hist_since_open_max_us,query_rocksdb_write_stall_hist_since_open_count,query_rocksdb_write_stall_hist_since_open_sum_us,query_rocksdb_write_stall_hist_since_open_average_us,query_rocksdb_write_stall_hist_since_open_p95_us,query_rocksdb_write_stall_hist_since_open_p99_us,query_rocksdb_write_stall_hist_since_open_max_us,query_rocksdb_num_immutable_memtables_after_phase,query_rocksdb_memtable_flush_pending_after_phase,query_rocksdb_num_running_flushes_after_phase,query_rocksdb_compaction_pending_after_phase,query_rocksdb_num_running_compactions_after_phase,query_rocksdb_estimate_pending_compaction_bytes_after_phase,query_rocksdb_is_write_stopped_after_phase,query_rocksdb_actual_delayed_write_rate_after_phase,query_rocksdb_background_errors_after_phase,write_proc_io_rchar_start,write_proc_io_rchar_end,write_proc_io_wchar_start,write_proc_io_wchar_end,write_proc_io_syscr_start,write_proc_io_syscr_end,write_proc_io_syscw_start,write_proc_io_syscw_end,write_proc_io_read_bytes_start,write_proc_io_read_bytes_end,write_proc_io_write_bytes_start,write_proc_io_write_bytes_end,write_proc_io_cancelled_write_bytes_start,write_proc_io_cancelled_write_bytes_end,query_proc_io_rchar_start,query_proc_io_rchar_end,query_proc_io_wchar_start,query_proc_io_wchar_end,query_proc_io_syscr_start,query_proc_io_syscr_end,query_proc_io_syscw_start,query_proc_io_syscw_end,query_proc_io_read_bytes_start,query_proc_io_read_bytes_end,query_proc_io_write_bytes_start,query_proc_io_write_bytes_end,query_proc_io_cancelled_write_bytes_start,query_proc_io_cancelled_write_bytes_end,write_measurement_disk_busy_ms_start,write_measurement_disk_busy_ms_end,query_measurement_disk_busy_ms_start,query_measurement_disk_busy_ms_end
10000000,100000,100,64,1,156250,156250,10000000,10000000,50030.276248,199.878968294,33.978867054,199.878968294,0.169997,214590.740769,46.600333100,46.623504181,46.600333100,1.000497,10000000,12790422065984,1279042.206598,156250,1025512,1130369,1243661,156250,2214500066,14172.800422,156250,13785,16842,22382,156250,195362184057,1250317.977965,156250,996859,1101605,1210639,177361,22517,177361,632235,1103284,1171385,2952755,10000000,2981498305216,298149.830522,156250,288461,351349,387265,156250,436918885,2796.280864,156250,2765,3236,6833,156250,43597925747,279026.724781,156250,270147,329348,361859,156250,372666409,2385.065018,156250,2284,2806,4238,46546,54,46546,552847,691345,736190,3162802,"ext2/ext3",89668861952,7476941824,44118589440,537919488,92549120,1.734,0.067,"sdb2",10,5,536870912,3000,60000,2444924145,"ext2/ext3",89461846016,1073741824,44041875456,537919488,178225152,1.400,4.533,"sdb2",10,5,536870912,3000,60000,2445126781,156250,746562500,156250,226142558,437449531,410872670,0,156250,184384867,1180.063,1281.110,1298.675,574490.000,0,0,0.000,0.000,0.000,0.000,0,0,0,0,0,0,0,0,0,0,0,0,0,0,0,0,0,0,0.000,0.000,0.000,0.000,0,0,0.000,0.000,0.000,0.000,0,0,0,0,0,0,0,0,0,78832,439169066,46978,1385016750,168,285990,31,157030,0,20480,81920,2024792064,0,0,670315395,14496032409,1592690248,1592690248,425320,9848378,157305,157305,20480,20480,2232516608,2232516608,0,0,2444924159,2445104499,2445126781,2445129788
10000000,100000,100,64,2,156250,156250,10000000,10000000,60733.394140,164.654061273,33.944687088,164.654061273,0.206158,215491.289995,46.405587902,46.409190939,46.405587902,1.000078,10000000,10536183941056,1053618.394106,156250,1025392,1131110,1232440,156250,2174545160,13917.089024,156250,13586,15589,21811,156250,160073442794,1024470.033882,156250,996488,1101365,1199008,95043,69611,95043,1250594,1802447,1861734,3450817,10000000,2969113331712,296911.333171,156250,287258,348623,386885,156250,444318495,2843.638368,156250,2775,3306,7744,156250,43397565192,277744.417229,156250,269084,327173,361417,156250,372630468,2384.834995,156250,2294,2805,4198,41996,4409,41996,881414,1020036,1063567,2727833,"ext2/ext3",89665835008,7476941824,44031385600,537919488,185946112,1.587,0.000,"sdb2",10,5,536870912,3000,60000,2445129788,"ext2/ext3",89458913280,1073741824,44025507840,537919488,201400320,0.918,0.133,"sdb2",10,5,536870912,3000,60000,2445291090,156250,746562500,156250,226145858,437445093,410867673,0,156250,148980017,953.472,1280.293,1297.825,139968.000,0,0,0.000,0.000,0.000,0.000,0,0,0,0,0,0,0,0,0,0,0,0,0,0,0,0,0,0,0.000,0.000,0.000,0.000,0,0,0.000,0.000,0.000,0.000,0,0,0,0,0,0,0,0,0,14496091040,14935177002,1592731898,2977700122,9848514,10134332,157330,314330,20480,24576,2232610816,4257316864,8192,8192,15166313331,28991927622,3185370632,3185370632,10273661,19696647,314603,314603,24576,24576,4465049600,4465049600,8192,8192,2445129797,2445274571,2445291090,2445292181
10000000,100000,100,64,3,156250,156250,10000000,10000000,60803.219201,164.464976221,33.804668776,164.464976221,0.205543,213888.769326,46.753272888,46.780405974,46.753272888,1.000580,10000000,10524295201664,1052429.520166,156250,1024400,1126461,1222241,156250,2198349519,14069.436922,156250,13706,16390,22131,156250,159920530552,1023491.395533,156250,995476,1097057,1189550,155085,9379,155085,552624,1011303,1077072,3845375,10000000,2991273746496,299127.374650,156250,289141,354735,395612,156250,452569758,2896.446451,156250,2845,3486,7705,156250,43746219688,279975.806003,156250,270557,332453,369793,156250,374119600,2394.365440,156250,2284,2815,4438,27511,19242,27511,1059585,1196587,1240339,2689261,"ext2/ext3",89663111168,7476941824,43991793664,537919488,228696064,1.001,0.167,"sdb2",10,5,536870912,3000,60000,2445292186,"ext2/ext3",89451692032,1073741824,43986599936,537919488,244019200,1.128,0.200,"sdb2",10,5,536870912,3000,60000,2445456130,156250,746562500,156250,226151720,437465095,410887881,0,156250,148952273,953.295,1280.324,1297.873,143571.000,0,0,0.000,0.000,0.000,0.000,0,0,0,0,0,0,0,0,0,0,0,0,0,0,0,0,0,0,0.000,0.000,0.000,0.000,0,0,0.000,0.000,0.000,0.000,0,0,0,0,0,0,0,0,0,28991986258,29431092140,3185412334,4570407715,19696783,19982616,314628,471626,24576,32768,4465139712,6489862144,16384,16384,29662344376,43488033924,4778074255,4778074255,20122274,29545327,471918,471918,32768,32768,6697594880,6697594880,16384,16384,2445292199,2445437233,2445456130,2445456281
10000000,100000,100,256,1,39063,39063,10000000,10000000,189883.918908,52.663754032,26.514939329,52.663754032,0.503476,225607.021232,44.324861635,44.422293099,44.324861635,1.002198,10000000,13480269332224,1348026.933222,39063,1305767,1415192,1543122,39063,2185336430,55943.896526,39063,53871,66515,87514,39063,49885205247,1277044.908148,39063,1236157,1339370,1454476,50233,2430,50233,440069,997924,1046872,2741414,10000000,11346416514560,1134641.651456,39063,1112085,1323400,1474764,39063,396223791,10143.199217,39063,9769,13665,23884,39063,42813594209,1096013.982771,39063,1076117,1280691,1417898,39063,396522680,10150.850677,39063,9798,11992,18555,28073,16251,28073,1061397,1689635,1749561,3475066,"ext2/ext3",89655357440,7476941824,43968327680,537919488,241053696,1.149,0.333,"sdb2",10,5,536870912,3000,60000,2445456291,"ext2/ext3",89225252864,1073741824,43995779072,537919488,240668672,4.201,4.500,"sdb2",10,5,536870912,3000,60000,2445496137,39063,741640646,39063,227185759,439532872,412881906,0,39063,40833085,1045.314,1281.452,1298.826,134929.000,0,0,0.000,0.000,0.000,0.000,0,0,0,0,0,0,0,0,0,0,0,0,0,0,0,0,0,0,0.000,0.000,0.000,0.000,0,0,0.000,0.000,0.000,0.000,0,0,0,0,0,0,0,0,0,43488092562,43929271628,4778115972,6160398070,29545463,29832636,471943,511749,32768,49152,6697684992,8240181248,24576,24576,44156320359,57981504505,6366987360,6367014711,29971189,39381641,511984,511986,53248,53248,8446824448,8446853120,24576,24576,2445456302,2445495673,2445496137,2445496183
10000000,100000,100,256,2,39063,39063,10000000,10000000,188854.593855,52.950790319,26.403728443,52.950790319,0.498647,232244.506459,43.058069069,43.207466678,43.058069069,1.003470,10000000,13553137690240,1355313.769024,39063,1308703,1433637,1580943,39063,2185020016,55935.796431,39063,53901,66004,86913,39063,50145664307,1283712.574738,39063,1238972,1357764,1491536,38841,14109,38841,879562,1375249,1555144,2646093,10000000,11022121646336,1102212.164634,39063,1084633,1269460,1406256,39063,404818849,10363.229885,39063,9958,14286,25488,39063,41623428752,1065546.137061,39063,1048725,1228623,1354158,39063,397128362,10166.355938,39063,9738,12112,18865,38136,4922,38136,635274,1099319,1185672,2974630,"ext2/ext3",89644720128,7476941824,43976671232,537919488,240660480,1.672,0.133,"sdb2",10,5,536870912,3000,60000,2445496187,"ext2/ext3",89438404608,1073741824,43991203840,537919488,235212800,1.547,4.466,"sdb2",10,5,536870912,3000,60000,2445553745,39063,741640646,39063,227185759,439532872,412881906,0,39063,41024379,1050.211,1281.664,1299.058,138019.000,0,0,0.000,0.000,0.000,0.000,0,0,0,0,0,0,0,0,0,0,0,0,0,0,0,0,0,0,0.000,0.000,0.000,0.000,0,0,0.000,0.000,0.000,0.000,0,0,0,0,0,0,0,0,0,57981563143,58422742209,6367056423,7749338331,39381777,39668950,512011,551815,53248,61440,8446947328,9989443584,32768,32768,58650118363,72475115380,7955933005,7955960266,39808273,49218601,552093,552095,61440,61440,10196094976,10196127744,32768,32768,2445496196,2445535580,2445553745,2445554480
10000000,100000,100,256,3,39063,39063,10000000,10000000,189677.743791,52.720998258,26.314329887,52.720998258,0.499124,225777.993276,44.291296308,45.995232350,44.291296308,1.038471,10000000,13494562666496,1349456.266650,39063,1305687,1415523,1565875,39063,2183494205,55896.736170,39063,53901,65713,86332,39063,49927322568,1278123.097765,39063,1235776,1341213,1481787,39527,13193,39527,842024,1311892,1473353,3276167,10000000,11337502359168,1133750.235917,39063,1083260,1361371,1822095,39063,379434693,9713.403809,39063,9548,12353,22823,39063,42836373732,1096597.131096,39063,1046552,1317499,1760260,39063,398810906,10209.428513,39063,9558,12353,18985,40156,4135,40156,593550,1062636,1130598,1870240,"ext2/ext3",89642311680,7476941824,44003418112,537919488,226979840,1.525,0.467,"sdb2",10,5,536870912,3000,60000,2445554494,"ext2/ext3",89356001280,1073741824,44022747136,537919488,212963328,7.855,4.700,"sdb2",10,5,536870912,3000,60000,2445594012,39063,741640646,39063,227185759,439532872,412881906,0,39063,40839673,1045.482,1281.587,1298.969,135232.000,0,0,0.000,0.000,0.000,0.000,0,0,0,0,0,0,0,0,0,0,0,0,0,71489461,71856066,0,0,0,0.000,0.000,0.000,0.000,0,0,0.000,0.000,0.000,0.000,0,0,0,0,0,0,0,0,0,72475174019,72916353086,7956001980,9338284244,49218737,49505910,552120,591924,61440,65536,10196217856,11738714112,40960,40960,73067651311,86970952139,9473008431,9544897168,49596132,59052026,592079,592155,65536,65536,11873476608,11945385984,40960,40960,2445554504,2445593843,2445594012,2445594347
10000000,100000,100,1024,1,9766,9766,10000000,10000000,406858.295653,24.578582044,24.401220761,24.578582044,0.992784,239047.786940,41.832639942,41.988119074,41.832639942,1.003717,10000000,25165510848256,2516551.084826,9766,2387114,2693478,3289987,9766,2273700058,232817.945730,9766,219441,286287,353803,9766,22133040442,2266336.313946,9766,2143898,2427109,2954809,18510,6068,18510,851378,1398800,1465815,2598426,10000000,42834025876352,4283402.587635,9766,4173936,4853597,5601395,9766,304752510,31205.458734,9766,27361,45055,78026,9766,40678513428,4165319.826746,9766,4060132,4718597,5370206,9766,560825856,57426.362482,9766,53220,81602,118623,26807,15025,26807,1043723,1623974,1680918,3382177,"ext2/ext3",89640161280,7476941824,43998732288,537919488,208605184,1.357,0.000,"sdb2",10,5,536870912,3000,60000,2445594347,"ext2/ext3",89434275840,1073741824,44046598144,537919488,180592640,1.565,2.633,"sdb2",10,5,536870912,3000,60000,2445617148,9766,740410172,9766,227604510,440373937,413698199,0,9766,13491660,1381.493,1717.700,1952.000,141994.000,0,0,0.000,0.000,0.000,0.000,0,0,0,0,0,0,0,0,0,0,0,0,0,0,0,0,0,0,0.000,0.000,0.000,0.000,0,0,0.000,0.000,0.000,0.000,0,0,0,0,0,0,0,0,0,86971010778,87413037469,9544941866,10926996077,59052162,59339890,592180,602688,65536,65536,11945476096,13367713792,81920,81920,87638759448,101463661339,11133161161,11133188486,59478839,68840185,602947,602949,65536,65536,13573939200,13573971968,81920,81920,2445594359,2445607498,2445617148,2445617190
10000000,100000,100,1024,2,9766,9766,10000000,10000000,407625.193944,24.532340367,24.398020537,24.532340367,0.994525,226556.381164,44.139123112,45.820846542,44.139123112,1.038101,10000000,25117820570752,2511782.057075,9766,2376711,2692343,3430219,9766,2297333460,235237.913168,9766,220975,313158,357030,9766,22069927990,2259873.847020,9766,2133164,2419702,3115118,17772,6760,17772,902544,1459571,1525227,3209955,10000000,45195681541120,4519568.154112,9766,4400530,5332128,6969532,9766,321131843,32882.638030,9766,32441,42019,74049,9766,42989529173,4401958.752099,9766,4285564,5179251,6829509,9766,561600839,57505.717694,9766,53791,80671,116078,24200,19939,24200,1292893,1822349,1869913,2621178,"ext2/ext3",89638514688,7476941824,43995873280,537919488,214401024,1.483,0.267,"sdb2",10,5,536870912,3000,60000,2445617198,"ext2/ext3",89353424896,1073741824,43970682880,537919488,247582720,7.425,4.899,"sdb2",10,5,536870912,3000,60000,2445630487,9766,740410172,9766,227604510,440373937,413698199,0,9766,13502743,1382.628,1727.517,2205.106,135899.000,0,0,0.000,0.000,0.000,0.000,0,0,0,0,0,0,0,0,0,0,0,0,0,67308434,67661762,0,0,0,0.000,0.000,0.000,0.000,0,0,0.000,0.000,0.000,0.000,0,0,0,0,0,0,0,0,0,101463719980,101905746674,11133230206,12515284417,68840321,69128049,602974,613481,65536,65536,13574062080,14996299776,118784,118784,102060102868,115958704091,12653775594,12721442665,69221324,78625051,613640,613710,65536,65536,15134822400,15202504704,118784,118784,2445617209,2445630317,2445630487,2445630861
10000000,100000,100,1024,3,9766,9766,10000000,10000000,407443.729044,24.543266437,24.441317445,24.543266437,0.995846,226954.673658,44.061661471,45.668783497,44.061661471,1.036474,10000000,25129092824192,2512909.282419,9766,2380568,2698294,3249528,9766,2276681513,233123.234999,9766,219652,278442,400812,9766,22093245435,2262261.461704,9766,2137572,2428547,2930710,17988,6555,17988,884421,1440303,1506812,2600159,10000000,45116659742848,4511665.974285,9766,4326079,5318641,7300460,9766,323979668,33174.244112,9766,33283,54753,73738,9766,42947986228,4397704.917878,9766,4216052,5170302,7151922,9766,506631067,51877.029183,9766,47860,74069,108955,22619,21442,22619,1415353,1917447,1961987,2717510,"ext2/ext3",89637527552,7476941824,43949576192,537919488,266125312,1.275,0.067,"sdb2",10,5,536870912,3000,60000,2445630863,"ext2/ext3",89352376320,1073741824,43968057344,537919488,259661824,7.304,4.499,"sdb2",10,5,536870912,3000,60000,2445644154,9766,740410172,9766,227604510,440373937,413698199,0,9766,13558450,1388.332,1754.063,1899.013,144963.000,0,0,0.000,0.000,0.000,0.000,0,0,0,0,0,0,0,0,0,0,0,0,0,69434211,69758914,0,0,0,0.000,0.000,0.000,0.000,0,0,0.000,0.000,0.000,0.000,0,0,0,0,0,0,0,0,0,115958762733,116400789427,12721487375,14103541586,78625187,78912915,613736,624243,65536,65536,15202598912,16624836608,131072,131072,116552900191,130453652300,14239935611,14309699834,79004657,88410400,624400,624472,65536,65536,16761262080,16831041536,131072,131072,2445630871,2445643990,2445644154,2445644488
10000000,100000,100,2048,1,4883,4883,10000000,10000000,518593.386559,19.282930055,24.273049247,19.282930055,1.258784,230613.977652,43.362506045,43.595637058,43.362506045,1.005376,10000000,39487837438848,3948783.743885,4883,3600987,4239124,10384016,4883,2366020919,484542.477780,4883,450065,578616,723177,4883,16821650377,3444941.711448,4883,3108193,3682260,9927399,11040,8242,11040,1217915,1782799,2086926,3497170,10000000,88800135995520,8880013.599552,4883,8875644,9986017,10952360,4883,245504815,50277.455458,4883,48662,72476,120376,4883,42074177472,8616460.674176,4883,8622368,9670795,10582706,4883,793167251,162434.415523,4883,154069,220454,296105,38877,4485,38877,625730,1072336,1115202,2440079,"ext2/ext3",89636708352,7476941824,43962953728,537919488,264998912,1.129,0.167,"sdb2",10,5,536870912,3000,60000,2445644493,"ext2/ext3",89431453696,1073741824,43963641856,537919488,246435840,1.442,4.400,"sdb2",10,5,536870912,3000,60000,2445668534,4883,740205086,4883,227579609,438158556,412359346,0,4883,8200122,1679.320,1793.740,7316.100,540935.000,0,0,0.000,0.000,0.000,0.000,0,0,0,0,1,83726898,0,0,0,0,0,0,0,0,0,0,0,0,0.000,0.000,0.000,0.000,0,0,0.000,0.000,0.000,0.000,0,0,0,0,0,0,0,0,0,130453710942,130893521908,14309744544,15690189703,88410536,88697684,624498,630115,65536,69632,16831135744,18231738368,143360,143360,131121475294,144946214151,15897700058,15897700058,88837323,98132945,630385,630385,69632,69632,18439315456,18439315456,143360,143360,2445644504,2445652499,2445668534,2445669168
10000000,100000,100,2048,2,4883,4883,10000000,10000000,532745.936358,18.770673444,23.744065687,18.770673444,1.264955,231897.885839,43.122428494,44.702175720,43.122428494,1.036634,10000000,38438281500416,3843828.150042,4883,3589925,4214217,5564851,4883,2369932173,485343.471841,4883,461666,565912,719520,4883,16310258523,3340212.681343,4883,3103253,3658845,5034456,14391,4379,14391,827324,1332921,1484734,3593877,10000000,88308599332096,8830859.933210,4883,8447628,9936292,19835685,4883,254724034,52165.479009,4883,48060,71014,131557,4883,41864309275,8573481.317837,4883,8195195,9632591,19465050,4883,774601356,158632.266230,4883,149771,218360,275457,23309,19813,23309,1308002,1820602,1868305,3581908,"ext2/ext3",89627377664,7476941824,43973083136,537919488,246644736,1.170,0.367,"sdb2",10,5,536870912,3000,60000,2445669179,"ext2/ext3",89335189504,1073741824,43964985344,537919488,247013376,7.679,4.599,"sdb2",10,5,536870912,3000,60000,2445676909,4883,740205086,4883,227579609,417030331,392436402,0,4883,7661748,1569.066,1800.115,2963.750,141049.000,0,0,0.000,0.000,0.000,0.000,0,0,0,0,1,83726898,0,0,0,0,0,0,0,74456873,71856066,0,0,0,0.000,0.000,0.000,0.000,0,0,0.000,0.000,0.000,0.000,0,0,0,0,0,0,0,0,0,144946272793,145364958767,15897741798,17258264013,98133081,98407113,630410,636010,69632,73728,18439413760,19820093440,151552,151552,145521779314,159430988022,17396203827,17468065211,98501657,107842790,636170,636244,73728,73728,19958067200,20029943808,12181504,12181504,2445669191,2445676754,2445676909,2445677244
10000000,100000,100,2048,3,4883,4883,10000000,10000000,535832.961750,18.662532382,23.590699981,18.662532382,1.264067,228908.877248,43.685505430,45.442923488,43.685505430,1.040229,10000000,38217020111232,3821702.011123,4883,3596698,4194800,5437622,4883,2344602654,480156.185542,4883,455014,554230,706094,4883,16222666485,3322274.520786,4883,3103022,3646100,4772924,9757,8905,9757,1364399,1904831,2220681,3370681,10000000,89461721887360,8946172.188736,4883,8685313,10125374,17867449,4883,259338424,53110.469793,4883,47709,82575,133531,4883,42419484221,8687176.780872,4883,8418953,9816605,17551797,4883,778310442,159391.857874,4883,149841,221145,292960,39976,3709,39976,600368,1050697,1095198,2109969,"ext2/ext3",89626443776,7476941824,43969720320,537919488,247058432,1.274,0.267,"sdb2",10,5,536870912,3000,60000,2445677252,"ext2/ext3",89334534144,1073741824,43975647232,537919488,246919168,7.289,4.600,"sdb2",10,5,536870912,3000,60000,2445684921,4883,740205086,4883,227579609,416406022,392436402,0,4883,7656625,1568.017,1794.667,2820.435,160582.000,0,0,0.000,0.000,0.000,0.000,0,0,0,0,1,83726898,0,0,0,0,0,0,0,76483361,72904642,0,0,0,0.000,0.000,0.000,0.000,0,0,0.000,0.000,0.000,0.000,0,0,0,0,0,0,0,0,0,159431046667,159849111540,17468111210,18828633426,107842926,108116573,636269,641869,73728,73728,20030038016,21410717696,12193792,12193792,160005161520,173917290854,18966209715,19039119675,108210639,117553016,642029,642104,73728,73728,21548326912,21621252096,24907776,24907776,2445677263,2445684756,2445684921,2445685254
10000000,100000,100,4096,1,2442,2442,10000000,10000000,629185.270620,15.893569775,22.904004730,15.893569775,1.441086,230169.799774,43.446186293,43.686949443,43.446186293,1.005542,10000000,65088817273472,6508881.727347,2442,6110121,7371328,25173110,2442,2365462326,968657.791155,2442,906320,1123117,1450170,2442,13474813210,5517941.527437,2442,5138800,6267466,24219593,10805,5088,10805,963712,1628001,2054104,4482430,10000000,177931661731072,17793166.173107,2442,17730828,19954800,20921213,2442,213977370,87623.820639,2442,88486,100839,216856,2442,41956418754,17181170.660934,2442,17140411,19274303,20173370,2442,1054950300,432002.579853,2442,423213,516849,602871,39964,3482,39964,597530,1049973,1084070,2516396,"ext2/ext3",89625636864,7476941824,43980922880,537919488,247418880,1.692,1.200,"sdb2",10,5,536870912,3000,60000,2445685290,"ext2/ext3",89420615680,1073741824,43961004032,537919488,246775808,1.316,0.000,"sdb2",10,5,536870912,3000,60000,2445699518,2442,740102564,2442,228430612,380381018,357237515,0,2442,5001966,2048.307,1887.311,14773.333,152852.000,0,0,0.000,0.000,0.000,0.000,0,0,0,0,1,84041402,0,0,0,0,0,0,0,0,0,0,0,0,0.000,0.000,0.000,0.000,0,0,0.000,0.000,0.000,0.000,0,0,0,0,0,0,0,0,0,173917349499,174299398724,19039165679,20365218458,117553152,117803534,642129,645255,73728,73728,21621350400,22957608960,24920064,24977408,174532884249,188360693620,20575452470,20575452470,117947093,127114615,645519,645519,73728,73728,23167893504,23167893504,69742592,69742592,2445685301,2445690326,2445699518,2445699576
10000000,100000,100,4096,2,2442,2442,10000000,10000000,620693.769388,16.111004320,23.339381187,16.111004320,1.448661,227300.737698,43.994577850,45.535268951,43.994577850,1.035020,10000000,65977876077440,6597787.607744,2442,6211150,7416410,24775812,2442,2402323883,983752.613841,2442,971112,1129328,1573111,2442,13649568332,5589503.821458,2442,5236742,6310677,23858452,13629,2482,13629,678504,1325251,1801114,4688133,10000000,180179574945408,18017957.494541,2442,17325727,20010824,39904838,2442,211260196,86511.136773,2442,88856,105358,220363,2442,42512387328,17408840.019656,2442,16713398,19360393,39074020,2442,1054065677,431640.326372,2442,420870,521057,598813,39011,4983,39011,648102,1097749,1129999,2838167,"ext2/ext3",89624961024,7476941824,43972153344,537919488,246992896,1.211,0.000,"sdb2",10,5,536870912,3000,60000,2445699576,"ext2/ext3",89333104640,1073741824,43983761408,537919488,247140352,7.787,4.833,"sdb2",10,5,536870912,3000,60000,2445704750,2442,740102564,2442,228430612,397394515,375063307,0,2442,5032172,2060.676,1889.056,16528.000,163601.000,0,0,0.000,0.000,0.000,0.000,0,0,0,0,1,84041402,0,0,0,0,0,0,0,69311753,66613186,0,0,0,0.000,0.000,0.000,0.000,0,0,0.000,0.000,0.000,0.000,0,0,0,0,0,0,0,0,0,188360752265,188759823045,20575494234,21919372805,127114751,127376663,645544,648687,73728,73728,23167983616,24522067968,69750784,69804032,188921036791,202827357473,22062319677,22128938181,127475668,136685589,648852,648921,73728,73728,24665051136,24731684864,131735552,131735552,2445699587,2445704587,2445704750,2445705092
10000000,100000,100,4096,3,2442,2442,10000000,10000000,636969.432176,15.699340494,22.476858458,15.699340494,1.431707,227342.481935,43.986499641,45.871559956,43.986499641,1.042855,10000000,64292826695424,6429282.669542,2442,6068351,7197660,22991783,2442,2347491055,961298.548321,2442,904647,1118277,1623214,2442,13301393706,5446926.169533,2442,5105275,6101995,22092877,13203,2496,13203,683332,1354219,1769761,2629838,10000000,180140390763136,18014039.076314,2442,17302001,20169478,33342546,2442,211553465,86631.230549,2442,85771,126677,222677,2442,42506917966,17406600.313677,2442,16687177,19475687,32479216,2442,1049720710,429861.060606,2442,419297,516599,612428,33889,10097,33889,821307,1245356,1278907,2780551,"ext2/ext3",89624256512,7476941824,43970396160,537919488,247308288,1.546,0.100,"sdb2",10,5,536870912,3000,60000,2445705095,"ext2/ext3",89332379648,1073741824,43957002240,537919488,247074816,7.308,4.866,"sdb2",10,5,536870912,3000,60000,2445710286,2442,740102564,2442,228430612,368224371,345703179,0,2442,5035852,2062.183,1887.311,15580.000,161649.000,0,0,0.000,0.000,0.000,0.000,0,0,0,0,1,84041402,0,0,0,0,0,0,0,70390954,67661762,0,0,0,0.000,0.000,0.000,0.000,0,0,0.000,0.000,0.000,0.000,0,0,0,0,0,0,0,0,0,202827416119,203197298473,22128984201,23443502644,136685725,136927797,648947,652062,73728,73728,24731783168,26056507392,131747840,131805184,203356663247,217267951235,23585429049,23653096129,137025894,146236460,652226,652296,73728,73728,26198466560,26266148864,164405248,164405248,2445705105,2445710124,2445710286,2445710613
