iterations,users,amount_cents,batch_size,max_concurrent_query_batches,repetition,write_batches,query_batches,write_transactions,query_transactions,write_rps,write_wall_seconds,write_process_cpu_seconds,write_cpu_measurement_wall_seconds,write_cpu_core_equivalents,query_rps,query_wall_seconds,query_process_cpu_seconds,query_cpu_measurement_wall_seconds,query_cpu_core_equivalents,write_tx_latency_transaction_count,write_tx_latency_total_ns,write_tx_latency_mean_ns,write_tx_latency_batch_observation_count,write_tx_latency_p50_ns,write_tx_latency_p95_ns,write_tx_latency_p99_ns,write_batch_build_batch_count,write_batch_build_total_ns,write_batch_build_mean_ns_per_batch,write_batch_build_sample_count,write_batch_build_p50_ns,write_batch_build_p95_ns,write_batch_build_p99_ns,write_db_write_opt_call_batch_count,write_db_write_opt_call_total_ns,write_db_write_opt_call_mean_ns_per_batch,write_db_write_opt_call_sample_count,write_db_write_opt_call_p50_ns,write_db_write_opt_call_p95_ns,write_db_write_opt_call_p99_ns,write_heartbeat_tick_count,write_heartbeat_missed_tick_count,write_heartbeat_lateness_sample_count,write_heartbeat_lateness_p50_ns,write_heartbeat_lateness_p95_ns,write_heartbeat_lateness_p99_ns,write_heartbeat_lateness_max_ns,query_tx_latency_transaction_count,query_tx_latency_total_ns,query_tx_latency_mean_ns,query_tx_latency_batch_observation_count,query_tx_latency_p50_ns,query_tx_latency_p95_ns,query_tx_latency_p99_ns,query_batch_submission_to_completion_batch_count,query_batch_submission_to_completion_total_ns,query_batch_submission_to_completion_mean_ns_per_batch,query_batch_submission_to_completion_sample_count,query_batch_submission_to_completion_p50_ns,query_batch_submission_to_completion_p95_ns,query_batch_submission_to_completion_p99_ns,query_blocking_pool_wait_batch_count,query_blocking_pool_wait_total_ns,query_blocking_pool_wait_mean_ns_per_batch,query_blocking_pool_wait_sample_count,query_blocking_pool_wait_p50_ns,query_blocking_pool_wait_p95_ns,query_blocking_pool_wait_p99_ns,query_batch_prep_batch_count,query_batch_prep_total_ns,query_batch_prep_mean_ns_per_batch,query_batch_prep_sample_count,query_batch_prep_p50_ns,query_batch_prep_p95_ns,query_batch_prep_p99_ns,query_batched_multi_get_call_batch_count,query_batched_multi_get_call_total_ns,query_batched_multi_get_call_mean_ns_per_batch,query_batched_multi_get_call_sample_count,query_batched_multi_get_call_p50_ns,query_batched_multi_get_call_p95_ns,query_batched_multi_get_call_p99_ns,query_decode_validate_batch_count,query_decode_validate_total_ns,query_decode_validate_mean_ns_per_batch,query_decode_validate_sample_count,query_decode_validate_p50_ns,query_decode_validate_p95_ns,query_decode_validate_p99_ns,query_heartbeat_tick_count,query_heartbeat_missed_tick_count,query_heartbeat_lateness_sample_count,query_heartbeat_lateness_p50_ns,query_heartbeat_lateness_p95_ns,query_heartbeat_lateness_p99_ns,query_heartbeat_lateness_max_ns,write_preflight_fs_type,write_preflight_free_bytes,write_preflight_required_free_bytes,write_preflight_mem_available_bytes,write_preflight_required_memory_bytes,write_preflight_process_rss_bytes,write_preflight_cpu_busy_pct,write_preflight_disk_busy_pct,write_preflight_disk_device,write_preflight_cpu_limit_pct,write_preflight_disk_limit_pct,write_preflight_min_mem_bytes,write_preflight_observation_ms,write_preflight_timeout_ms,write_preflight_disk_busy_ms,query_preflight_fs_type,query_preflight_free_bytes,query_preflight_required_free_bytes,query_preflight_mem_available_bytes,query_preflight_required_memory_bytes,query_preflight_process_rss_bytes,query_preflight_cpu_busy_pct,query_preflight_disk_busy_pct,query_preflight_disk_device,query_preflight_cpu_limit_pct,query_preflight_disk_limit_pct,query_preflight_min_mem_bytes,query_preflight_observation_ms,query_preflight_timeout_ms,query_preflight_disk_busy_ms,write_rocksdb_wal_file_synced_delta,write_rocksdb_wal_file_bytes_delta,write_rocksdb_write_with_wal_delta,write_rocksdb_flush_write_bytes_delta,write_rocksdb_compaction_read_bytes_delta,write_rocksdb_compaction_write_bytes_delta,write_rocksdb_stall_micros_delta,write_rocksdb_wal_file_sync_hist_since_open_count,write_rocksdb_wal_file_sync_hist_since_open_sum_us,write_rocksdb_wal_file_sync_hist_since_open_average_us,write_rocksdb_wal_file_sync_hist_since_open_p95_us,write_rocksdb_wal_file_sync_hist_since_open_p99_us,write_rocksdb_wal_file_sync_hist_since_open_max_us,write_rocksdb_write_stall_hist_since_open_count,write_rocksdb_write_stall_hist_since_open_sum_us,write_rocksdb_write_stall_hist_since_open_average_us,write_rocksdb_write_stall_hist_since_open_p95_us,write_rocksdb_write_stall_hist_since_open_p99_us,write_rocksdb_write_stall_hist_since_open_max_us,write_rocksdb_num_immutable_memtables_after_phase,write_rocksdb_memtable_flush_pending_after_phase,write_rocksdb_num_running_flushes_after_phase,write_rocksdb_compaction_pending_after_phase,write_rocksdb_num_running_compactions_after_phase,write_rocksdb_estimate_pending_compaction_bytes_after_phase,write_rocksdb_is_write_stopped_after_phase,write_rocksdb_actual_delayed_write_rate_after_phase,write_rocksdb_background_errors_after_phase,query_rocksdb_wal_file_synced_delta,query_rocksdb_wal_file_bytes_delta,query_rocksdb_write_with_wal_delta,query_rocksdb_flush_write_bytes_delta,query_rocksdb_compaction_read_bytes_delta,query_rocksdb_compaction_write_bytes_delta,query_rocksdb_stall_micros_delta,query_rocksdb_wal_file_sync_hist_since_open_count,query_rocksdb_wal_file_sync_hist_since_open_sum_us,query_rocksdb_wal_file_sync_hist_since_open_average_us,query_rocksdb_wal_file_sync_hist_since_open_p95_us,query_rocksdb_wal_file_sync_hist_since_open_p99_us,query_rocksdb_wal_file_sync_hist_since_open_max_us,query_rocksdb_write_stall_hist_since_open_count,query_rocksdb_write_stall_hist_since_open_sum_us,query_rocksdb_write_stall_hist_since_open_average_us,query_rocksdb_write_stall_hist_since_open_p95_us,query_rocksdb_write_stall_hist_since_open_p99_us,query_rocksdb_write_stall_hist_since_open_max_us,query_rocksdb_num_immutable_memtables_after_phase,query_rocksdb_memtable_flush_pending_after_phase,query_rocksdb_num_running_flushes_after_phase,query_rocksdb_compaction_pending_after_phase,query_rocksdb_num_running_compactions_after_phase,query_rocksdb_estimate_pending_compaction_bytes_after_phase,query_rocksdb_is_write_stopped_after_phase,query_rocksdb_actual_delayed_write_rate_after_phase,query_rocksdb_background_errors_after_phase,write_proc_io_rchar_start,write_proc_io_rchar_end,write_proc_io_wchar_start,write_proc_io_wchar_end,write_proc_io_syscr_start,write_proc_io_syscr_end,write_proc_io_syscw_start,write_proc_io_syscw_end,write_proc_io_read_bytes_start,write_proc_io_read_bytes_end,write_proc_io_write_bytes_start,write_proc_io_write_bytes_end,write_proc_io_cancelled_write_bytes_start,write_proc_io_cancelled_write_bytes_end,query_proc_io_rchar_start,query_proc_io_rchar_end,query_proc_io_wchar_start,query_proc_io_wchar_end,query_proc_io_syscr_start,query_proc_io_syscr_end,query_proc_io_syscw_start,query_proc_io_syscw_end,query_proc_io_read_bytes_start,query_proc_io_read_bytes_end,query_proc_io_write_bytes_start,query_proc_io_write_bytes_end,query_proc_io_cancelled_write_bytes_start,query_proc_io_cancelled_write_bytes_end,write_measurement_disk_busy_ms_start,write_measurement_disk_busy_ms_end,query_measurement_disk_busy_ms_start,query_measurement_disk_busy_ms_end
10000000,100000,100,2048,1,1,4883,4883,10000000,10000000,538301.696154,18.576943137,23.337629077,18.576943137,1.256269,234483.777717,42.646873474,42.796546067,42.646873474,1.003510,10000000,38042084241280,3804208.424128,4883,3580741,4126944,5568977,4883,2324729137,476086.245546,4883,441397,624541,733875,4883,16160375662,3309517.850092,4883,3097034,3604354,4715517,9867,8709,9867,1343577,1891971,2194731,4534801,10000000,87332729249920,8733272.924992,4883,8645282,9798463,10832682,4883,42402620263,8683723.174892,4883,8593625,9749321,10766859,4883,40668130,8328.513209,4883,7464,9918,13315,4883,240977449,49350.286504,4883,48661,68278,81953,4883,41375278007,8473331.559902,4883,8375998,9500345,10418305,4883,784689440,160698.226500,4883,151423,222347,284092,22092,20554,22092,1401988,1890706,1933616,3633286,"ext2/ext3",100527185920,7476941824,47833198592,537395200,92377088,1.169,1.900,"sdb2",10,5,536870912,3000,60000,2446481091,"ext2/ext3",100322136064,1073741824,47753924608,537395200,175132672,1.023,2.200,"sdb2",10,5,536870912,3000,60000,2446491526,4883,740205086,4883,227579609,424585623,399776434,0,4883,7640966,1564.810,1798.636,2826.800,142231.000,0,0,0.000,0.000,0.000,0.000,0,0,0,0,1,83726898,0,0,0,0,0,0,0,0,0,0,0,0,0.000,0.000,0.000,0.000,0,0,0.000,0.000,0.000,0.000,0,0,0,0,0,0,0,0,0,78858,426329750,48025,1367935261,168,278897,31,5637,0,4096,81920,1388126208,0,4096,661847293,14486522570,1577444297,1577444297,421580,9717161,5890,5890,4096,4096,1597681664,1597681664,19046400,19046400,2446481102,2446488537,2446491526,2446491726
10000000,100000,100,2048,1,2,4883,4883,10000000,10000000,538697.063195,18.563308923,23.136061684,18.563308923,1.246333,225575.296671,44.331095415,46.145665922,44.331095415,1.040932,10000000,38013875520000,3801387.552000,4883,3577706,4149156,5863098,4883,2307594270,472577.159533,4883,435876,564548,691846,4883,16158506689,3309135.099119,4883,3090402,3618762,5318938,11542,7021,11542,1086747,1661322,1951523,2314661,10000000,90781160371072,9078116.037107,4883,8681189,10523031,16710226,4883,44074842099,9026181.056523,4883,8628481,10474219,16644394,4883,48570768,9946.911325,4883,9227,13986,16821,4883,252678175,51746.503174,4883,49082,68999,87093,4883,43037062506,8813651.956994,4883,8423326,10144852,16409393,4883,792597945,162317.826131,4883,154310,222207,286066,25687,18644,25687,1170627,1707943,1756843,3471411,"ext2/ext3",100526538752,7476941824,47734833152,537395200,175833088,1.484,0.067,"sdb2",10,5,536870912,3000,60000,2446491728,"ext2/ext3",100234629120,1073741824,47738056704,537395200,172937216,7.891,4.566,"sdb2",10,5,536870912,3000,60000,2446499362,4883,740205086,4883,227579609,413733635,390339250,0,4883,7663809,1569.488,1794.356,3251.000,146794.000,0,0,0.000,0.000,0.000,0.000,0,0,0,0,1,83726898,0,0,0,0,0,0,0,73516648,70807490,0,0,0,0.000,0.000,0.000,0.000,0,0,0.000,0.000,0.000,0.000,0,0,0,0,0,0,0,0,0,14486581215,14901981770,1577486509,2935939222,9717297,9989289,5915,11511,4096,12288,1597771776,2976382976,19054592,19054592,15059788060,28970859624,3074068310,3144908676,10084446,19425095,11671,11745,12288,12288,3114545152,3185401856,28127232,28127232,2446491738,2446499199,2446499362,2446499692
10000000,100000,100,2048,1,3,4883,4883,10000000,10000000,532274.545129,18.787297066,23.613783092,18.787297066,1.256902,239014.826373,41.838408737,41.984580936,41.838408737,1.003494,10000000,38472328286208,3847232.828621,4883,3591280,4276154,9005588,4883,2321334750,475391.101782,4883,440336,559208,786574,4883,16368828171,3352207.284661,4883,3105289,3744337,8445818,16021,2766,16021,674445,1158377,1393481,2455326,10000000,85675721823488,8567572.182349,4883,8380626,9502670,10648587,4883,41598186658,8518981.498669,4883,8330182,9452946,10587803,4883,37628866,7706.095843,4883,7333,9598,12523,4883,236488971,48431.081507,4883,49303,67347,112211,4883,40603481814,8315273.768994,4883,8134325,9198168,10330501,4883,754434917,154502.338112,4883,145182,212909,276758,20895,20943,20895,1483128,1955615,1999244,2737373,"ext2/ext3",100525699072,7476941824,47725469696,537395200,196829184,1.044,0.033,"sdb2",10,5,536870912,3000,60000,2446499693,"ext2/ext3",100320403456,1073741824,47743979520,537395200,178192384,1.211,4.366,"sdb2",10,5,536870912,3000,60000,2446524579,4883,740205086,4883,227579609,433367034,408165042,0,4883,7672817,1571.333,1793.250,4088.750,145857.000,0,0,0.000,0.000,0.000,0.000,0,0,0,0,1,83726898,0,0,0,0,0,0,0,0,0,0,0,0,0.000,0.000,0.000,0.000,0,0,0.000,0.000,0.000,0.000,0,0,0,0,0,0,0,0,0,28970918272,29405939329,3144955349,4521234291,19425231,19709405,11770,17385,12288,12288,3185491968,4581928960,28139520,28139520,29643567537,43468346163,4732121629,4732121629,19853641,29149336,17658,17658,12288,12288,4792868864,4792868864,56946688,56946688,2446499705,2446507199,2446524579,2446524870
10000000,100000,100,2048,2,1,4883,4883,10000000,10000000,519590.478025,19.245926211,23.327109667,19.245926211,1.212054,446324.615771,22.405217294,44.712303855,22.405217294,1.995620,10000000,39411487602304,3941148.760230,4883,3579008,4291703,8012527,4883,2305399792,472127.747696,4883,442259,545512,791985,4883,16852054453,3451168.227114,4883,3101773,3752893,7504354,16772,2473,16772,648173,1120554,1381807,2358867,10000000,91761735544832,9176173.554483,4883,9070209,9798594,11159465,4883,44451906037,9103400.785787,4883,8997262,9721259,11102948,4883,37762387,7733.439894,4883,7364,9869,13656,4883,354582933,72615.796232,4883,65793,135243,236563,4883,43057950451,8817929.643866,4883,8709804,9417900,10767790,4883,1019139707,208711.797461,4883,203251,241472,303559,14987,7418,14987,995623,1484705,1539953,3176515,"ext2/ext3",100524711936,7476941824,47711236096,537919488,212307968,1.421,0.067,"sdb2",10,5,536870912,3000,60000,2446524872,"ext2/ext3",100097548288,1073741824,47664746496,537919488,243449856,4.160,4.666,"sdb2",10,5,536870912,3000,60000,2446533432,4883,740205086,4883,227579609,429598926,403970738,0,4883,8296190,1698.994,1828.851,5593.500,522055.000,0,0,0.000,0.000,0.000,0.000,0,0,0,0,1,83726898,0,0,0,0,0,0,0,0,0,0,0,0,0.000,0.000,0.000,0.000,0,0,0.000,0.000,0.000,0.000,0,0,0,0,0,0,0,0,0,43468404812,43899665806,4732163898,6104221203,29149472,29431312,17683,23292,12288,12288,4792954880,6185172992,56954880,56954880,44137118567,58012012080,6315907982,6315908074,29575033,38904074,23534,23535,16384,16384,6396911616,6396911616,82399232,82399232,2446524881,2446532980,2446533432,2446533464
10000000,100000,100,2048,2,2,4883,4883,10000000,10000000,540091.084272,18.515395442,23.145369589,18.515395442,1.250061,429471.994926,23.284405312,48.028115302,23.284405312,2.062673,10000000,37915595150592,3791559.515059,4883,3554833,4104362,8059585,4883,2288904938,468749.731313,4883,437059,554149,687939,4883,16131125233,3303527.592259,4883,3074402,3584789,7602618,14900,3615,14900,767061,1260316,1459045,1953322,10000000,95357441972608,9535744.197261,4883,9082803,11024131,20456799,4883,46223462600,9466201.638337,4883,9017590,10942057,20369575,4883,42804353,8765.994880,4883,7514,10189,15038,4883,338683603,69359.738480,4883,60073,137257,231183,4883,44812813736,9177311.844358,4883,8728538,10619833,20071778,4883,1024474730,209804.368216,4883,204313,243577,300053,16142,7142,16142,955937,1433695,1497536,2275248,"ext2/ext3",100524228608,7476941824,47647408128,537919488,264552448,1.463,0.067,"sdb2",10,5,536870912,3000,60000,2446533466,"ext2/ext3",100232077312,1073741824,47660199936,537919488,260767744,7.601,4.700,"sdb2",10,5,536870912,3000,60000,2446541138,4883,740205086,4883,227579609,412037530,388242098,0,4883,7684074,1573.638,1780.468,6143.500,147467.000,0,0,0.000,0.000,0.000,0.000,0,0,0,0,1,83726898,0,0,0,0,0,0,0,71046120,67661762,0,0,0,0.000,0.000,0.000,0.000,0,0,0.000,0.000,0.000,0.000,0,0,0,0,0,0,0,0,0,58012070730,58425768722,6315977424,7672306088,38904210,39175146,23560,29156,16384,16384,6397022208,7773511680,82477056,82481152,58588231457,72554686747,7815664868,7883331955,39273193,48644585,29321,29391,20480,24576,7916904448,7984586752,91541504,91541504,2446533477,2446540979,2446541138,2446541433
10000000,100000,100,2048,2,3,4883,4883,10000000,10000000,541751.530064,18.458646529,23.047142590,18.458646529,1.248582,441048.432905,22.673246868,45.210553588,22.673246868,1.994004,10000000,37799436470656,3779943.647066,4883,3544503,4124280,5608110,4883,2314233102,473936.740119,4883,437139,591699,691446,4883,16049941078,3286901.715749,4883,3055927,3602301,5079770,10050,8408,10050,1307953,1859478,2182228,3213182,10000000,92848084442624,9284808.444262,4883,9141263,10385674,11671785,4883,44948069061,9205011.071268,4883,9060250,10315923,11535108,4883,39955355,8182.542494,4883,7604,10229,14387,4883,388823281,79627.950236,4883,68448,162084,241713,4883,43547594633,8918204.921769,4883,8768163,9998048,11213035,4883,1035719789,212107.267868,4883,206247,254096,318737,12739,9934,12739,1222722,1754500,1808906,3458300,"ext2/ext3",100523515904,7476941824,47652343808,537919488,267771904,1.379,0.000,"sdb2",10,5,536870912,3000,60000,2446541433,"ext2/ext3",100318384128,1073741824,47687487488,537919488,202960896,1.064,0.100,"sdb2",10,5,536870912,3000,60000,2446565172,4883,740205086,4883,227579609,415849166,391387826,0,4883,7697335,1576.354,1781.283,2866.800,165243.000,0,0,0.000,0.000,0.000,0.000,0,0,0,0,1,83726898,0,0,0,0,0,0,0,0,0,0,0,0,0.000,0.000,0.000,0.000,0,0,0.000,0.000,0.000,0.000,0,0,0,0,0,0,0,0,0,72554745397,72972266293,7883378632,9242853031,48644721,48918030,29417,35015,24576,24576,7984676864,9364312064,91594752,91594752,73208471571,87071825402,9453249484,9453276987,49061463,58382794,35293,35295,32768,32768,9574764544,9574793216,103161856,103161856,2446541447,2446549000,2446565172,2446566453
10000000,100000,100,2048,4,1,4883,4883,10000000,10000000,532453.025906,18.780999475,23.392805705,18.780999475,1.245557,733226.720213,13.638346400,53.699557060,13.638346400,3.937395,10000000,38459868273408,3845986.827341,4883,3606078,4164896,5315892,4883,2325536581,476251.603727,4883,446056,590226,689132,4883,16358396006,3350070.859308,4883,3123995,3628791,4880517,12484,6296,12484,1001579,1554964,1799262,2901693,10000000,111693337752704,11169333.775270,4883,10796053,13526972,14457345,4883,54173913940,11094391.550276,4883,10717055,13439978,14394177,4883,59410402,12166.783125,4883,10129,19567,23264,4883,364806855,74709.575056,4883,69149,143078,177733,4883,52435083359,10738292.721483,4883,10356420,13035541,13976113,4883,1366785030,279906.825722,4883,269095,356228,402023,11660,1978,11660,682874,1145001,1210445,3189951,"ext2/ext3",100522942464,7476941824,47701381120,538968064,224436224,1.274,0.133,"sdb2",10,5,536870912,3000,60000,2446566457,"ext2/ext3",100317908992,1073741824,47689646080,538968064,218488832,1.420,0.067,"sdb2",10,5,536870912,3000,60000,2446574418,4883,740205086,4883,227579609,426192414,400825010,0,4883,7675261,1571.833,1793.950,2717.813,142657.000,0,0,0.000,0.000,0.000,0.000,0,0,0,0,1,83726898,0,0,0,0,0,0,0,0,0,0,0,0,0.000,0.000,0.000,0.000,0,0,0.000,0.000,0.000,0.000,0,0,0,0,0,0,0,0,0,87071884053,87499728882,9453319263,10822230839,58382930,58662648,35320,40928,32768,40960,9574879232,10963951616,103194624,103194624,87737250979,101580554029,11033979452,11033979452,58806494,68114660,41176,41176,40960,40960,11175751680,11175751680,125554688,125554688,2446566468,2446573975,2446574418,2446574433
10000000,100000,100,2048,4,2,4883,4883,10000000,10000000,536914.627492,18.624934930,23.361966138,18.624934930,1.254338,720485.073913,13.879538053,54.592856764,13.879538053,3.933334,10000000,38140110729984,3814011.072998,4883,3589056,4217264,5540995,4883,2355230067,482332.596150,4883,458349,600074,800680,4883,16166901982,3310854.389105,4883,3095612,3679085,4982819,15778,2846,15778,671633,1162042,1430806,2457568,10000000,113664594538496,11366459.453850,4883,11065869,13796968,14917107,4883,55108772596,11285843.251280,4883,10976653,13717389,14842327,4883,58000920,11878.132296,4883,10700,19587,23203,4883,392748560,80431.816506,4883,70823,154870,209513,4883,53325085201,10920558.099734,4883,10620124,13262296,14383898,4883,1379945621,282602.011264,4883,270787,360696,411201,9549,4330,9549,964074,1496645,1558786,2207950,"ext2/ext3",100522471424,7476941824,47649595392,538968064,256020480,0.919,0.067,"sdb2",10,5,536870912,3000,60000,2446574435,"ext2/ext3",100095115264,1073741824,47586340864,538968064,248328192,4.127,4.366,"sdb2",10,5,536870912,3000,60000,2446582395,4883,740205086,4883,227579609,406711410,382473286,0,4883,7558451,1547.911,1796.006,2786.800,141761.000,0,0,0.000,0.000,0.000,0.000,0,0,0,0,1,83726898,0,0,0,0,0,0,0,0,0,0,0,0,0.000,0.000,0.000,0.000,0,0,0.000,0.000,0.000,0.000,0,0,0,0,0,0,0,0,0,101580612683,101988973290,11034021746,12386154233,68114796,68382418,41201,46791,40960,40960,11175833600,12548120576,125607936,125607936,102221336302,116060577155,12592323980,12592323980,68522980,77828653,47028,47028,45056,45056,12754345984,12754345984,125612032,125612032,2446574445,2446581815,2446582395,2446582405
10000000,100000,100,2048,4,3,4883,4883,10000000,10000000,531002.846010,18.832290778,23.509819355,18.832290778,1.248378,793016.649831,12.610075718,49.890815752,12.610075718,3.956425,10000000,38564678840960,3856467.884096,4883,3604976,4216222,10414679,4883,2350469034,481357.574032,4883,468648,561552,778770,4883,16376465160,3353771.279951,4883,3108586,3675028,9809365,10152,8680,10152,1319550,1866307,2178826,3165203,10000000,103270635221888,10327063.522189,4883,10099348,11864787,13509819,4883,50033406793,10246448.247594,4883,10018165,11766612,13381739,4883,39236611,8035.349375,4883,7424,10429,16531,4883,392700016,80421.875077,4883,69190,167193,269354,4883,48180924838,9867074.511161,4883,9631641,11395116,12993252,4883,1310019089,268281.607413,4883,263293,313327,359634,10429,2181,10429,741029,1196597,1266734,3139400,"ext2/ext3",100521918464,7476941824,47549587456,538968064,260718592,1.211,0.067,"sdb2",10,5,536870912,3000,60000,2446582407,"ext2/ext3",100316798976,1073741824,47605985280,538968064,224448512,1.358,0.000,"sdb2",10,5,536870912,3000,60000,2446606523,4883,740205086,4883,227579609,423516605,398727858,0,4883,7703311,1577.578,1804.985,7111.500,144341.000,0,0,0.000,0.000,0.000,0.000,0,0,0,0,1,83726898,0,0,0,0,0,0,0,0,0,0,0,0,0.000,0.000,0.000,0.000,0,0,0.000,0.000,0.000,0.000,0,0,0,0,0,0,0,0,0,116060635809,116485811272,12592366276,13959180701,77828789,78106850,47053,52658,45056,45056,12754427904,14141403136,125665280,125665280,116723429818,130626877907,14170520299,14170520299,78251080,87599245,52931,52931,53248,53248,14352797696,14352797696,145514496,145514496,2446582417,2446589918,2446606523,2446606895
10000000,100000,100,2048,8,1,4883,4883,10000000,10000000,535013.520467,18.691116425,23.426959933,18.691116425,1.253374,712442.216668,14.036226049,106.086201520,14.036226049,7.558029,10000000,38275124980480,3827512.498048,4883,3590469,4158684,5851647,4883,2284442982,467835.957813,4883,433582,567203,692648,4883,16309332496,3340023.038296,4883,3114387,3637858,5294112,14758,3933,14758,823888,1321828,1432165,2749600,10000000,229869491047680,22986949.104768,4883,22806784,27268356,29325131,4883,111605006427,22855827.652468,4883,22676159,27129045,29175480,4883,70951161,14530.239812,4883,11140,22472,38672,4883,638124477,130682.874667,4883,128390,230562,347852,4883,109165798940,22356297.141102,4883,22168818,26595164,28598870,4883,1808190916,370303.279951,4883,339246,506940,577493,11544,2492,11544,736099,1208324,1278987,3912454,"ext2/ext3",100521349120,7476941824,47580512256,541065216,239345664,1.146,0.100,"sdb2",10,5,536870912,3000,60000,2446606898,"ext2/ext3",100316332032,1073741824,47587819520,541065216,233275392,1.127,0.033,"sdb2",10,5,536870912,3000,60000,2446614860,4883,740205086,4883,227579609,416652236,392436402,0,4883,7590726,1554.521,1795.284,3027.500,163540.000,0,0,0.000,0.000,0.000,0.000,0,0,0,0,1,83726898,0,0,0,0,0,0,0,0,0,0,0,0,0.000,0.000,0.000,0.000,0,0,0.000,0.000,0.000,0.000,0,0,0,0,0,0,0,0,0,130626936561,131045257306,14170562595,15531085565,87599381,87873187,52956,58554,53248,53248,14352883712,15733567488,145522688,145522688,131281304662,144978487328,15741223773,15741223773,88016117,97227947,58800,58800,61440,61440,15943761920,15943761920,157884416,157884416,2446606910,2446614415,2446614860,2446614879
10000000,100000,100,2048,8,2,4883,4883,10000000,10000000,536808.318005,18.628623411,23.377656562,18.628623411,1.254932,710703.188657,14.070571456,108.703919359,14.070571456,7.725622,10000000,38147480129408,3814748.012941,4883,3572776,4168142,5251091,4883,2327206053,476593.498464,4883,445265,560350,691276,4883,16200153162,3317663.969281,4883,3081596,3656873,4718904,10297,8331,10297,1276846,1830362,2157718,2493946,10000000,230442966760192,23044296.676019,4883,22324570,30706039,38267050,4883,111920671107,22920473.296539,4883,22192442,30589230,38195956,4883,81174320,16623.862380,4883,12102,22322,32040,4883,602385933,123363.901905,4883,108874,220694,362379,4883,109448331301,22414157.546795,4883,21688708,30165887,37632140,4883,1826288051,374009.430883,4883,341700,506279,566412,13005,1065,13005,560190,1035500,1089602,3871456,"ext2/ext3",100520951808,7476941824,47553503232,541065216,270893056,1.316,0.500,"sdb2",10,5,536870912,3000,60000,2446614894,"ext2/ext3",100229079040,1073741824,47656001536,541065216,269725696,7.827,4.700,"sdb2",10,5,536870912,3000,60000,2446622572,4883,740205086,4883,227579609,424875366,399776434,0,4883,7637916,1564.185,1772.355,2733.478,152981.000,0,0,0.000,0.000,0.000,0.000,0,0,0,0,1,83726898,0,0,0,0,0,0,0,71890665,67661762,0,0,0,0.000,0.000,0.000,0.000,0,0,0.000,0.000,0.000,0.000,0,0,0,0,0,0,0,0,0,144978545983,145405093082,15741266076,17109129077,97228083,97506996,58825,64431,61440,65536,15943839744,17331863552,157937664,157937664,145568236371,159400574935,17252693931,17320361018,97605466,106864036,64596,64666,65536,69632,17475465216,17543147520,178737152,178737152,2446614905,2446622415,2446622572,2446622890
10000000,100000,100,2048,8,3,4883,4883,10000000,10000000,533852.217132,18.731775722,23.443993091,18.731775722,1.251563,737723.654061,13.555211284,102.474921275,13.555211284,7.559817,10000000,38358976491392,3835897.649139,4883,3588455,4193169,5765285,4883,2326424233,476433.387876,4883,442229,572272,702567,4883,16300946825,3338305.718820,4883,3097656,3652375,5306465,15490,3241,15490,720667,1207578,1439709,2861433,10000000,221979797303296,22197979.730330,4883,22079281,26135774,28086219,4883,107782312463,22072969.990375,4883,21944178,26026118,27992553,4883,92112866,18863.990580,4883,11932,24065,188453,4883,608049507,124523.757321,4883,113533,224271,343875,4883,105266641900,21557780.442351,4883,21462515,25459526,27430490,4883,1845855571,378016.705099,4883,345447,504996,575399,6779,6776,6779,1438235,1956935,2007699,5631259,"ext2/ext3",100520595456,7476941824,47638568960,541065216,277671936,1.065,0.000,"sdb2",10,5,536870912,3000,60000,2446622890,"ext2/ext3",100315168768,1073741824,47660584960,541065216,233930752,0.919,4.566,"sdb2",10,5,536870912,3000,60000,2446651751,4883,740205086,4883,227579609,416919172,392436402,0,4883,7698861,1576.666,1794.697,2873.226,163744.000,0,0,0.000,0.000,0.000,0.000,0,0,0,0,1,83726898,0,0,0,0,0,0,0,0,0,0,0,0,0.000,0.000,0.000,0.000,0,0,0.000,0.000,0.000,0.000,0,0,0,0,0,0,0,0,0,159400633591,159819216460,17320407727,18680930697,106864172,107138140,64691,70289,69632,69632,17543241728,18923925504,178790400,178790400,160055678311,173755454965,18891433954,18891433954,107281814,116495291,70573,70573,73728,73728,19134480384,19134480384,191512576,191512576,2446622901,2446630413,2446651751,2446652386
10000000,100000,100,4096,1,1,2442,2442,10000000,10000000,468333.649863,21.352298736,22.743329263,21.352298736,1.065147,222317.158289,44.980783656,45.170656881,44.980783656,1.004221,10000000,87445741309440,8744574.130944,2442,6210960,7736610,127397748,2442,2284678688,935576.858313,2442,881021,1093650,1379636,2442,19005751466,7782863.008190,2442,5270969,6698945,126266557,17504,3848,17504,733094,1260888,1779961,3826004,10000000,184213998723200,18421399.872320,2442,18420193,20543583,21430334,2442,44753103142,18326414.063063,2442,18332168,20453214,21365032,2442,32523874,13318.539722,2442,12714,17903,20518,2442,225299959,92260.425471,2442,89598,130645,229260,2442,43444480185,17790532.426290,2442,17810851,19859090,20650784,2442,1077249648,441134.171990,2442,429625,526456,619461,30030,14950,30030,997507,1426857,1474860,2353683,"ext2/ext3",100519723008,7476941824,47629934592,537919488,277393408,1.690,4.066,"sdb2",10,5,536870912,3000,60000,2446652508,"ext2/ext3",100314611712,1073741824,47608741888,537919488,273903616,1.211,0.033,"sdb2",10,5,536870912,3000,60000,2446664600,2442,740102564,2442,228430612,387691356,364577547,0,2442,10403760,4260.344,1894.846,136957.143,234312.000,0,0,0.000,0.000,0.000,0.000,0,0,0,0,1,84041402,0,0,0,0,0,0,0,0,0,0,0,0,0.000,0.000,0.000,0.000,0,0,0.000,0.000,0.000,0.000,0,0,0,0,0,0,0,0,0,173755513621,174144861485,18891476261,20224869824,116495427,116750796,70598,73731,73728,73728,19134566400,20478164992,191520768,191578112,174378533024,188206232138,20435387087,20435387087,116894248,126061682,73977,73977,73728,73728,20688736256,20688736256,243970048,243970048,2446653824,2446664165,2446664600,2446664667
10000000,100000,100,4096,1,2,2442,2442,10000000,10000000,628706.847676,15.905664201,22.608519088,15.905664201,1.421413,225766.911488,44.293470350,44.463644841,44.293470350,1.003842,10000000,65137980235392,6513798.023539,2442,6099753,7359853,26027560,2442,2314178559,947657.067568,2442,926116,1078141,1378043,2442,13531170473,5541019.849713,2442,5154179,6284678,25124228,11768,4137,11768,875134,1534627,1909468,3428529,10000000,181399878962048,18139987.896205,2442,17728126,20350211,21392253,2442,44074962718,18048715.281736,2442,17643658,20279317,21220642,2442,32194432,13183.633088,2442,12424,17804,21249,2442,216056904,88475.390663,2442,89457,105538,222226,2442,42780938426,17518811.804259,2442,17098936,19697116,20609787,2442,1066104650,436570.290745,2442,422552,520586,643275,25186,19107,25186,1229889,1703678,1750966,2405772,"ext2/ext3",100518866944,7476941824,47563141120,537919488,344055808,1.066,0.433,"sdb2",10,5,536870912,3000,60000,2446664680,"ext2/ext3",100091760640,1073741824,47541252096,537919488,330539008,3.881,4.566,"sdb2",10,5,536870912,3000,60000,2446670173,2442,740102564,2442,228430612,397795243,375063307,0,2442,5041368,2064.442,1886.574,19160.000,148722.000,0,0,0.000,0.000,0.000,0.000,0,0,0,0,1,84041402,0,0,0,0,0,0,0,0,0,0,0,0,0.000,0.000,0.000,0.000,0,0,0.000,0.000,0.000,0.000,0,0,0,0,0,0,0,0,0,188206290794,188605754241,20435429399,21779308722,126061818,126323974,74002,77144,73728,73728,20688822272,22042906624,243978240,244011008,188839670845,202667619001,21989158523,21989158523,126467236,135634766,77384,77384,73728,73728,22252806144,22252806144,306221056,306221056,2446664689,2446669740,2446670173,2446670230
10000000,100000,100,4096,1,3,2442,2442,10000000,10000000,627606.154680,15.933559487,22.578328296,15.933559487,1.417030,231212.755409,43.250209022,43.424015424,43.250209022,1.004019,10000000,65251915430272,6525191.543027,2442,6116634,7289181,24803086,2442,2310428476,946121.407043,2442,893094,1098278,1389945,2442,13562258730,5553750.503686,2442,5175510,6244263,23887881,7522,8411,7522,1584854,2182623,2638972,4901741,10000000,177125498668032,17712549.866803,2442,17523563,19777377,21046445,2442,43032541347,17621843.303440,2442,17426972,19701024,20982154,2442,27895461,11423.202703,2442,10670,16241,19086,2442,215251799,88145.699836,2442,91461,102162,145272,2442,41778892461,17108473.571253,2442,16890947,19104526,20320785,2442,1021269563,418210.304259,2442,406843,508543,592971,26141,17109,26141,1135959,1595279,1646617,4269020,"ext2/ext3",100518133760,7476941824,47561760768,537919488,348581888,1.480,0.100,"sdb2",10,5,536870912,3000,60000,2446670233,"ext2/ext3",100312907776,1073741824,47662014464,537919488,242937856,1.294,4.600,"sdb2",10,5,536870912,3000,60000,2446692167,2442,740102564,2442,228430612,393345282,370869003,0,2442,5032722,2060.902,1886.080,15720.000,144263.000,0,0,0.000,0.000,0.000,0.000,0,0,0,0,1,84041402,0,0,0,0,0,0,0,0,0,0,0,0,0.000,0.000,0.000,0.000,0,0,0.000,0.000,0.000,0.000,0,0,0,0,0,0,0,0,0,202667677657,203062679427,21989200832,23328885850,135634902,135894132,77409,80548,73728,73728,22252896256,23602786304,306229248,306286592,203296656233,217125074890,23538722759,23538722759,136037992,145205870,80820,80820,73728,73728,23812673536,23812673536,364285952,364285952,2446670244,2446675308,2446692167,2446693002
10000000,100000,100,4096,2,1,2442,2442,10000000,10000000,629891.060385,15.875761110,22.678086415,15.875761110,1.428472,436120.178513,22.929459568,45.792720020,22.929459568,1.997113,10000000,65014532745472,6501453.274547,2442,6125179,7239950,23887430,2442,2315426216,948167.983620,2442,891161,1110161,1575042,2442,13506468245,5530904.277232,2442,5187112,6160646,23054388,12706,3169,12706,757693,1431631,1812762,2374279,10000000,187784631023488,18778463.102349,2442,18522455,20670020,22623251,2442,45590059133,18669147.884111,2442,18416847,20539556,22462730,2442,20253393,8293.772727,2442,8225,11130,15479,2442,259846113,106407.089681,2442,92193,245130,266148,2442,44017317123,18025109.386978,2442,17785724,19871473,21780751,2442,1260910659,516343.431204,2442,506249,578705,668333,21323,1606,21323,582738,1036616,1075445,1883395,"ext2/ext3",100517187584,7476941824,47629914112,538968064,287911936,0.940,0.367,"sdb2",10,5,536870912,3000,60000,2446693013,"ext2/ext3",100090060800,1073741824,47620657152,538968064,285724672,3.633,4.499,"sdb2",10,5,536870912,3000,60000,2446698472,2442,740102564,2442,228430612,398531102,376111883,0,2442,5040473,2064.076,1886.321,18091.429,145318.000,0,0,0.000,0.000,0.000,0.000,0,0,0,0,1,84041402,0,0,0,0,0,0,0,0,0,0,0,0,0.000,0.000,0.000,0.000,0,0,0.000,0.000,0.000,0.000,0,0,0,0,0,0,0,0,0,217125133545,217525321591,23538765067,24883692965,145206006,145468612,80845,83988,73728,73728,23812759552,25167892480,364294144,364347392,217759415434,231636156129,25093315302,25093315302,145611984,154811192,84228,84228,73728,73728,25377570816,25377570816,427380736,427380736,2446693024,2446698041,2446698472,2446698514
10000000,100000,100,4096,2,2,2442,2442,10000000,10000000,632544.105390,15.809174277,22.387538946,15.809174277,1.416111,435914.427301,22.940282252,45.750014517,22.940282252,1.994309,10000000,64744020683520,6474402.068352,2442,6090685,7334616,20101143,2442,2316937901,948787.019247,2442,880881,1277394,1388793,2442,13435406419,5501804.430385,2442,5150684,6263850,19229500,11149,4660,11149,917783,1572852,1988773,4595370,10000000,187869650684288,18786965.068429,2442,18465207,21045494,23149006,2442,45585949081,18667464.816134,2442,18357576,20921191,22941948,2442,20301964,8313.662572,2442,8195,11130,16060,2442,284842740,116643.218673,2442,91612,250914,288551,2442,44014510639,18023960.130631,2442,17726323,20244212,22219454,2442,1257729548,515040.764947,2442,503630,585748,680425,11677,11263,11677,1435328,1920012,1962403,3122694,"ext2/ext3",100516720640,7476941824,47622823936,538968064,298811392,1.023,0.067,"sdb2",10,5,536870912,3000,60000,2446698516,"ext2/ext3",100089581568,1073741824,47598264320,538968064,294637568,4.006,4.599,"sdb2",10,5,536870912,3000,60000,2446703996,2442,740102564,2442,228430612,384250179,361431819,0,2442,5034590,2061.667,1888.553,15160.000,160320.000,0,0,0.000,0.000,0.000,0.000,0,0,0,0,1,84041402,0,0,0,0,0,0,0,0,0,0,0,0,0.000,0.000,0.000,0.000,0,0,0.000,0.000,0.000,0.000,0,0,0,0,0,0,0,0,0,231636214784,232022128791,25093357608,26423605443,154811328,155064350,84253,87382,73728,73728,25377656832,26718109696,427433984,427479040,232254268836,246125437483,26632349093,26632349093,155206679,164402323,87621,87621,73728,73728,26926903296,26926903296,474951680,474951680,2446698528,2446703541,2446703996,2446704033
10000000,100000,100,4096,2,3,2442,2442,10000000,10000000,626587.203817,15.959470508,22.584336414,15.959470508,1.415106,434977.079610,22.989717088,45.875459632,22.989717088,1.995477,10000000,65357904025472,6535790.402547,2442,6149362,7258134,24800574,2442,2322456333,951046.819410,2442,908495,1093272,1601612,2442,13581241029,5561523.762899,2442,5202987,6208654,23912579,8487,7472,8487,1343129,1949446,2480779,3343948,10000000,188278276442112,18827827.644211,2442,18597444,20484658,22573587,2442,45720856502,18722709.460278,2442,18500288,20354436,22418942,2442,21503973,8805.885749,2442,8326,10891,15910,2442,249602126,102212.172809,2442,92455,225836,265491,2442,44140224886,18075440.166257,2442,17849018,19694944,21753067,2442,1266301419,518550.949631,2442,507878,584692,697416,13693,9296,13693,1157936,1631804,1682384,2565904,"ext2/ext3",100516323328,7476941824,47627091968,538968064,297963520,1.336,0.000,"sdb2",10,5,536870912,3000,60000,2446704033,"ext2/ext3",100311232512,1073741824,47702138880,538968064,224968704,1.087,0.000,"sdb2",10,5,536870912,3000,60000,2446725112,2442,740102564,2442,228430612,398397458,375063307,0,2442,5058838,2071.596,1885.088,16580.000,147023.000,0,0,0.000,0.000,0.000,0.000,0,0,0,0,1,84041402,0,0,0,0,0,0,0,0,0,0,0,0,0.000,0.000,0.000,0.000,0,0,0.000,0.000,0.000,0.000,0,0,0,0,0,0,0,0,0,246125496138,246525563429,26632391401,27976270723,164402459,164664990,87646,90789,73728,77824,26926985216,28281069568,475004928,475062272,246759858981,260636663828,28186805132,28186805132,164808892,174008215,91060,91060,77824,77824,28491657216,28491657216,537952256,537952256,2446704042,2446709087,2446725112,2446725834
10000000,100000,100,4096,4,1,2442,2442,10000000,10000000,627672.096187,15.931885551,22.594092914,15.931885551,1.418168,679551.771484,14.715582270,57.689705266,14.715582270,3.920314,10000000,65244981830656,6524498.183066,2442,6106093,7391416,20351664,2442,2321395282,950612.318591,2442,902472,1089294,1600668,2442,13554350096,5550511.914824,2442,5168615,6321479,19338614,10432,5499,10432,1006774,1678601,2127683,3522804,10000000,240988080170240,24098808.017024,2442,23647808,27478352,31353224,2442,58530142582,23968117.355446,2442,23521821,27379078,31279785,2442,20092954,8228.072891,2442,7485,10981,16842,2442,310376583,127099.337838,2442,103736,315956,446352,2442,56395682482,23094055.070434,2442,22592377,26571761,30462655,2442,1589530027,650913.196970,2442,642993,751226,837148,8074,6641,8074,1296910,1797331,1845224,3054616,"ext2/ext3",100515672064,7476941824,47675826176,541065216,251432960,1.313,0.000,"sdb2",10,5,536870912,3000,60000,2446725834,"ext2/ext3",100088676352,1073741824,47656869888,541065216,246571008,3.569,4.666,"sdb2",10,5,536870912,3000,60000,2446731282,2442,740102564,2442,228430612,393870924,370869003,0,2442,4987257,2042.284,1886.568,14928.000,145922.000,0,0,0.000,0.000,0.000,0.000,0,0,0,0,1,84041402,0,0,0,0,0,0,0,0,0,0,0,0,0.000,0.000,0.000,0.000,0,0,0.000,0.000,0.000,0.000,0,0,0,0,0,0,0,0,0,260636722483,261032261573,28186847438,29526532457,174008351,174267949,91085,94223,77824,77824,28491739136,29841629184,537960448,538009600,261266098301,275018855514,29736937440,29736937440,174411283,183531188,94463,94463,86016,86016,30052089856,30052089856,596582400,596582400,2446725845,2446730820,2446731282,2446731305
10000000,100000,100,4096,4,2,2442,2442,10000000,10000000,598143.033776,16.718409202,22.812130932,16.718409202,1.364492,678194.180881,14.745039521,57.780422880,14.745039521,3.918635,10000000,68467297013632,6846729.701363,2442,6178044,7736330,27301325,2442,2325883931,952450.422195,2442,909044,1097419,1560471,2442,14336989722,5871003.162162,2442,5231950,6701680,26412169,13559,3159,13559,740866,1364207,1823419,2374029,10000000,241521863019008,24152186.301901,2442,23673838,27881011,32151237,2442,58642606731,24014171.470516,2442,23531522,27762743,31920502,2442,19234211,7876.417281,2442,7504,11431,18225,2442,327826122,134244.931204,2442,103224,349339,499411,2442,56455770625,23118661.189599,2442,22569700,26941636,31059710,2442,1596991232,653968.563473,2442,646217,750845,851875,7931,6814,7931,1340693,1825965,1873250,2743609,"ext2/ext3",100515295232,7476941824,47659425792,541065216,259112960,1.628,0.000,"sdb2",10,5,536870912,3000,60000,2446731305,"ext2/ext3",100088180736,1073741824,47665434624,541065216,257802240,3.902,4.766,"sdb2",10,5,536870912,3000,60000,2446737709,2442,740102564,2442,228430612,403279391,380306187,0,2442,5807546,2378.192,2664.773,22375.294,554715.000,0,0,0.000,0.000,0.000,0.000,0,0,0,0,1,84041402,0,0,0,0,0,0,0,0,0,0,0,0,0.000,0.000,0.000,0.000,0,0,0.000,0.000,0.000,0.000,0,0,0,0,0,0,0,0,0,275018914169,275423866596,29736979747,31086101949,183531324,183796888,94488,97635,86016,86016,30052171776,31411499008,596635648,596684800,275657685240,289416995691,31296137293,31296137293,183940090,193064092,97876,97876,86016,86016,31621595136,31621595136,596688896,596688896,2446731317,2446737101,2446737709,2446737732
10000000,100000,100,4096,4,3,2442,2442,10000000,10000000,626678.040082,15.957157201,22.936620724,15.957157201,1.437388,669625.801520,14.933713691,58.465450604,14.933713691,3.914997,10000000,65348269436928,6534826.943693,2442,6100144,7502085,25574885,2442,2348293883,961627.306716,2442,881130,1365863,1443600,2442,13551698462,5549426.069615,2442,5158358,6391812,24594165,9982,5975,9982,1059539,1725239,2214323,4891628,10000000,244434084942976,24443408.494298,2442,23719782,29076734,33997680,2442,59352020086,24304676.529894,2442,23582915,28865807,33888274,2442,23349575,9561.660524,2442,7835,12163,19317,2442,329966314,135121.340704,2442,105568,306306,577928,2442,57312992785,23469694.015152,2442,22729831,27968457,33072879,2442,1565018133,640875.566339,2442,627712,746075,846324,13234,1699,13234,651461,1091414,1136548,2308496,"ext2/ext3",100514897920,7476941824,47655391232,541065216,262397952,0.961,0.067,"sdb2",10,5,536870912,3000,60000,2446737734,"ext2/ext3",100309798912,1073741824,47681478656,541065216,241991680,1.023,4.666,"sdb2",10,5,536870912,3000,60000,2446759800,2442,740102564,2442,228430612,392352855,369820427,0,2442,5050602,2068.224,1886.080,17160.000,163248.000,0,0,0.000,0.000,0.000,0.000,0,0,0,0,1,84041402,0,0,0,0,0,0,0,0,0,0,0,0,0.000,0.000,0.000,0.000,0,0,0.000,0.000,0.000,0.000,0,0,0,0,0,0,0,0,0,289417054346,289811076888,31296179599,32634816041,193064228,193322789,97901,101038,86016,86016,31621672960,32970514432,596742144,596799488,290043334936,303765583399,32843167605,32843167605,193465589,202565444,101307,101307,86016,86016,33178918912,33178918912,652263424,652263424,2446737746,2446742722,2446759800,2446760795
10000000,100000,100,4096,8,1,2442,2442,10000000,10000000,626556.241136,15.960259181,22.604934323,15.960259181,1.416326,694035.428690,14.408486349,110.148637864,14.408486349,7.644706,10000000,65361903808000,6536190.380800,2442,6126347,7407308,17425844,2442,2320602718,950287.763309,2442,886750,1219005,1544619,2442,13579633492,5560865.475839,2442,5184543,6371638,16532483,11422,4538,11422,899467,1563938,1997346,5474911,10000000,471541451654912,47154145.165491,2442,47490689,49788203,51225358,2442,114522814143,46897139.288698,2442,47268181,49383956,50647915,2442,25939013,10622.036446,2442,8647,15679,25378,2442,606305491,248282.346847,2442,194596,906256,1221520,2442,109987670040,45039995.921376,2442,45270716,47418565,48911809,2442,2365240044,968566.766585,2442,962442,1205700,1405486,9374,5034,9374,1012739,1492733,2465339,5871500,"ext2/ext3",100514328576,7476941824,47668363264,545259520,257327104,1.566,0.000,"sdb2",10,5,536870912,3000,60000,2446760795,"ext2/ext3",100087205888,1073741824,47650795520,545259520,254517248,4.341,4.633,"sdb2",10,5,536870912,3000,60000,2446766272,2442,740102564,2442,228430612,386982905,364577547,0,2442,5061962,2072.876,1888.061,14773.333,162355.000,0,0,0.000,0.000,0.000,0.000,0,0,0,0,1,84041402,0,0,0,0,0,0,0,0,0,0,0,0,0.000,0.000,0.000,0.000,0,0,0.000,0.000,0.000,0.000,0,0,0,0,0,0,0,0,0,303765642055,304154290238,32843209914,34176603477,202565580,202820471,101332,104464,86016,86016,33179009024,34522607616,652271616,652320768,304386460851,317466581654,34384966145,34384966145,202962819,211648866,104702,104702,86016,86016,34731020288,34731020288,702558208,702558208,2446760806,2446765844,2446766272,2446766294
10000000,100000,100,4096,8,2,2442,2442,10000000,10000000,625534.389063,15.986331327,22.587824492,15.986331327,1.412946,692248.080552,14.445688303,110.336046579,14.445688303,7.637992,10000000,65469041274496,6546904.127450,2442,6140540,7322114,24553352,2442,2333413591,955533.821048,2442,928458,1130839,1393273,2442,13590148206,5565171.255528,2442,5192376,6287096,23502234,10612,5374,10612,992885,1681907,2061947,2818431,10000000,472571950392960,47257195.039296,2442,47403206,50123991,51481707,2442,114762696583,46995371.246110,2442,47168844,49703881,51214364,2442,38836903,15903.727682,2442,9067,19647,167545,2442,618749978,253378.369369,2442,198113,924771,1209507,2442,110190220444,45122940.394758,2442,45216022,47790919,49856733,2442,2367646177,969552.079034,2442,955409,1226850,1632953,9254,5191,9254,1036533,1506115,2457896,4219056,"ext2/ext3",100513951744,7476941824,47581863936,545259520,329613312,1.085,0.000,"sdb2",10,5,536870912,3000,60000,2446766294,"ext2/ext3",100086808576,1073741824,47591964672,545259520,324419584,3.399,4.733,"sdb2",10,5,536870912,3000,60000,2446771773,2442,740102564,2442,228430612,391459041,368771851,0,2442,5033348,2061.158,1887.807,16864.000,161515.000,0,0,0.000,0.000,0.000,0.000,0,0,0,0,1,84041402,0,0,0,0,0,0,0,0,0,0,0,0,0.000,0.000,0.000,0.000,0,0,0.000,0.000,0.000,0.000,0,0,0,0,0,0,0,0,0,317466640311,317859760245,34385008462,35722596329,211649002,211906948,104727,107864,86016,86016,34731102208,36078895104,702611456,702660608,318093421923,331131048711,35932727496,35932727496,212050315,220708518,108104,108104,86016,86016,36289077248,36289077248,758861824,758861824,2446766305,2446771335,2446771773,2446771793
10000000,100000,100,4096,8,3,2442,2442,10000000,10000000,634471.740363,15.761143269,22.355230775,15.761143269,1.418376,703311.612390,14.218448585,108.659005642,14.218448585,7.642114,10000000,64545297921664,6454529.792166,2442,6096755,7299127,24717538,2442,2288714575,937229.555692,2442,873074,1112043,1395766,2442,13411882687,5492171.452498,2442,5163337,6251706,23661771,7614,8147,7614,1543165,2070521,2563454,3130124,10000000,465297008220672,46529700.822067,2442,46832272,49798319,51224653,2442,113002836471,46274707.809582,2442,46602602,49511907,50931147,2442,39904033,16340.717854,2442,9598,23504,76083,2442,601733831,246410.250205,2442,201799,865648,1188726,2442,108821486387,44562443.237920,2442,44756794,47572976,49524292,2442,2310531546,946163.614251,2442,930571,1216980,1348377,8725,5493,8725,1108214,1580727,2447961,4390409,"ext2/ext3",100513632256,7476941824,47561854976,545259520,349913088,1.398,0.000,"sdb2",10,5,536870912,3000,60000,2446771793,"ext2/ext3",100308627456,1073741824,47650566144,545259520,274796544,1.253,2.233,"sdb2",10,5,536870912,3000,60000,2446784486,2442,740102564,2442,228430612,387246180,364577547,0,2442,5031317,2060.326,1886.821,16580.000,162204.000,0,0,0.000,0.000,0.000,0.000,0,0,0,0,1,84041402,0,0,0,0,0,0,0,0,0,0,0,0,0.000,0.000,0.000,0.000,0,0,0.000,0.000,0.000,0.000,0,0,0,0,0,0,0,0,0,331131107368,331520015897,35932769814,37266163376,220708654,220963723,108129,111261,86016,86016,36289159168,37632757760,758915072,758964224,331753738354,344686881576,37476200216,37476200216,221107366,229698079,111519,111519,90112,90112,37842845696,37842845696,810872832,810872832,2446771806,2446776814,2446784486,2446785019
