iterations,batch_size,repetition,rotation_bytes,records,batches,segments,actual_frame_bytes,file_syncs,directory_syncs,durable_rps,wall_seconds,process_cpu_seconds,cpu_measurement_wall_seconds,cpu_core_equivalents,record_latency_mean_ns,record_latency_count,record_latency_total_ns,record_latency_sample_count,record_latency_p50_ns,record_latency_p95_ns,record_latency_p99_ns,recovery_seconds,recovered_frame_bytes,truncated_tail_bytes,preflight_fs_type,preflight_free_bytes,preflight_required_free_bytes,preflight_mem_available_bytes,preflight_process_rss_bytes,preflight_cpu_busy_pct,preflight_disk_busy_pct,preflight_disk_device,preflight_cpu_limit_pct,preflight_disk_limit_pct,preflight_min_mem_bytes,preflight_observation_ms,preflight_timeout_ms,preflight_disk_busy_ms,measurement_disk_busy_ms_start,measurement_disk_busy_ms_end,batch_latency_count,batch_latency_total_ns,batch_latency_mean_ns,batch_latency_sample_count,batch_latency_p50_ns,batch_latency_p95_ns,batch_latency_p99_ns,batch_write_count,batch_write_total_ns,batch_write_mean_ns,batch_write_sample_count,batch_write_p50_ns,batch_write_p95_ns,batch_write_p99_ns,file_sync_count,file_sync_total_ns,file_sync_mean_ns,file_sync_sample_count,file_sync_p50_ns,file_sync_p95_ns,file_sync_p99_ns,directory_sync_count,directory_sync_total_ns,directory_sync_mean_ns,directory_sync_sample_count,directory_sync_p50_ns,directory_sync_p95_ns,directory_sync_p99_ns,segment_open_count,segment_open_total_ns,segment_open_mean_ns,segment_open_sample_count,segment_open_p50_ns,segment_open_p95_ns,segment_open_p99_ns,rotation_count,rotation_total_ns,rotation_mean_ns,rotation_sample_count,rotation_p50_ns,rotation_p95_ns,rotation_p99_ns,proc_io_rchar_start,proc_io_rchar_end,proc_io_wchar_start,proc_io_wchar_end,proc_io_syscr_start,proc_io_syscr_end,proc_io_syscw_start,proc_io_syscw_end,proc_io_read_bytes_start,proc_io_read_bytes_end,proc_io_write_bytes_start,proc_io_write_bytes_end,proc_io_cancelled_write_bytes_start,proc_io_cancelled_write_bytes_end
10000000,64,1,1073741824,10000000,156250,2,1288750000,156250,2,60742.774153,164.628635084,10.146624828,164.628637208,0.061633,1053516.525709,10000000,10535165257088,9893,1032844,1127182,1227159,3.325979820,1288750000,0,"ext2/ext3",96473448448,2362491824,42768506880,1282613248,1.756,0.167,"sdb2",10,5,536870912,3000,60000,2442866368,2442866370,2443020216,156250,164611957142,1053516.525709,156250,1032795,1126811,1231888,156250,1929150238,12346.561523,156250,11592,15879,23574,156250,159797751189,1022705.607610,156250,1002087,1094390,1200449,2,1823085,911542.500000,2,823823,999262,999262,2,69310,34655.000000,2,21741,47569,47569,1,1054485,1054485.000000,1,1054485,1054485,1054485,65456,68174,2515,1288752515,147,160,40,156290,0,36864,4096,1927503872,0,0
10000000,64,2,1073741824,10000000,156250,2,1288750000,156250,2,50619.240649,197.553338843,10.163600583,197.553341427,0.051447,1264225.702912,10000000,12642257029120,9893,1031022,1123175,1223873,3.266606860,1288750000,0,"ext2/ext3",96469475328,2362491824,43145084928,1282768896,1.588,4.400,"sdb2",10,5,536870912,3000,60000,2443020413,2443020564,2443207546,156250,197535266080,1264225.702912,156250,1030601,1125489,1235354,156250,1921410362,12297.026317,156250,11572,15799,23173,156250,192589738423,1232574.325907,156250,1000154,1093398,1203264,2,138148433,69074216.500000,2,1043716,137104717,137104717,2,93765,46882.500000,2,39373,54392,54392,1,1105772,1105772.000000,1,1105772,1105772,1105772,1288867691,1288870437,1288753709,2577503709,469035,469049,156323,312573,40960,40960,1927512064,3855011840,0,0
10000000,64,3,1073741824,10000000,156250,2,1288750000,156250,2,52166.002501,191.695731330,10.108302064,191.695733705,0.052731,1226739.370752,10000000,12267393707520,9893,1027446,1118656,1235304,3.254135885,1288750000,0,"ext2/ext3",96467156992,2362491824,42521677824,1284952064,1.797,0.000,"sdb2",10,5,536870912,3000,60000,2443208119,2443208248,2443389558,156250,191678026680,1226739.370752,156250,1027645,1119829,1228532,156250,1903753345,12184.021408,156250,11471,15619,22242,156250,186776418998,1195369.081587,156250,997479,1087638,1197263,2,114987928,57493964.000000,2,947756,114040172,114040172,2,102412,51206.000000,2,49623,52789,52789,1,1007257,1007257.000000,1,1007257,1007257,1007257,2577716743,2577719489,2577505387,3866255387,938035,938049,312638,468888,40960,40960,3855020032,5782519808,0,0
10000000,256,1,1073741824,10000000,39063,2,1282187528,39063,2,135140.246167,73.997201305,5.215041189,73.997203519,0.070476,1894209.976614,10000000,18942099766144,9893,1229414,1330553,2058097,3.058292600,1282187528,0,"ext2/ext3",96464805888,2355929352,42535141376,1284952064,1.378,4.066,"sdb2",10,5,536870912,3000,60000,2443390370,2443390550,2443458979,39063,73993142070,1894200.191230,39063,1230255,1333619,2068927,39063,899245382,23020.387118,39063,21951,30177,41788,39063,70157417259,1796006.892942,39063,1135829,1235805,1959181,2,114676463,57338231.500000,2,956152,113720311,113720311,2,91833,45916.500000,2,42791,49042,49042,1,1005014,1005014.000000,1,1005014,1005014,1005014,3866612578,3866615325,3866257505,5148445033,1407145,1407159,468985,508048,40960,40960,5782532096,7224410112,0,0
10000000,256,2,1073741824,10000000,39063,2,1282187528,39063,2,205386.466527,48.688699743,5.188547607,48.688702127,0.106566,1246314.048435,10000000,12463140484352,9893,1230356,1326315,1491104,2.925248465,1282187528,0,"ext2/ext3",96464027648,2355929352,42534506496,1285136384,1.253,0.167,"sdb2",10,5,536870912,3000,60000,2443458994,2443458996,2443502197,39063,48684723130,1246312.959322,39063,1228882,1325344,1461168,39063,891452217,22820.884648,39063,21841,29575,38282,39063,44973079438,1151296.097023,39063,1134656,1228142,1362914,2,1886676,943338.000000,2,934461,952215,952215,2,76453,38226.500000,2,24656,51797,51797,1,993702,993702.000000,1,993702,993702,993702,5148852381,5148855128,5148446264,6430633792,1524474,1524488,508081,547144,40960,40960,7224418304,8666296320,0,0
10000000,256,3,1073741824,10000000,39063,2,1282187528,39063,2,167154.556634,59.824872270,5.205610005,59.824874334,0.087014,1531402.322726,10000000,15314023227264,9893,1230646,1335102,1998846,3.076289213,1282187528,0,"ext2/ext3",96463384576,2355929352,42531840000,1285451776,1.462,1.966,"sdb2",10,5,536870912,3000,60000,2443502398,2443502468,2443556869,39063,59820965405,1531397.112485,39063,1229575,1333118,2010879,39063,892508332,22847.920846,39063,21811,29937,39965,39063,56049113223,1434838.932570,39063,1135378,1236046,1913616,2,57088192,28544096.000000,2,965689,56122503,56122503,2,79609,39804.500000,2,38091,41518,41518,1,1013860,1013860.000000,1,1013860,1013860,1013860,6431092184,6431094931,6430635008,7712822536,1641803,1641817,547177,586240,40960,40960,8666304512,10108182528,0,0
10000000,1024,1,1073741824,10000000,9766,2,1280546896,9766,2,602894.262868,16.586656427,3.772212937,16.586658922,0.227425,1698309.754906,10000000,16983097549056,9893,1593766,1708833,2688097,2.884323796,1280546896,0,"ext2/ext3",96454418432,2354288720,42533470208,1285451776,1.902,0.167,"sdb2",10,5,536870912,3000,60000,2443556876,2443556878,2443569714,9766,16585587273,1698298.922077,9766,1593186,1702982,2165919,9766,523338625,53587.817428,9766,48712,63489,151694,9766,13254125202,1357170.305345,9766,1255573,1345682,1504389,2,1921712,960856.000000,2,943098,978614,978614,2,69951,34975.500000,2,27321,42630,42630,1,992260,992260.000000,1,992260,992260,992260,7713331988,7713334736,7712823766,8993370662,1759132,1759146,586273,596039,40960,53248,10108190720,11428659200,0,0
10000000,1024,2,1073741824,10000000,9766,2,1280546896,9766,2,218000.191627,45.871519311,3.762908231,45.871521585,0.082031,4697060.666304,10000000,46970606663040,9893,1593386,1760610,119932828,2.849771151,1280546896,0,"ext2/ext3",96454160384,2354288720,42972225536,1285451776,1.420,0.000,"sdb2",10,5,536870912,3000,60000,2443569822,2443569965,2443612103,9766,45870296013,4696937.949314,9766,1593596,1757473,120188777,9766,500840472,51284.095024,9766,48931,63489,80010,9766,42441551158,4345847.958018,9766,1256875,1414741,119803675,2,117351017,58675508.500000,2,899936,116451081,116451081,2,93435,46717.500000,2,46227,47208,47208,1,951573,951573.000000,1,951573,951573,951573,8993931161,8993933909,8993371875,10273918771,1788570,1788584,596072,605838,53248,57344,11428659200,12749127680,0,0
10000000,1024,3,1073741824,10000000,9766,2,1280546896,9766,2,623507.070889,16.038310497,3.795283938,16.038313102,0.236639,1642154.187341,10000000,16421541873408,9893,1592965,1701689,2814345,3.008382899,1280546896,0,"ext2/ext3",96453513216,2354288720,43171860480,1285451776,1.776,0.133,"sdb2",10,5,536870912,3000,60000,2443612107,2443612109,2443624338,9766,16037189121,1642145.107618,9766,1592925,1698864,2774420,9766,540232100,55317.642843,9766,49001,61635,86312,9766,12688221015,1299223.941737,9766,1255934,1347425,1622490,2,1893158,946579.000000,2,932147,961011,961011,2,73678,36839.000000,2,32411,41267,41267,1,979014,979014.000000,1,979014,979014,979014,10274530335,10274533085,10273920000,11554466896,1818008,1818022,605871,615637,57344,57344,12749139968,14069608448,0,0
10000000,2048,1,1073741824,10000000,4883,2,1280273448,4883,2,944452.323606,10.588146961,3.480993502,10.588150127,0.328763,2168253.767411,10000000,21682537674112,9893,2104374,2225711,3139003,2.825233185,1280273448,0,"ext2/ext3",96453222400,2354015272,43177107456,1285451776,1.818,0.500,"sdb2",10,5,536870912,3000,60000,2443624355,2443624357,2443631571,4883,10587540515,2168245.036863,4883,2103542,2224639,3219594,4883,408328512,83622.468155,4883,81372,97012,115506,4883,7362624128,1507807.521606,4883,1443846,1551007,2558125,2,1852272,926136.000000,2,887033,965239,965239,2,76033,38016.500000,2,19787,56246,56246,1,1028217,1028217.000000,1,1028217,1028217,1028217,11555129512,11555132262,11554468112,12834741560,1847446,1847460,615670,620553,57344,57344,14069620736,15369854976,0,0
10000000,2048,2,1073741824,10000000,4883,2,1280273448,4883,2,443213.672028,22.562480878,3.500042975,22.562483142,0.155127,4620557.851469,10000000,46205578514688,9893,2109965,9390999,65910891,2.858980686,1280273448,0,"ext2/ext3",96453009408,2354015272,43161935872,1285451776,1.359,2.533,"sdb2",10,5,536870912,3000,60000,2443631902,2443631968,2443651187,4883,22561698615,4620458.450747,4883,2110535,9033209,65270250,4883,408966426,83753.107925,4883,81172,100058,119334,4883,19273025296,3946964.017203,4883,1453695,8374304,64490980,2,55077749,27538874.500000,2,939641,54138108,54138108,2,89007,44503.500000,2,39955,49052,49052,1,994814,994814.000000,1,994814,994814,994814,12835455241,12835457991,12834742781,14115016229,1862235,1862249,620586,625469,57344,57344,15369854976,16670089216,0,0
10000000,2048,3,1073741824,10000000,4883,2,1280273448,4883,2,939588.213576,10.642960241,3.481921972,10.642962595,0.327157,2179420.081242,10000000,21794200812416,9893,2105336,2240909,4057123,2.869765974,1280273448,0,"ext2/ext3",96452820992,2354015272,43129409536,1285451776,1.358,0.233,"sdb2",10,5,536870912,3000,60000,2443651197,2443651198,2443658452,4883,10642090684,2179416.482490,4883,2104594,2236271,3325382,4883,409053314,83770.901905,4883,81413,97573,120446,4883,7417636399,1519073.602089,4883,1446861,1561837,2653423,2,1804931,902465.500000,2,852076,952855,952855,2,70222,35111.000000,2,23023,47199,47199,1,1005946,1005946.000000,1,1005946,1005946,1005946,14115780970,14115783720,14115017457,15395290905,1877024,1877038,625502,630385,57344,57344,16670097408,17970331648,0,0
10000000,4096,1,1073741824,10000000,2442,2,1280136752,2442,2,1216356.134106,8.221276417,3.363877842,8.221278982,0.409167,3366741.947251,10000000,33667419472512,9893,3241434,3393049,10645631,2.961910942,1280136752,0,"ext2/ext3",96452644864,2353878576,43131723776,1285451776,1.776,0.000,"sdb2",10,5,536870912,3000,60000,2443658454,2443658457,2443663360,2442,8220794026,3366418.520066,2442,3239160,3384703,10763281,2442,369758744,151416.357084,2442,148048,175148,205345,2442,5016085286,2054088.978706,2442,1929335,2045283,9449058,2,1853844,926922.000000,2,912751,941093,941093,2,76924,38462.000000,2,19817,57107,57107,1,977061,977061.000000,1,977061,977061,977061,15396106699,15396109449,15395292126,16675428878,1891813,1891827,630418,632860,57344,61440,17970331648,19260452864,0,0
10000000,4096,2,1073741824,10000000,2442,2,1280136752,2442,2,541916.989041,18.453010705,3.388028435,18.453013410,0.183603,7557571.396416,10000000,75575713964160,9893,3252335,56476551,87010304,2.907778917,1280136752,0,"ext2/ext3",96452251648,2353878576,43174768640,1285451776,1.839,1.167,"sdb2",10,5,536870912,3000,60000,2443663683,2443663741,2443678833,2442,18452371644,7556253.744472,2442,3252475,53421676,88288049,2442,376472420,154165.610156,2442,147606,177753,244257,2442,15175694887,6214453.270680,2442,1941638,52034847,86969197,2,55412858,27706429.000000,2,790782,54622076,54622076,2,97473,48736.500000,2,45635,51838,51838,1,842439,842439.000000,1,842439,842439,842439,16676295732,16676298482,16675430097,17955566849,1899279,1899293,632893,635335,61440,61440,19260456960,20550578176,0,0
10000000,4096,3,1073741824,10000000,2442,2,1280136752,2442,2,1214231.415184,8.235662391,3.367613804,8.235665066,0.408906,3372616.085248,10000000,33726160852480,9893,3244170,3387428,10619742,2.995355013,1280136752,0,"ext2/ext3",96443596800,2353878576,43174150144,1285451776,1.567,0.000,"sdb2",10,5,536870912,3000,60000,2443678845,2443678848,2443683754,2442,8235140828,3372293.541360,2442,3242937,3382359,10619742,2442,370349800,151658.394758,2442,148358,173335,207378,2442,5030635460,2060047.280917,2442,1932221,2042839,9318303,2,1819730,909865.000000,2,775463,1044267,1044267,2,75842,37921.000000,2,23113,52729,52729,1,833682,833682.000000,1,833682,833682,833682,17956484765,17956487515,17955568082,19235704834,1906745,1906759,635368,637810,61440,61440,20550586368,21840707584,0,0
10000000,4096,1,268435456,10000000,2442,5,1280136752,2442,5,1218639.770464,8.205870383,3.364049122,8.205873369,0.409956,3360399.787648,10000000,33603997876480,9893,3245663,3398299,9702333,2.910662705,1280136752,0,"ext2/ext3",96443506688,2353878576,43156762624,1285451776,1.253,0.067,"sdb2",10,5,536870912,3000,60000,2443683756,2443683758,2443688643,2442,8205313402,3360079.198198,2442,3245622,3398750,9813461,2442,365982459,149869.966830,2442,146004,174607,199083,2442,5001993263,2048318.289517,2442,1936178,2060532,8513816,5,4691292,938258.400000,5,947716,1033948,1033948,5,247324,49464.800000,5,53630,56977,56977,4,3957847,989461.750000,4,989895,1094681,1094681,19236673798,19236676548,19235706054,20515842806,1914211,1914225,637843,640285,61440,73728,21840711680,23130832896,0,0
10000000,4096,2,268435456,10000000,2442,5,1280136752,2442,5,1218259.834264,8.208429531,3.356053518,8.208431995,0.408854,3361479.061862,10000000,33614790618624,9893,3232267,3407385,10636664,2.793760380,1280136752,0,"ext2/ext3",96443297792,2353878576,43147902976,1285451776,1.211,0.100,"sdb2",10,5,536870912,3000,60000,2443688646,2443688647,2443693532,2442,8207964405,3361164.785012,2442,3233710,3404701,10636795,2442,361553009,148056.105242,2442,145052,167203,200776,2442,5010414375,2051766.738329,2442,1928404,2057596,9351846,5,4480818,896163.600000,5,951985,975047,975047,5,209822,41964.400000,5,44303,51646,51646,4,3729058,932264.500000,4,862035,1031413,1031413,20516862831,20516865581,20515844027,21795980779,1921680,1921694,640318,642760,73728,77824,23130832896,24420954112,0,0
10000000,4096,3,268435456,10000000,2442,5,1280136752,2442,5,265103.380507,37.721133472,3.384300416,37.721136177,0.089719,15449821.190528,10000000,154498211905280,9893,3251163,123900611,186949971,2.972531035,1280136752,0,"ext2/ext3",96443191296,2353878576,43134496768,1285451776,1.357,4.900,"sdb2",10,5,536870912,3000,60000,2443693859,2443694035,2443728395,2442,37720477586,15446551.018018,2442,3251043,126785648,188389790,2442,366480298,150073.832105,2442,146244,173425,202069,2442,34389779550,14082628.808354,2442,1944965,125319881,186819076,5,122013073,24402614.600000,5,930464,118556816,118556816,5,238969,47793.800000,5,47650,53219,53219,4,3679825,919956.250000,4,845284,1005514,1005514,21797051864,21797054614,21795982000,23076118752,1929149,1929163,642793,645235,77824,81920,24420958208,25711079424,0,0
