iterations,batch_size,repetition,rotation_bytes,records,batches,segments,actual_frame_bytes,file_syncs,directory_syncs,durable_rps,wall_seconds,process_cpu_seconds,cpu_measurement_wall_seconds,cpu_core_equivalents,heartbeat_tick_count,heartbeat_missed_tick_count,heartbeat_lateness_sample_count,heartbeat_lateness_p50_ns,heartbeat_lateness_p95_ns,heartbeat_lateness_p99_ns,heartbeat_lateness_max_ns,record_latency_mean_ns,record_latency_count,record_latency_total_ns,record_latency_sample_count,record_latency_p50_ns,record_latency_p95_ns,record_latency_p99_ns,recovery_seconds,recovered_frame_bytes,truncated_tail_bytes,preflight_fs_type,preflight_free_bytes,preflight_required_free_bytes,preflight_mem_available_bytes,preflight_process_rss_bytes,preflight_cpu_busy_pct,preflight_disk_busy_pct,preflight_disk_device,preflight_cpu_limit_pct,preflight_disk_limit_pct,preflight_min_mem_bytes,preflight_observation_ms,preflight_timeout_ms,preflight_disk_busy_ms,measurement_disk_busy_ms_start,measurement_disk_busy_ms_end,batch_latency_count,batch_latency_total_ns,batch_latency_mean_ns,batch_latency_sample_count,batch_latency_p50_ns,batch_latency_p95_ns,batch_latency_p99_ns,frame_encode_count,frame_encode_total_ns,frame_encode_mean_ns,frame_encode_sample_count,frame_encode_p50_ns,frame_encode_p95_ns,frame_encode_p99_ns,write_all_await_count,write_all_await_total_ns,write_all_await_mean_ns,write_all_await_sample_count,write_all_await_p50_ns,write_all_await_p95_ns,write_all_await_p99_ns,flush_count,flush_total_ns,flush_mean_ns,flush_sample_count,flush_p50_ns,flush_p95_ns,flush_p99_ns,file_sync_count,file_sync_total_ns,file_sync_mean_ns,file_sync_sample_count,file_sync_p50_ns,file_sync_p95_ns,file_sync_p99_ns,directory_sync_count,directory_sync_total_ns,directory_sync_mean_ns,directory_sync_sample_count,directory_sync_p50_ns,directory_sync_p95_ns,directory_sync_p99_ns,segment_open_count,segment_open_total_ns,segment_open_mean_ns,segment_open_sample_count,segment_open_p50_ns,segment_open_p95_ns,segment_open_p99_ns,rotation_count,rotation_total_ns,rotation_mean_ns,rotation_sample_count,rotation_p50_ns,rotation_p95_ns,rotation_p99_ns,proc_io_rchar_start,proc_io_rchar_end,proc_io_wchar_start,proc_io_wchar_end,proc_io_syscr_start,proc_io_syscr_end,proc_io_syscw_start,proc_io_syscw_end,proc_io_read_bytes_start,proc_io_read_bytes_end,proc_io_write_bytes_start,proc_io_write_bytes_end,proc_io_cancelled_write_bytes_start,proc_io_cancelled_write_bytes_end
10000000,64,1,1073741824,10000000,156250,2,1288750000,156250,2,54047.728185,185.021652822,14.448249078,185.021654936,0.078090,132339,52682,132339,921248,1480590,1546702,3686483,1184020.384294,10000000,11840203842944,9893,1054416,1145938,1247739,3.353877174,1288750000,0,"ext2/ext3",96037814272,2362491824,43104215040,1283260416,1.170,0.100,"sdb2",10,5,536870912,3000,60000,2443738926,2443738928,2443909420,156250,185003185046,1184020.384294,156250,1054637,1149935,1265001,156250,2819416574,18044.266074,156250,17863,18414,23755,156250,281714949,1802.975674,156250,1723,2384,3226,156250,3673203594,23508.503002,156250,22923,29395,37220,156250,178172321519,1140302.857722,156250,1011345,1104260,1218043,2,2044813,1022406.500000,2,994915,1049898,1049898,2,114364,57182.000000,2,53700,60664,60664,1,1056801,1056801.000000,1,1056801,1056801,1056801,66881,69599,2975,1288752975,149,162,40,156290,0,45056,4096,1927503872,0,0
10000000,64,2,1073741824,10000000,156250,2,1288750000,156250,2,55207.543870,181.134665645,14.538480836,181.134668199,0.080263,151974,29160,151974,724455,1211964,1286544,2602443,1159132.918074,10000000,11591329180736,9893,1056120,1149024,1264239,3.298515666,1288750000,0,"ext2/ext3",96035987456,2362491824,43156885504,1283772416,1.923,2.666,"sdb2",10,5,536870912,3000,60000,2443909669,2443909737,2444076150,156250,181114518449,1159132.918074,156250,1056010,1150807,1263157,156250,2829122560,18106.384384,156250,17924,18514,23905,156250,308954143,1977.306515,156250,1893,2635,3627,156250,3675988612,23526.327117,156250,22943,29335,37280,156250,174196538588,1114857.846963,156250,1012518,1105241,1216029,2,61324354,30662177.000000,2,967774,60356580,60356580,2,105488,52744.000000,2,45566,59922,59922,1,1038677,1038677.000000,1,1038677,1038677,1038677,1288869116,1288871862,1288754331,2577504331,469037,469051,156323,312573,45056,45056,1927512064,3855011840,0,0
10000000,64,3,1073741824,10000000,156250,2,1288750000,156250,2,50246.498384,199.018843535,14.641697865,199.018845919,0.073569,174801,24217,174801,658230,1125624,1197197,2364308,1273595.068602,10000000,12735950686016,9893,1054857,1151188,1585662,3.360028783,1288750000,0,"ext2/ext3",96033980416,2362491824,43211874304,1283772416,1.274,4.766,"sdb2",10,5,536870912,3000,60000,2444076536,2444076662,2444261148,156250,198999229469,1273595.068602,156250,1054306,1152510,1572488,156250,2827940675,18098.820320,156250,17914,18495,23915,156250,304850869,1951.045562,156250,1863,2565,3567,156250,3674553122,23517.139981,156250,22953,29385,37621,156250,192017822079,1228914.061306,156250,1010835,1106955,1512785,2,121493426,60746713.000000,2,958126,120535300,120535300,2,120196,60098.000000,2,55234,64962,64962,1,1021304,1021304.000000,1,1021304,1021304,1021304,2577671388,2577674134,2577505727,3866255727,937927,937941,312606,468856,45056,49152,3855024128,5782523904,0,0
10000000,256,1,1073741824,10000000,39063,2,1282187528,39063,2,125026.288776,79.983178721,6.723909040,79.983181026,0.084067,74760,5223,74760,531030,1026211,1065844,2572379,2047419.732480,10000000,20474197324800,9893,1257026,1359298,5153409,3.080083360,1282187528,0,"ext2/ext3",96031588352,2355929352,43205574656,1283772416,1.713,0.000,"sdb2",10,5,536870912,3000,60000,2444261657,2444261771,2444335160,39063,79977911634,2047408.331004,39063,1257156,1356753,2518560,39063,2803461464,71767.694852,39063,71043,77275,85179,39063,143499061,3673.528940,39063,3416,5520,6843,39063,1344116100,34408.931726,39063,33493,41898,57177,39063,75584145987,1934929.370171,39063,1148343,1244373,2292186,2,90762997,45381498.500000,2,1054477,89708520,89708520,2,153919,76959.500000,2,72146,81773,81773,1,1135679,1135679.000000,1,1135679,1135679,1135679,3866473661,3866476408,3866257127,5148444655,1406817,1406831,468889,507952,49152,49152,5782532096,7224410112,0,0
10000000,256,2,1073741824,10000000,39063,2,1282187528,39063,2,200941.683832,49.765682308,6.503219455,49.765685053,0.130677,39836,9929,39836,750290,1210799,1278366,2497356,1273853.641843,10000000,12738536418432,9893,1257437,1355681,1461580,3.075763835,1282187528,0,"ext2/ext3",96013934592,2355929352,43207729152,1284165632,1.693,0.033,"sdb2",10,5,536870912,3000,60000,2444335164,2444335165,2444378468,39063,49760429287,1273850.684458,39063,1257086,1356142,1468532,39063,2799732452,71672.233367,39063,71044,76964,83126,39063,138026163,3533.424545,39063,3407,4429,5851,39063,1337421037,34237.540307,39063,33553,41187,50595,39063,45470680501,1164034.521184,39063,1148373,1244963,1354779,2,2412011,1206005.500000,2,1055879,1356132,1356132,2,146555,73277.500000,2,62487,84068,84068,1,1128205,1128205.000000,1,1128205,1128205,1128205,5148713464,5148716211,5148446037,6430633565,1524146,1524160,507985,547048,49152,49152,7224418304,8666296320,0,0
10000000,256,3,1073741824,10000000,39063,2,1282187528,39063,2,172549.609579,57.954347300,6.510421595,57.954349805,0.112337,36016,21938,36016,1084055,1701126,1758505,3225701,1483508.922368,10000000,14835089223680,9893,1257256,1352625,1517154,3.074353182,1282187528,0,"ext2/ext3",96004804608,2355929352,43208454144,1286995968,2.150,0.000,"sdb2",10,5,536870912,3000,60000,2444378790,2444378856,2444430281,39063,57950124264,1483504.192305,39063,1256986,1353317,1584821,39063,2801654657,71721.441185,39063,71043,77175,84318,39063,139960275,3582.937178,39063,3416,4789,6462,39063,1344333695,34414.502086,39063,33583,41368,53130,39063,53611344173,1372432.843688,39063,1148382,1241577,1399243,2,41259177,20629588.500000,2,984716,40274461,40274461,2,131517,65758.500000,2,54312,77205,77205,1,1047353,1047353.000000,1,1047353,1047353,1047353,6431000048,6431002795,6430635381,7712822909,1641585,1641599,547113,586176,49152,49152,8666304512,10108182528,0,0
10000000,1024,1,1073741824,10000000,9766,2,1280546896,9766,2,612764.907167,16.319472416,4.137949638,16.319474900,0.253559,15466,853,15466,415244,1007614,1069187,2165680,1670936.815488,10000000,16709368154880,9893,1625526,1736735,1890073,2.836029878,1280546896,0,"ext2/ext3",95995752448,2354288720,43198459904,1287380992,1.128,0.067,"sdb2",10,5,536870912,3000,60000,2444430283,2444430285,2444442526,9766,16318319721,1670931.775650,9766,1625066,1735002,1919428,9766,2781254967,284789.572701,9766,283362,294311,312014,9766,100956400,10337.538399,9766,10029,14067,17713,9766,615171234,62991.115503,9766,61045,74369,92403,9766,12815511856,1312258.023346,9766,1268528,1369377,1508317,2,2048410,1024205.000000,2,1016085,1032325,1032325,2,116559,58279.500000,2,54362,62197,62197,1,1078111,1078111.000000,1,1078111,1078111,1078111,7713239852,7713242600,7712824294,8993371190,1758914,1758928,586209,595975,49152,49152,10108190720,11428659200,0,0
10000000,1024,2,1073741824,10000000,9766,2,1280546896,9766,2,221343.346219,45.178679056,4.280261493,45.178681651,0.094741,29250,15928,29250,1034713,1517238,1553944,3028745,4626108.467712,10000000,46261084677120,9893,1625327,1772222,120784251,2.985572952,1280546896,0,"ext2/ext3",95995539456,2354288720,43175317504,1287380992,1.211,4.433,"sdb2",10,5,536870912,3000,60000,2444443723,2444443848,2444484916,9766,45177429087,4625991.100451,9766,1625767,1768755,120606608,9766,2787057512,285383.730494,9766,283571,296215,322985,9766,99332587,10171.266332,9766,9939,12944,17262,9766,619658247,63450.567991,9766,61074,77726,99907,9766,41552960347,4254859.752918,9766,1269289,1404934,120133381,2,114971264,57485632.000000,2,994574,113976690,113976690,2,119384,59692.000000,2,59061,60323,60323,1,1062932,1062932.000000,1,1062932,1062932,1062932,8993885806,8993888554,8993373006,10273919902,1788462,1788476,596040,605806,49152,49152,11428667392,12749135872,0,0
10000000,1024,3,1073741824,10000000,9766,2,1280546896,9766,2,612880.514778,16.316394075,4.138096716,16.316396991,0.253616,15347,969,15347,422592,1018676,1080600,2187293,1670627.956685,10000000,16706279566848,9893,1625697,1731195,2099485,2.972378503,1280546896,0,"ext2/ext3",95994929152,2354288720,43199655936,1287380992,1.316,0.233,"sdb2",10,5,536870912,3000,60000,2444484926,2444484928,2444497214,9766,16315224372,1670614.824084,9766,1625727,1733509,2099485,9766,2779314421,284590.868421,9766,283301,293681,307256,9766,98565884,10092.758960,9766,9949,11812,16511,9766,611998322,62666.221790,9766,61485,72766,85400,9766,12819885106,1312705.826951,9766,1268828,1373154,1585301,2,2052227,1026113.500000,2,1004152,1048075,1048075,2,140243,70121.500000,2,58019,82224,82224,1,1112025,1112025.000000,1,1112025,1112025,1112025,10274484980,10274487730,10273921292,11554468188,1817900,1817914,605839,615605,49152,49152,12749144064,14069612544,0,0
10000000,2048,1,1073741824,10000000,4883,2,1280273448,4883,2,925369.653325,10.806492264,3.718755135,10.806494798,0.344122,8254,2552,8254,825064,1392516,1461005,3105437,2212965.527974,10000000,22129655279744,9893,2142887,2264124,3276040,2.972660524,1280273448,0,"ext2/ext3",95994736640,2354015272,43202891776,1287380992,1.253,0.100,"sdb2",10,5,536870912,3000,60000,2444497219,2444497221,2444504428,4883,10805876896,2212958.610690,4883,2141304,2264826,3380797,4883,2784248721,570192.242679,4883,567964,584786,668313,4883,95302229,19517.147041,4883,19156,23975,29686,4883,479401160,98177.587549,4883,95108,113072,130665,4883,7443376745,1524345.022527,4883,1456099,1567788,2655918,2,1797530,898765.000000,2,820588,976942,976942,2,108333,54166.500000,2,41538,66795,66795,1,896790,896790.000000,1,896790,896790,896790,11555084157,11555086907,11554469566,12834743014,1847338,1847352,615638,620521,49152,69632,14069616640,15369850880,0,0
10000000,2048,2,1073741824,10000000,4883,2,1280273448,4883,2,456133.936272,21.923385227,3.793048654,21.923388082,0.173014,15951,5972,15951,872783,1399216,1449691,3251690,4489690.589594,10000000,44896905895936,9893,2147646,3708311,65053477,2.971136711,1280273448,0,"ext2/ext3",95994556416,2354015272,43216011264,1287380992,1.441,1.133,"sdb2",10,5,536870912,3000,60000,2444504504,2444504558,2444522871,4883,21922698794,4489596.312513,4883,2148587,3293744,63757068,4883,2790501697,571472.802990,4883,567745,595756,669255,4883,96756337,19814.936924,4883,19306,24425,31560,4883,487529561,99842.220152,4883,95659,120165,143970,4883,18492933331,3787207.317428,4883,1464775,2532828,60662568,2,53220749,26610374.500000,2,899055,52321694,52321694,2,113242,56621.000000,2,54732,58510,58510,1,966392,966392.000000,1,966392,966392,966392,12835409886,12835412636,12834744384,14115017832,1862127,1862141,620554,625437,69632,69632,15369859072,16670093312,0,0
10000000,2048,3,1073741824,10000000,4883,2,1280273448,4883,2,927009.167210,10.787379838,3.712463326,10.787382052,0.344149,6172,4615,6172,1295516,1837746,1888061,2979677,2209039.742579,10000000,22090397425792,9893,2143508,2264465,3328379,2.873808037,1280273448,0,"ext2/ext3",95994249216,2354015272,43214585856,1287380992,1.588,0.200,"sdb2",10,5,536870912,3000,60000,2444522909,2444522910,2444530124,4883,10786730951,2209037.671718,4883,2143508,2263583,3394322,4883,2779372927,569193.718411,4883,567914,582562,614913,4883,95665144,19591.469179,4883,19236,24075,30106,4883,477178874,97722.480852,4883,94928,116038,138018,4883,7431009831,1521812.375794,4883,1458454,1566436,2714579,2,1699866,849933.000000,2,813525,886341,886341,2,108343,54171.500000,2,44744,63599,63599,1,958366,958366.000000,1,958366,958366,958366,14115735615,14115738365,14115019215,15395292663,1876916,1876930,625470,630353,69632,69632,16670101504,17970335744,0,0
10000000,4096,1,1073741824,10000000,2442,2,1280136752,2442,2,1194180.328447,8.373944673,3.523322087,8.373947358,0.420748,4426,3947,4426,1208439,2498468,2597584,2724076,3429316.078438,10000000,34293160784384,9893,3301949,3434077,10518947,2.841785385,1280136752,0,"ext2/ext3",95994142720,2353878576,43200811008,1287380992,1.565,0.467,"sdb2",10,5,536870912,3000,60000,2444530138,2444530139,2444535077,2442,8373587921,3428987.682637,2442,3301127,3429698,10640164,2442,2798552913,1146008.563882,2442,1140197,1205910,1246477,2442,93213842,38171.106470,2442,37310,44624,56375,2442,411378444,168459.641278,2442,160971,196088,231555,2442,5067616887,2075191.190418,2442,1948552,2042919,9246732,2,1922062,961031.000000,2,915385,1006677,1006677,2,106730,53365.000000,2,49192,57538,57538,1,1073482,1073482.000000,1,1073482,1073482,1073482,15396061344,15396064094,15395294034,16675430786,1891705,1891719,630386,632828,69632,69632,17970339840,19260461056,0,0
10000000,4096,2,1073741824,10000000,2442,2,1280136752,2442,2,546930.768599,18.283849756,3.575964163,18.283852271,0.195580,7961,10322,7961,1640642,2932998,3095163,3237780,7488399.870592,10000000,74883998705920,9893,3309133,56510625,87886807,2.858480762,1280136752,0,"ext2/ext3",95993909248,2353878576,43212144640,1287380992,1.212,2.800,"sdb2",10,5,536870912,3000,60000,2444535204,2444535270,2444550076,2442,18283437778,7487075.257166,2442,3310095,47983783,85038579,2442,2806987293,1149462.445946,2442,1140689,1217693,1268978,2442,94159552,38558.375102,2442,37511,45395,57979,2442,416732660,170652.194922,2442,163035,204944,245340,2442,14908865364,6105186.471744,2442,1955746,46465136,83482592,2,55689045,27844522.500000,2,963376,54725669,54725669,2,127239,63619.500000,2,60353,66886,66886,1,1033657,1033657.000000,1,1033657,1033657,1033657,16676250377,16676253127,16675432170,17955568922,1899171,1899185,632861,635303,69632,69632,19260465152,20550586368,0,0
10000000,4096,3,1073741824,10000000,2442,2,1280136752,2442,2,1198735.283785,8.342125351,3.522491121,8.342127685,0.422253,4792,3550,4792,1166941,2317479,2453197,2643995,3416276.221798,10000000,34162762217984,9893,3299305,3439187,10646646,2.982833714,1280136752,0,"ext2/ext3",95993704448,2353878576,43179347968,1287380992,1.148,0.400,"sdb2",10,5,536870912,3000,60000,2444550088,2444550090,2444554990,2442,8341737504,3415944.923833,2442,3299685,3434187,10646646,2442,2794458188,1144331.772318,2442,1138755,1198266,1245424,2442,93515104,38294.473382,2442,37390,45065,56115,2442,407863616,167020.317772,2442,161383,196769,224401,2442,5042993152,2065107.760852,2442,1949664,2045515,9316373,2,1946218,973109.000000,2,964748,981470,981470,2,112942,56471.000000,2,46918,66024,66024,1,1040661,1040661.000000,1,1040661,1040661,1040661,17956439410,17956442160,17955570319,19235707071,1906637,1906651,635336,637778,69632,69632,20550590464,21840711680,0,0
10000000,4096,1,268435456,10000000,2442,5,1280136752,2442,5,1191022.017292,8.396150411,3.541813544,8.396152935,0.421838,4706,3690,4706,1184532,2378169,2495422,2754540,3438410.747930,10000000,34384107479296,9893,3309042,3467409,10600390,2.972772547,1280136752,0,"ext2/ext3",95993602048,2353878576,43203493888,1287380992,1.316,0.067,"sdb2",10,5,536870912,3000,60000,2444554994,2444554995,2444559922,2442,8395776232,3438073.805078,2442,3309093,3471427,10744921,2442,2803571225,1148063.564701,2442,1139616,1214637,1289377,2442,93320537,38214.798116,2442,37420,44223,56786,2442,414867823,169888.543407,2442,163115,196970,228128,2442,5078410104,2079611.017199,2442,1953442,2081612,9392496,5,4472523,894504.600000,5,874318,1005305,1005305,5,294511,58902.200000,5,64891,66675,66675,4,3764074,941018.500000,4,890559,1036823,1036823,19236628443,19236631193,19235708452,20515845204,1914103,1914117,637811,640253,69632,69632,21840719872,23130841088,0,0
10000000,4096,2,268435456,10000000,2442,5,1280136752,2442,5,1189135.854723,8.409468069,3.545253438,8.409470934,0.421579,5209,3200,5209,1107402,1983880,2090896,3657454,3443850.659968,10000000,34438506599680,9893,3308251,3478681,10863493,2.975804061,1280136752,0,"ext2/ext3",95993421824,2353878576,43196940288,1287380992,1.357,0.400,"sdb2",10,5,536870912,3000,60000,2444559937,2444559939,2444564885,2442,8409111745,3443534.703112,2442,3307419,3467740,10816885,2442,2801818753,1147345.926699,2442,1139376,1213054,1309735,2442,93525538,38298.746110,2442,37390,44884,55313,2442,419011753,171585.484439,2442,164238,205505,233337,2442,5089078445,2083979.707207,2442,1950987,2058498,9488766,5,4535212,907042.400000,5,949019,1020492,1020492,5,292098,58419.600000,5,58380,75271,75271,4,3873131,968282.750000,4,895569,1086036,1086036,20516817476,20516820226,20515846584,21795983336,1921572,1921586,640286,642728,69632,69632,23130841088,24420962304,0,0
10000000,4096,3,268435456,10000000,2442,5,1280136752,2442,5,260750.853455,38.350785309,3.680030856,38.350787894,0.095957,21233,17117,21233,1260351,2340075,2730314,2997120,15707782.970022,10000000,157077829700224,9893,3313712,129212599,201635632,2.812750693,1280136752,0,"ext2/ext3",95993311232,2353878576,43203305472,1287380992,1.756,0.000,"sdb2",10,5,536870912,3000,60000,2444565118,2444565308,2444600195,2442,38350351648,15704484.704341,2442,3313712,125515250,198677057,2442,2813963839,1152319.344390,2442,1140949,1227702,1289397,2442,94279690,38607.571663,2442,37500,45195,54342,2442,419564024,171811.639640,2442,164258,203792,246201,2442,34898709511,14291035.835790,2442,1961607,124092092,196921025,5,122570251,24514050.200000,5,969227,118920038,118920038,5,318458,63691.600000,5,64742,67336,67336,4,3938053,984513.250000,4,955732,1057943,1057943,21797006509,21797009259,21795984716,23076121468,1929041,1929055,642761,645203,69632,69632,24420966400,25711087616,0,0
