cohort,mode,payload_bytes,channels,repeats,median_completed_rps,min_completed_rps,max_completed_rps,median_e2e_p50_ns,min_e2e_p50_ns,max_e2e_p50_ns,median_e2e_p95_ns,min_e2e_p95_ns,max_e2e_p95_ns,median_e2e_p99_ns,min_e2e_p99_ns,max_e2e_p99_ns,median_client_cpu_core_equiv,min_client_cpu_core_equiv,max_client_cpu_core_equiv,median_server_cpu_core_equiv,min_server_cpu_core_equiv,max_server_cpu_core_equiv,median_legacy_tcp_sampled_max_send_q,min_legacy_tcp_sampled_max_send_q,max_legacy_tcp_sampled_max_send_q,median_legacy_tcp_sampled_max_recv_q,min_legacy_tcp_sampled_max_recv_q,max_legacy_tcp_sampled_max_recv_q,median_measurement_loopback_rx_bytes,min_measurement_loopback_rx_bytes,max_measurement_loopback_rx_bytes,median_measurement_loopback_tx_bytes,min_measurement_loopback_tx_bytes,max_measurement_loopback_tx_bytes,median_measurement_loopback_rx_packets,min_measurement_loopback_rx_packets,max_measurement_loopback_rx_packets,median_measurement_loopback_tx_packets,min_measurement_loopback_tx_packets,max_measurement_loopback_tx_packets
diagnostic_baseline,fixed_rate,128,1,3,100.043574,100.043255,100.044285,117691.000000,116808.000000,122199.000000,168546.000000,167092.000000,175899.000000,302306.000000,262992.000000,322323.000000,0.017772,0.017764,0.018173,0.007003,0.007003,0.007003,188.000000,188.000000,199.000000,0.000000,0.000000,188.000000,1575425.000000,1574345.000000,1597063.000000,1575425.000000,1574345.000000,1597063.000000,11278.000000,11268.000000,11411.000000,11278.000000,11268.000000,11411.000000
diagnostic_baseline,fixed_rate,4096,1,3,100.045453,100.041922,100.046045,131627.000000,128992.000000,135133.000000,188763.000000,183534.000000,205956.000000,267902.000000,262662.000000,327444.000000,0.020697,0.020024,0.021975,0.007503,0.007503,0.008003,13.000000,13.000000,13.000000,0.000000,0.000000,0.000000,17762420.000000,17731227.000000,17769132.000000,17762420.000000,17731227.000000,17769132.000000,17340.000000,17037.000000,17379.000000,17340.000000,17037.000000,17379.000000
diagnostic_saturation,closed_loop,128,1,3,78033.881162,77431.277577,78983.459080,3068098.000000,3042150.000000,3092403.000000,5374078.000000,5260816.000000,5436955.000000,6199885.000000,6097193.000000,6242665.000000,1.830366,1.801681,1.839493,1.848398,1.823248,1.885341,33809.000000,32388.000000,39690.000000,39800.000000,32809.000000,48192.000000,643852941.000000,639765534.000000,651803426.000000,643852941.000000,639765534.000000,651803426.000000,712421.000000,701818.000000,713307.000000,712421.000000,701818.000000,713307.000000
diagnostic_saturation,closed_loop,128,4,3,138148.706447,136425.352037,142043.759570,1773213.000000,1739069.000000,1804281.000000,2996535.000000,2881720.000000,3011893.000000,3814406.000000,3545673.000000,3903494.000000,2.656106,2.655792,2.662570,2.777585,2.775059,2.811007,12864.000000,12864.000000,12864.000000,12864.000000,12864.000000,12864.000000,1188242052.000000,1173274150.000000,1221644761.000000,1188242052.000000,1173274150.000000,1221644761.000000,2121788.000000,2096647.000000,2181233.000000,2121788.000000,2096647.000000,2181233.000000
diagnostic_saturation,closed_loop,128,8,3,148382.378290,137185.526267,153563.938954,1688944.000000,1638169.000000,1818598.000000,2837727.000000,2718735.000000,3097333.000000,3443372.000000,3293822.000000,3742643.000000,2.846596,2.833280,2.853079,2.912353,2.902636,2.920780,6432.000000,6432.000000,6432.000000,6432.000000,6432.000000,6445.000000,1349118052.000000,1246267325.000000,1395946738.000000,1349118052.000000,1246267325.000000,1395946738.000000,3674336.000000,3384004.000000,3795094.000000,3674336.000000,3384004.000000,3795094.000000
diagnostic_saturation,closed_loop,4096,1,3,44263.747346,43051.741010,44271.950764,5803635.000000,5730368.000000,5837158.000000,8131026.000000,8093236.000000,8275327.000000,9408530.000000,9234324.000000,9572178.000000,1.735780,1.699196,1.741758,1.653156,1.619478,1.668506,422337.000000,231560.000000,935740.000000,419666.000000,326016.000000,618387.000000,7486726337.000000,7282747701.000000,7491485123.000000,7486726337.000000,7282747701.000000,7491485123.000000,2184687.000000,2118444.000000,2269600.000000,2184687.000000,2118444.000000,2269600.000000
diagnostic_saturation,closed_loop,4096,4,3,84739.515700,84334.708202,87689.117579,2901066.000000,2820375.000000,2935892.000000,4846642.000000,4694597.000000,4913608.000000,5964968.000000,5759633.000000,6212812.000000,2.814102,2.780017,2.825109,2.892212,2.870340,2.902920,266752.000000,266752.000000,266752.000000,266765.000000,266752.000000,266829.000000,14381613429.000000,14312191632.000000,14882133751.000000,14381613429.000000,14312191632.000000,14882133751.000000,5193659.000000,5156334.000000,5368346.000000,5193659.000000,5156334.000000,5368346.000000
diagnostic_saturation,closed_loop,4096,8,3,86391.738074,84976.188382,88481.060138,2900305.000000,2833501.000000,2946301.000000,5059772.000000,4895745.000000,5096250.000000,6007157.000000,5866343.000000,6077108.000000,2.893104,2.880053,2.899809,2.946815,2.946396,2.948606,133389.000000,133389.000000,133408.000000,133408.000000,133408.000000,133421.000000,14695266674.000000,14455832845.000000,15051368863.000000,14695266674.000000,14455832845.000000,15051368863.000000,5938452.000000,5862706.000000,6095683.000000,5938452.000000,5862706.000000,6095683.000000
kernel_off_bracket_after,closed_loop,128,1,1,82552.460301,82552.460301,82552.460301,2882237.000000,2882237.000000,2882237.000000,5155400.000000,5155400.000000,5155400.000000,6066219.000000,6066219.000000,6066219.000000,1.839639,1.839639,1.839639,1.912199,1.912199,1.912199,22663.000000,22663.000000,22663.000000,19094.000000,19094.000000,19094.000000,681075753.000000,681075753.000000,681075753.000000,681075753.000000,681075753.000000,681075753.000000,740279.000000,740279.000000,740279.000000,740279.000000,740279.000000,740279.000000
kernel_off_bracket_after,closed_loop,128,8,1,141874.008375,141874.008375,141874.008375,1761604.000000,1761604.000000,1761604.000000,2986823.000000,2986823.000000,2986823.000000,3602727.000000,3602727.000000,3602727.000000,2.847750,2.847750,2.847750,2.919231,2.919231,2.919231,6432.000000,6432.000000,6432.000000,6432.000000,6432.000000,6432.000000,1289602033.000000,1289602033.000000,1289602033.000000,1289602033.000000,1289602033.000000,1289602033.000000,3511343.000000,3511343.000000,3511343.000000,3511343.000000,3511343.000000,3511343.000000
kernel_off_bracket_after,closed_loop,4096,1,1,45181.758814,45181.758814,45181.758814,5634288.000000,5634288.000000,5634288.000000,8032647.000000,8032647.000000,8032647.000000,9245772.000000,9245772.000000,9245772.000000,1.763840,1.763840,1.763840,1.676215,1.676215,1.676215,53755.000000,53755.000000,53755.000000,357634.000000,357634.000000,357634.000000,7644215127.000000,7644215127.000000,7644215127.000000,7644215127.000000,7644215127.000000,7644215127.000000,2299251.000000,2299251.000000,2299251.000000,2299251.000000,2299251.000000,2299251.000000
kernel_off_bracket_after,closed_loop,4096,8,1,85499.397448,85499.397448,85499.397448,2934093.000000,2934093.000000,2934093.000000,5054991.000000,5054991.000000,5054991.000000,5986318.000000,5986318.000000,5986318.000000,2.899815,2.899815,2.899815,2.951155,2.951155,2.951155,133376.000000,133376.000000,133376.000000,133389.000000,133389.000000,133389.000000,14543913062.000000,14543913062.000000,14543913062.000000,14543913062.000000,14543913062.000000,14543913062.000000,5888831.000000,5888831.000000,5888831.000000,5888831.000000,5888831.000000,5888831.000000
kernel_off_bracket_before,closed_loop,128,1,1,77171.459051,77171.459051,77171.459051,3102981.000000,3102981.000000,3102981.000000,5423066.000000,5423066.000000,5423066.000000,6251667.000000,6251667.000000,6251667.000000,1.821321,1.821321,1.821321,1.832862,1.832862,1.832862,43470.000000,43470.000000,43470.000000,24407.000000,24407.000000,24407.000000,636681925.000000,636681925.000000,636681925.000000,636681925.000000,636681925.000000,636681925.000000,692758.000000,692758.000000,692758.000000,692758.000000,692758.000000,692758.000000
kernel_off_bracket_before,closed_loop,128,8,1,148569.993162,148569.993162,148569.993162,1685606.000000,1685606.000000,1685606.000000,2864465.000000,2864465.000000,2864465.000000,3475188.000000,3475188.000000,3475188.000000,2.821386,2.821386,2.821386,2.923719,2.923719,2.923719,6432.000000,6432.000000,6432.000000,6432.000000,6432.000000,6432.000000,1348368663.000000,1348368663.000000,1348368663.000000,1348368663.000000,1348368663.000000,1348368663.000000,3636408.000000,3636408.000000,3636408.000000,3636408.000000,3636408.000000,3636408.000000
kernel_off_bracket_before,closed_loop,4096,1,1,43328.377238,43328.377238,43328.377238,5896794.000000,5896794.000000,5896794.000000,8287000.000000,8287000.000000,8287000.000000,9496135.000000,9496135.000000,9496135.000000,1.682183,1.682183,1.682183,1.606773,1.606773,1.606773,99240.000000,99240.000000,99240.000000,321843.000000,321843.000000,321843.000000,7329112071.000000,7329112071.000000,7329112071.000000,7329112071.000000,7329112071.000000,7329112071.000000,2161892.000000,2161892.000000,2161892.000000,2161892.000000,2161892.000000,2161892.000000
kernel_off_bracket_before,closed_loop,4096,8,1,90264.131295,90264.131295,90264.131295,2772432.000000,2772432.000000,2772432.000000,4825778.000000,4825778.000000,4825778.000000,5793852.000000,5793852.000000,5793852.000000,2.881691,2.881691,2.881691,2.947589,2.947589,2.947589,133408.000000,133408.000000,133408.000000,133408.000000,133408.000000,133408.000000,15355482886.000000,15355482886.000000,15355482886.000000,15355482886.000000,15355482886.000000,15355482886.000000,6226359.000000,6226359.000000,6226359.000000,6226359.000000,6226359.000000,6226359.000000
kernel_off_saturation,closed_loop,128,1,3,77070.321584,76654.603391,78653.551910,3114145.000000,3038794.000000,3135174.000000,5444760.000000,5356515.000000,5456641.000000,6230714.000000,6163630.000000,6233419.000000,1.813734,1.794634,1.822016,1.854623,1.846675,1.869320,16039.000000,13246.000000,32468.000000,25403.000000,17147.000000,31576.000000,636271624.000000,633286525.000000,649283991.000000,636271624.000000,633286525.000000,649283991.000000,707827.000000,702650.000000,714880.000000,707827.000000,702650.000000,714880.000000
kernel_off_saturation,closed_loop,128,4,3,136553.919587,134774.170981,140141.363829,1804126.000000,1751317.000000,1812111.000000,3014597.000000,2962430.000000,3084259.000000,3808587.000000,3730531.000000,4101678.000000,2.651354,2.640521,2.655272,2.776201,2.744678,2.781608,12864.000000,12864.000000,12864.000000,12864.000000,12864.000000,12864.000000,1174279169.000000,1158835707.000000,1204744130.000000,1174279169.000000,1158835707.000000,1204744130.000000,2098353.000000,2068511.000000,2144391.000000,2098353.000000,2068511.000000,2144391.000000
kernel_off_saturation,closed_loop,128,8,3,144841.819662,144114.148182,152780.334662,1724065.000000,1640759.000000,1732351.000000,2955085.000000,2776470.000000,2966737.000000,3575078.000000,3347101.000000,3577784.000000,2.834455,2.830290,2.837429,2.921249,2.916703,2.922699,6432.000000,6432.000000,6432.000000,6432.000000,6432.000000,6432.000000,1315150914.000000,1308356868.000000,1386498461.000000,1315150914.000000,1308356868.000000,1386498461.000000,3558452.000000,3542939.000000,3734198.000000,3558452.000000,3542939.000000,3734198.000000
kernel_off_saturation,closed_loop,4096,1,3,44401.533483,43130.854942,44627.526481,5745349.000000,5740830.000000,5751231.000000,8193492.000000,8067385.000000,8208351.000000,9477372.000000,9251607.000000,9570878.000000,1.733899,1.680269,1.742789,1.650088,1.625761,1.676716,169535.000000,134968.000000,919556.000000,454070.000000,208006.000000,469534.000000,7512207463.000000,7295239603.000000,7550743991.000000,7512207463.000000,7295239603.000000,7550743991.000000,2262825.000000,2132849.000000,2267837.000000,2262825.000000,2132849.000000,2267837.000000
kernel_off_saturation,closed_loop,4096,4,3,85379.159675,83733.722330,92746.715334,2886585.000000,2669588.000000,2925639.000000,4835862.000000,4426424.000000,4993898.000000,6028991.000000,5380814.000000,6537205.000000,2.811046,2.781387,2.829164,2.878493,2.855531,2.911078,99084.000000,90781.000000,262299.000000,266752.000000,262821.000000,266752.000000,14490012973.000000,14210920477.000000,15745499213.000000,14490012973.000000,14210920477.000000,15745499213.000000,5224459.000000,5131368.000000,5671532.000000,5224459.000000,5131368.000000,5671532.000000
kernel_off_saturation,closed_loop,4096,8,3,89308.393157,86489.573264,93296.354149,2803178.000000,2695185.000000,2896313.000000,4867902.000000,4610959.000000,4983087.000000,5866354.000000,5506159.000000,5925215.000000,2.902442,2.890677,2.907646,2.949983,2.945096,2.950000,133376.000000,133376.000000,133408.000000,133408.000000,133408.000000,133408.000000,15192513164.000000,14713861015.000000,15874254145.000000,15192513164.000000,14713861015.000000,15874254145.000000,6157802.000000,5974008.000000,6429502.000000,6157802.000000,5974008.000000,6429502.000000
perf_record_targeted,closed_loop,128,1,1,84732.773036,84732.773036,84732.773036,2823312.000000,2823312.000000,2823312.000000,4867573.000000,4867573.000000,4867573.000000,5937258.000000,5937258.000000,5937258.000000,1.907155,1.907155,1.907155,1.970708,1.970708,1.970708,18343.000000,18343.000000,18343.000000,25434.000000,25434.000000,25434.000000,697857298.000000,697857298.000000,697857298.000000,697857298.000000,697857298.000000,697857298.000000,735701.000000,735701.000000,735701.000000,735701.000000,735701.000000,735701.000000
perf_record_targeted,closed_loop,128,8,1,131746.867366,131746.867366,131746.867366,1887559.000000,1887559.000000,1887559.000000,3242237.000000,3242237.000000,3242237.000000,3940025.000000,3940025.000000,3940025.000000,2.819667,2.819667,2.819667,2.896728,2.896728,2.896728,6432.000000,6432.000000,6432.000000,6432.000000,6432.000000,6432.000000,1198597849.000000,1198597849.000000,1198597849.000000,1198597849.000000,1198597849.000000,1198597849.000000,3286165.000000,3286165.000000,3286165.000000,3286165.000000,3286165.000000,3286165.000000
perf_record_targeted,closed_loop,4096,1,1,44254.071164,44254.071164,44254.071164,5791085.000000,5791085.000000,5791085.000000,8134867.000000,8134867.000000,8134867.000000,9228437.000000,9228437.000000,9228437.000000,1.796282,1.796282,1.796282,1.708720,1.708720,1.708720,169565.000000,169565.000000,169565.000000,360354.000000,360354.000000,360354.000000,7487207719.000000,7487207719.000000,7487207719.000000,7487207719.000000,7487207719.000000,7487207719.000000,2259317.000000,2259317.000000,2259317.000000,2259317.000000,2259317.000000,2259317.000000
perf_record_targeted,closed_loop,4096,8,1,82484.244164,82484.244164,82484.244164,3025681.000000,3025681.000000,3025681.000000,5327473.000000,5327473.000000,5327473.000000,6356927.000000,6356927.000000,6356927.000000,2.850059,2.850059,2.850059,2.939515,2.939515,2.939515,133376.000000,133376.000000,133376.000000,133389.000000,133389.000000,133389.000000,14031454092.000000,14031454092.000000,14031454092.000000,14031454092.000000,14031454092.000000,14031454092.000000,5681017.000000,5681017.000000,5681017.000000,5681017.000000,5681017.000000,5681017.000000
perf_stat_targeted,closed_loop,128,1,3,80447.202291,79721.354046,80496.439830,2962703.000000,2952564.000000,3019530.000000,5136788.000000,5068219.000000,5178766.000000,6193739.000000,6133666.000000,6196484.000000,1.809239,1.801097,1.823984,2.010822,2.005715,2.047755,23070.000000,16263.000000,39099.000000,28766.000000,27296.000000,47165.000000,660414601.000000,654093045.000000,660807493.000000,660414601.000000,654093045.000000,660807493.000000,662374.000000,648330.000000,662849.000000,662374.000000,648330.000000,662849.000000
perf_stat_targeted,closed_loop,128,8,3,142149.230904,138926.529568,145124.962533,1755921.000000,1725805.000000,1798040.000000,3008188.000000,2926015.000000,3077187.000000,3638309.000000,3546717.000000,3745740.000000,2.815208,2.812242,2.818185,2.885745,2.881211,2.886190,6432.000000,6432.000000,6432.000000,6432.000000,6432.000000,6432.000000,1295142730.000000,1267081692.000000,1323139300.000000,1295142730.000000,1267081692.000000,1323139300.000000,3579762.000000,3523889.000000,3667974.000000,3579762.000000,3523889.000000,3667974.000000
perf_stat_targeted,closed_loop,4096,1,3,42762.059330,42647.195316,42889.838520,6035192.000000,6007610.000000,6060469.000000,8483651.000000,8458003.000000,8506925.000000,9684372.000000,9671026.000000,9697035.000000,1.759084,1.756347,1.762018,1.719065,1.709552,1.728076,100950.000000,53755.000000,132320.000000,316666.000000,312540.000000,410926.000000,7234329766.000000,7214248130.000000,7255014411.000000,7234329766.000000,7214248130.000000,7255014411.000000,2151363.000000,2138883.000000,2160273.000000,2151363.000000,2138883.000000,2160273.000000
perf_stat_targeted,closed_loop,4096,8,3,90989.058390,90277.378302,92272.309130,2763370.000000,2732091.000000,2789960.000000,4717873.000000,4651759.000000,4725326.000000,5640692.000000,5501963.000000,5695825.000000,2.867127,2.866213,2.886294,2.918126,2.917110,2.919578,133389.000000,133376.000000,133408.000000,133376.000000,133376.000000,133421.000000,15481145749.000000,15360271865.000000,15698753297.000000,15481145749.000000,15360271865.000000,15698753297.000000,6322867.000000,6283173.000000,6400831.000000,6322867.000000,6283173.000000,6400831.000000
perf_stat_verbose_targeted,closed_loop,128,1,3,79815.897413,78735.087763,81464.137751,3013190.000000,2926608.000000,3022517.000000,5094122.000000,5077821.000000,5295459.000000,6160401.000000,6096612.000000,6343034.000000,1.810755,1.798760,1.837762,2.007339,2.001247,2.039714,16268.000000,12108.000000,16342.000000,26870.000000,22721.000000,42498.000000,655540286.000000,646700882.000000,668895592.000000,655540286.000000,646700882.000000,668895592.000000,659764.000000,650957.000000,669260.000000,659764.000000,650957.000000,669260.000000
perf_stat_verbose_targeted,closed_loop,128,8,3,138845.344095,130154.107271,141242.359247,1801197.000000,1773615.000000,1917365.000000,3068384.000000,3009092.000000,3301892.000000,3710648.000000,3624616.000000,3950477.000000,2.820061,2.803662,2.824797,2.880732,2.874670,2.880763,6432.000000,6432.000000,6432.000000,6432.000000,6432.000000,6432.000000,1266188769.000000,1187419248.000000,1289110591.000000,1266188769.000000,1187419248.000000,1289110591.000000,3516607.000000,3310027.000000,3595126.000000,3516607.000000,3310027.000000,3595126.000000
perf_stat_verbose_targeted,closed_loop,4096,1,3,42796.725185,42334.345977,43346.429484,6032722.000000,5852313.000000,6100990.000000,8459792.000000,8321824.000000,8611257.000000,9730555.000000,9558422.000000,9802320.000000,1.749918,1.746228,1.789903,1.706774,1.690797,1.724599,336119.000000,315438.000000,934665.000000,212767.000000,161265.000000,260340.000000,7238872856.000000,7160887115.000000,7332409218.000000,7238872856.000000,7160887115.000000,7332409218.000000,2153115.000000,2129857.000000,2165898.000000,2153115.000000,2129857.000000,2165898.000000
perf_stat_verbose_targeted,closed_loop,4096,8,3,90826.225061,90602.131838,93857.533346,2770976.000000,2692899.000000,2772809.000000,4699101.000000,4531677.000000,4759404.000000,5632481.000000,5330856.000000,5693285.000000,2.877579,2.870859,2.878159,2.918623,2.914569,2.921560,133376.000000,133376.000000,133408.000000,133408.000000,133408.000000,133421.000000,15453481228.000000,15414566094.000000,15969275605.000000,15453481228.000000,15414566094.000000,15969275605.000000,6308450.000000,6278543.000000,6523995.000000,6308450.000000,6278543.000000,6523995.000000
