cohort,run_id,trial,payload_bytes,channels,repetition,periodic_samples,periodic_samples_inside_phase,sample_errors,ss_periodic_wall_ns,ss_parent_cpu_ns,ss_child_cpu_ns,ss_child_core_equiv,ss_monitor_max_wall_ns,wall_duty_pct,boundary_wall_ns,boundary_parent_cpu_ns,boundary_child_cpu_ns,server_send_q_snapshot_max,server_recv_q_snapshot_max,client_send_q_snapshot_max,client_recv_q_snapshot_max
diagnostic_baseline,run-1790522417558086197-48161-0,trial-0001-fixed_rate-b128-c1-ch1-rep1,128,1,1,200,200,0,4350946880,35462298,4267585000,0.213473,22564052,21.764214,21750901,188543,21399000,188,0,,0
diagnostic_baseline,run-1790522417558086197-48161-0,trial-0002-fixed_rate-b128-c1-ch1-rep2,128,1,2,200,200,0,4338418788,30471188,4272676000,0.213730,22622344,21.701700,22064539,187851,21184000,188,0,,188
diagnostic_baseline,run-1790522417558086197-48161-0,trial-0003-fixed_rate-b128-c1-ch1-rep3,128,1,3,200,200,0,4349650110,34255117,4266067000,0.213397,23235544,21.757658,21824582,196609,21482000,188,0,,0
diagnostic_baseline,run-1790522417558086197-48161-0,trial-0004-fixed_rate-b4096-c1-ch1-rep1,4096,1,1,200,200,0,4343655117,32478567,4261974000,0.213199,23208175,21.728276,21579344,135894,21150000,0,0,,0
diagnostic_baseline,run-1790522417558086197-48161-0,trial-0005-fixed_rate-b4096-c1-ch1-rep2,4096,1,2,200,200,0,4324303860,29559454,4242813000,0.212239,22716495,21.631347,21706373,163899,21594000,0,0,,0
diagnostic_baseline,run-1790522417558086197-48161-0,trial-0006-fixed_rate-b4096-c1-ch1-rep3,4096,1,3,200,200,0,4343879707,31754638,4265069000,0.213344,23727910,21.728504,21646041,159821,21468000,0,0,,0
diagnostic_saturation,run-1790522592015262494-52216-0,trial-0001-closed_loop-b128-c256-ch1-rep1,128,1,1,201,200,0,4390988775,39434804,4317192000,0.215851,24258106,21.952754,21642005,167523,21080000,33809,48192,,32264
diagnostic_saturation,run-1790522592015262494-52216-0,trial-0002-closed_loop-b128-c256-ch1-rep2,128,1,2,201,200,0,4405800826,38021197,4326490000,0.216318,26246513,22.027093,21385686,162995,20812000,39690,29678,,32809
diagnostic_saturation,run-1790522592015262494-52216-0,trial-0003-closed_loop-b128-c256-ch1-rep3,128,1,3,201,200,0,4385570996,37465097,4310026000,0.215499,24010826,21.925484,21427105,150391,21325000,32388,39800,,33364
diagnostic_saturation,run-1790522592015262494-52216-0,trial-0004-closed_loop-b128-c256-ch4-rep1,128,4,1,201,200,0,5147342511,62028909,5043594000,0.252169,28512310,25.734544,22571400,306222,22217000,12173,12864,,12084
diagnostic_saturation,run-1790522592015262494-52216-0,trial-0005-closed_loop-b128-c256-ch4-rep2,128,4,2,201,200,0,5177335622,59823573,5070179000,0.253502,28248287,25.885441,23877829,261681,23400000,12160,12864,,12160
diagnostic_saturation,run-1790522592015262494-52216-0,trial-0006-closed_loop-b128-c256-ch4-rep3,128,4,3,201,200,0,5119910688,57030846,5007889000,0.250386,27948085,25.597767,23816034,283100,23366000,12160,12864,,12096
diagnostic_saturation,run-1790522592015262494-52216-0,trial-0007-closed_loop-b128-c256-ch8-rep1,128,8,1,201,200,0,5287092842,85564142,5156134000,0.257799,29203208,26.433629,24180809,414939,23047000,6080,6432,,6080
diagnostic_saturation,run-1790522592015262494-52216-0,trial-0008-closed_loop-b128-c256-ch8-rep2,128,8,2,201,200,0,5266695667,79545091,5141099000,0.257049,29108172,26.331860,23194051,356498,22255000,6080,6445,,6080
diagnostic_saturation,run-1790522592015262494-52216-0,trial-0009-closed_loop-b128-c256-ch8-rep3,128,8,3,201,200,0,5217340430,79295769,5088295000,0.254414,29771146,26.084169,24354966,501512,23482000,6080,6432,,6080
diagnostic_saturation,run-1790522592015262494-52216-0,trial-0010-closed_loop-b4096-c256-ch1-rep1,4096,1,1,201,200,0,4965818321,42591936,4858252000,0.242908,31384049,24.825501,21747241,146134,20793000,243965,326016,,299440
diagnostic_saturation,run-1790522592015262494-52216-0,trial-0011-closed_loop-b4096-c256-ch1-rep2,4096,1,2,201,200,0,4883116955,42810197,4791268000,0.239553,27068613,24.409906,21270108,153619,21081000,231560,618387,,283646
diagnostic_saturation,run-1790522592015262494-52216-0,trial-0012-closed_loop-b4096-c256-ch1-rep3,4096,1,3,201,200,0,4815092129,42412628,4711800000,0.235575,28619531,24.070032,23295244,174298,23142000,152995,419666,,402403
diagnostic_saturation,run-1790522592015262494-52216-0,trial-0013-closed_loop-b4096-c256-ch4-rep1,4096,4,1,201,200,0,5233840328,60924253,5114959000,0.255741,27835331,26.165567,22606252,241683,22395000,148860,266829,,228648
diagnostic_saturation,run-1790522592015262494-52216-0,trial-0014-closed_loop-b4096-c256-ch4-rep2,4096,4,2,201,200,0,5175754937,62156319,5053285000,0.252657,29553342,25.875421,23061336,256020,22227000,161265,266765,,257577
diagnostic_saturation,run-1790522592015262494-52216-0,trial-0015-closed_loop-b4096-c256-ch4-rep3,4096,4,3,201,200,0,5224438228,60381025,5121055000,0.256049,29796619,26.118911,24174734,220864,23479000,199186,266752,,249540
diagnostic_saturation,run-1790522592015262494-52216-0,trial-0016-closed_loop-b4096-c256-ch8-rep1,4096,8,1,201,200,0,5269753757,85466204,5121980000,0.256097,29920992,26.345231,23484851,426337,22885000,128867,133408,,133024
diagnostic_saturation,run-1790522592015262494-52216-0,trial-0017-closed_loop-b4096-c256-ch8-rep2,4096,8,2,201,200,0,5262685860,81353993,5127439000,0.256368,31416515,26.310304,23944643,368672,23592000,133037,133421,,133024
diagnostic_saturation,run-1790522592015262494-52216-0,trial-0018-closed_loop-b4096-c256-ch8-rep3,4096,8,3,201,200,0,5274420882,84247290,5151736000,0.257577,28068943,26.369321,23405043,379122,22861000,133037,133408,,133037
