cohort,run_id,trial,payload_bytes,channels,repetition,endpoint_role,endpoint_snapshots,send_q_nonzero_snapshots,send_q_nonzero_pct,recv_q_nonzero_snapshots,recv_q_nonzero_pct
diagnostic_baseline,run-1790522417558086197-48161-0,trial-0001-fixed_rate-b128-c1-ch1-rep1,128,1,1,client,200,0,0.0000,0,0.0000
diagnostic_baseline,run-1790522417558086197-48161-0,trial-0001-fixed_rate-b128-c1-ch1-rep1,128,1,1,server,200,199,99.5000,0,0.0000
diagnostic_baseline,run-1790522417558086197-48161-0,trial-0002-fixed_rate-b128-c1-ch1-rep2,128,1,2,client,200,13,6.5000,2,1.0000
diagnostic_baseline,run-1790522417558086197-48161-0,trial-0002-fixed_rate-b128-c1-ch1-rep2,128,1,2,server,200,200,100.0000,0,0.0000
diagnostic_baseline,run-1790522417558086197-48161-0,trial-0003-fixed_rate-b128-c1-ch1-rep3,128,1,3,client,200,0,0.0000,0,0.0000
diagnostic_baseline,run-1790522417558086197-48161-0,trial-0003-fixed_rate-b128-c1-ch1-rep3,128,1,3,server,200,200,100.0000,0,0.0000
diagnostic_baseline,run-1790522417558086197-48161-0,trial-0004-fixed_rate-b4096-c1-ch1-rep1,4096,1,1,client,200,1,0.5000,0,0.0000
diagnostic_baseline,run-1790522417558086197-48161-0,trial-0004-fixed_rate-b4096-c1-ch1-rep1,4096,1,1,server,200,0,0.0000,0,0.0000
diagnostic_baseline,run-1790522417558086197-48161-0,trial-0005-fixed_rate-b4096-c1-ch1-rep2,4096,1,2,client,200,1,0.5000,0,0.0000
diagnostic_baseline,run-1790522417558086197-48161-0,trial-0005-fixed_rate-b4096-c1-ch1-rep2,4096,1,2,server,200,0,0.0000,0,0.0000
diagnostic_baseline,run-1790522417558086197-48161-0,trial-0006-fixed_rate-b4096-c1-ch1-rep3,4096,1,3,client,200,1,0.5000,0,0.0000
diagnostic_baseline,run-1790522417558086197-48161-0,trial-0006-fixed_rate-b4096-c1-ch1-rep3,4096,1,3,server,200,0,0.0000,0,0.0000
diagnostic_saturation,run-1790522592015262494-52216-0,trial-0001-closed_loop-b128-c256-ch1-rep1,128,1,1,client,200,118,59.0000,87,43.5000
diagnostic_saturation,run-1790522592015262494-52216-0,trial-0001-closed_loop-b128-c256-ch1-rep1,128,1,1,server,200,90,45.0000,131,65.5000
diagnostic_saturation,run-1790522592015262494-52216-0,trial-0002-closed_loop-b128-c256-ch1-rep2,128,1,2,client,200,115,57.5000,83,41.5000
diagnostic_saturation,run-1790522592015262494-52216-0,trial-0002-closed_loop-b128-c256-ch1-rep2,128,1,2,server,200,83,41.5000,126,63.0000
diagnostic_saturation,run-1790522592015262494-52216-0,trial-0003-closed_loop-b128-c256-ch1-rep3,128,1,3,client,200,105,52.5000,86,43.0000
diagnostic_saturation,run-1790522592015262494-52216-0,trial-0003-closed_loop-b128-c256-ch1-rep3,128,1,3,server,200,85,42.5000,115,57.5000
diagnostic_saturation,run-1790522592015262494-52216-0,trial-0004-closed_loop-b128-c256-ch4-rep1,128,4,1,client,800,392,49.0000,266,33.2500
diagnostic_saturation,run-1790522592015262494-52216-0,trial-0004-closed_loop-b128-c256-ch4-rep1,128,4,1,server,800,305,38.1250,511,63.8750
diagnostic_saturation,run-1790522592015262494-52216-0,trial-0005-closed_loop-b128-c256-ch4-rep2,128,4,2,client,800,408,51.0000,276,34.5000
diagnostic_saturation,run-1790522592015262494-52216-0,trial-0005-closed_loop-b128-c256-ch4-rep2,128,4,2,server,800,311,38.8750,501,62.6250
diagnostic_saturation,run-1790522592015262494-52216-0,trial-0006-closed_loop-b128-c256-ch4-rep3,128,4,3,client,800,386,48.2500,306,38.2500
diagnostic_saturation,run-1790522592015262494-52216-0,trial-0006-closed_loop-b128-c256-ch4-rep3,128,4,3,server,800,288,36.0000,483,60.3750
diagnostic_saturation,run-1790522592015262494-52216-0,trial-0007-closed_loop-b128-c256-ch8-rep1,128,8,1,client,1600,802,50.1250,515,32.1875
diagnostic_saturation,run-1790522592015262494-52216-0,trial-0007-closed_loop-b128-c256-ch8-rep1,128,8,1,server,1600,537,33.5625,1070,66.8750
diagnostic_saturation,run-1790522592015262494-52216-0,trial-0008-closed_loop-b128-c256-ch8-rep2,128,8,2,client,1600,850,53.1250,509,31.8125
diagnostic_saturation,run-1790522592015262494-52216-0,trial-0008-closed_loop-b128-c256-ch8-rep2,128,8,2,server,1600,520,32.5000,1096,68.5000
diagnostic_saturation,run-1790522592015262494-52216-0,trial-0009-closed_loop-b128-c256-ch8-rep3,128,8,3,client,1600,887,55.4375,485,30.3125
diagnostic_saturation,run-1790522592015262494-52216-0,trial-0009-closed_loop-b128-c256-ch8-rep3,128,8,3,server,1600,526,32.8750,1119,69.9375
diagnostic_saturation,run-1790522592015262494-52216-0,trial-0010-closed_loop-b4096-c256-ch1-rep1,4096,1,1,client,200,103,51.5000,120,60.0000
diagnostic_saturation,run-1790522592015262494-52216-0,trial-0010-closed_loop-b4096-c256-ch1-rep1,4096,1,1,server,200,98,49.0000,140,70.0000
diagnostic_saturation,run-1790522592015262494-52216-0,trial-0011-closed_loop-b4096-c256-ch1-rep2,4096,1,2,client,200,100,50.0000,126,63.0000
diagnostic_saturation,run-1790522592015262494-52216-0,trial-0011-closed_loop-b4096-c256-ch1-rep2,4096,1,2,server,200,87,43.5000,144,72.0000
diagnostic_saturation,run-1790522592015262494-52216-0,trial-0012-closed_loop-b4096-c256-ch1-rep3,4096,1,3,client,200,105,52.5000,130,65.0000
diagnostic_saturation,run-1790522592015262494-52216-0,trial-0012-closed_loop-b4096-c256-ch1-rep3,4096,1,3,server,200,91,45.5000,130,65.0000
diagnostic_saturation,run-1790522592015262494-52216-0,trial-0013-closed_loop-b4096-c256-ch4-rep1,4096,4,1,client,800,386,48.2500,399,49.8750
diagnostic_saturation,run-1790522592015262494-52216-0,trial-0013-closed_loop-b4096-c256-ch4-rep1,4096,4,1,server,800,336,42.0000,566,70.7500
diagnostic_saturation,run-1790522592015262494-52216-0,trial-0014-closed_loop-b4096-c256-ch4-rep2,4096,4,2,client,800,386,48.2500,395,49.3750
diagnostic_saturation,run-1790522592015262494-52216-0,trial-0014-closed_loop-b4096-c256-ch4-rep2,4096,4,2,server,800,322,40.2500,583,72.8750
diagnostic_saturation,run-1790522592015262494-52216-0,trial-0015-closed_loop-b4096-c256-ch4-rep3,4096,4,3,client,800,380,47.5000,387,48.3750
diagnostic_saturation,run-1790522592015262494-52216-0,trial-0015-closed_loop-b4096-c256-ch4-rep3,4096,4,3,server,800,332,41.5000,575,71.8750
diagnostic_saturation,run-1790522592015262494-52216-0,trial-0016-closed_loop-b4096-c256-ch8-rep1,4096,8,1,client,1600,903,56.4375,565,35.3125
diagnostic_saturation,run-1790522592015262494-52216-0,trial-0016-closed_loop-b4096-c256-ch8-rep1,4096,8,1,server,1600,475,29.6875,1159,72.4375
diagnostic_saturation,run-1790522592015262494-52216-0,trial-0017-closed_loop-b4096-c256-ch8-rep2,4096,8,2,client,1600,970,60.6250,503,31.4375
diagnostic_saturation,run-1790522592015262494-52216-0,trial-0017-closed_loop-b4096-c256-ch8-rep2,4096,8,2,server,1600,450,28.1250,1227,76.6875
diagnostic_saturation,run-1790522592015262494-52216-0,trial-0018-closed_loop-b4096-c256-ch8-rep3,4096,8,3,client,1600,897,56.0625,557,34.8125
diagnostic_saturation,run-1790522592015262494-52216-0,trial-0018-closed_loop-b4096-c256-ch8-rep3,4096,8,3,server,1600,516,32.2500,1184,74.0000
