cohort,payload_bytes,channels,endpoint_role,metric,trial_count,median_trial_max,min_trial_max,max_trial_max
diagnostic_baseline,128,1,client,snapshot_max_recv_q_bytes,3,0.000,0.000,188.000
diagnostic_baseline,128,1,client,snapshot_max_send_q_bytes,3,0.000,0.000,199.000
diagnostic_baseline,128,1,client,snapshot_max_skmem_d_bytes,3,0.000,0.000,0.000
diagnostic_baseline,128,1,client,snapshot_max_skmem_r_bytes,3,0.000,0.000,1148.000
diagnostic_baseline,128,1,client,snapshot_max_skmem_rb_bytes,3,262720.000,262720.000,262720.000
diagnostic_baseline,128,1,client,snapshot_max_skmem_tb_bytes,3,2626560.000,2626560.000,2626560.000
diagnostic_baseline,128,1,client,snapshot_max_skmem_w_bytes,3,0.000,0.000,2119.000
diagnostic_baseline,128,1,server,snapshot_max_recv_q_bytes,3,0.000,0.000,0.000
diagnostic_baseline,128,1,server,snapshot_max_send_q_bytes,3,188.000,188.000,188.000
diagnostic_baseline,128,1,server,snapshot_max_skmem_d_bytes,3,0.000,0.000,0.000
diagnostic_baseline,128,1,server,snapshot_max_skmem_r_bytes,3,0.000,0.000,0.000
diagnostic_baseline,128,1,server,snapshot_max_skmem_rb_bytes,3,262696.000,262696.000,262696.000
diagnostic_baseline,128,1,server,snapshot_max_skmem_tb_bytes,3,2626560.000,2626560.000,2626560.000
diagnostic_baseline,128,1,server,snapshot_max_skmem_w_bytes,3,1148.000,1148.000,1148.000
diagnostic_baseline,4096,1,client,snapshot_max_recv_q_bytes,3,0.000,0.000,0.000
diagnostic_baseline,4096,1,client,snapshot_max_send_q_bytes,3,13.000,13.000,13.000
diagnostic_baseline,4096,1,client,snapshot_max_skmem_d_bytes,3,0.000,0.000,0.000
diagnostic_baseline,4096,1,client,snapshot_max_skmem_r_bytes,3,0.000,0.000,0.000
diagnostic_baseline,4096,1,client,snapshot_max_skmem_rb_bytes,3,163401.000,163401.000,163401.000
diagnostic_baseline,4096,1,client,snapshot_max_skmem_tb_bytes,3,2626560.000,2626560.000,2626560.000
diagnostic_baseline,4096,1,client,snapshot_max_skmem_w_bytes,3,973.000,973.000,973.000
diagnostic_baseline,4096,1,server,snapshot_max_recv_q_bytes,3,0.000,0.000,0.000
diagnostic_baseline,4096,1,server,snapshot_max_send_q_bytes,3,0.000,0.000,0.000
diagnostic_baseline,4096,1,server,snapshot_max_skmem_d_bytes,3,0.000,0.000,0.000
diagnostic_baseline,4096,1,server,snapshot_max_skmem_r_bytes,3,0.000,0.000,0.000
diagnostic_baseline,4096,1,server,snapshot_max_skmem_rb_bytes,3,164710.000,131072.000,164732.000
diagnostic_baseline,4096,1,server,snapshot_max_skmem_tb_bytes,3,2626560.000,2626560.000,2626560.000
diagnostic_baseline,4096,1,server,snapshot_max_skmem_w_bytes,3,0.000,0.000,0.000
diagnostic_saturation,128,1,client,snapshot_max_recv_q_bytes,3,32809.000,32264.000,33364.000
diagnostic_saturation,128,1,client,snapshot_max_send_q_bytes,3,22498.000,17734.000,22514.000
diagnostic_saturation,128,1,client,snapshot_max_skmem_d_bytes,3,0.000,0.000,0.000
diagnostic_saturation,128,1,client,snapshot_max_skmem_r_bytes,3,50125.000,47280.000,51651.000
diagnostic_saturation,128,1,client,snapshot_max_skmem_rb_bytes,3,627036.000,500174.000,701624.000
diagnostic_saturation,128,1,client,snapshot_max_skmem_tb_bytes,3,2626560.000,2626560.000,2626560.000
diagnostic_saturation,128,1,client,snapshot_max_skmem_w_bytes,3,44488.000,25386.000,52460.000
diagnostic_saturation,128,1,server,snapshot_max_recv_q_bytes,3,39800.000,29678.000,48192.000
diagnostic_saturation,128,1,server,snapshot_max_send_q_bytes,3,33809.000,32388.000,39690.000
diagnostic_saturation,128,1,server,snapshot_max_skmem_d_bytes,3,0.000,0.000,0.000
diagnostic_saturation,128,1,server,snapshot_max_skmem_r_bytes,3,50982.000,40760.000,59712.000
diagnostic_saturation,128,1,server,snapshot_max_skmem_rb_bytes,3,270627.000,204666.000,308640.000
diagnostic_saturation,128,1,server,snapshot_max_skmem_tb_bytes,3,2626560.000,2626560.000,2626560.000
diagnostic_saturation,128,1,server,snapshot_max_skmem_w_bytes,3,53467.000,34308.000,65070.000
diagnostic_saturation,128,4,client,snapshot_max_recv_q_bytes,3,12096.000,12084.000,12160.000
diagnostic_saturation,128,4,client,snapshot_max_send_q_bytes,3,12864.000,12864.000,12864.000
diagnostic_saturation,128,4,client,snapshot_max_skmem_d_bytes,3,0.000,0.000,1.000
diagnostic_saturation,128,4,client,snapshot_max_skmem_r_bytes,3,25278.000,20700.000,27123.000
diagnostic_saturation,128,4,client,snapshot_max_skmem_rb_bytes,3,325009.000,291965.000,334672.000
diagnostic_saturation,128,4,client,snapshot_max_skmem_tb_bytes,3,2626560.000,2626560.000,2626560.000
diagnostic_saturation,128,4,client,snapshot_max_skmem_w_bytes,3,50304.000,47289.000,54080.000
diagnostic_saturation,128,4,server,snapshot_max_recv_q_bytes,3,12864.000,12864.000,12864.000
diagnostic_saturation,128,4,server,snapshot_max_send_q_bytes,3,12160.000,12160.000,12173.000
diagnostic_saturation,128,4,server,snapshot_max_skmem_d_bytes,3,4.000,4.000,9.000
diagnostic_saturation,128,4,server,snapshot_max_skmem_r_bytes,3,76160.000,51200.000,76224.000
diagnostic_saturation,128,4,server,snapshot_max_skmem_rb_bytes,3,350202.000,345744.000,536357.000
diagnostic_saturation,128,4,server,snapshot_max_skmem_tb_bytes,3,2626560.000,2626560.000,2626560.000
diagnostic_saturation,128,4,server,snapshot_max_skmem_w_bytes,3,29100.000,20880.000,31580.000
diagnostic_saturation,128,8,client,snapshot_max_recv_q_bytes,3,6080.000,6080.000,6080.000
diagnostic_saturation,128,8,client,snapshot_max_send_q_bytes,3,6432.000,6432.000,6432.000
diagnostic_saturation,128,8,client,snapshot_max_skmem_d_bytes,3,0.000,0.000,0.000
diagnostic_saturation,128,8,client,snapshot_max_skmem_r_bytes,3,26427.000,21270.000,34880.000
diagnostic_saturation,128,8,client,snapshot_max_skmem_rb_bytes,3,391490.000,267871.000,411317.000
diagnostic_saturation,128,8,client,snapshot_max_skmem_tb_bytes,3,2626560.000,2626560.000,2626560.000
diagnostic_saturation,128,8,client,snapshot_max_skmem_w_bytes,3,39072.000,39072.000,39072.000
diagnostic_saturation,128,8,server,snapshot_max_recv_q_bytes,3,6432.000,6432.000,6445.000
diagnostic_saturation,128,8,server,snapshot_max_send_q_bytes,3,6080.000,6080.000,6080.000
diagnostic_saturation,128,8,server,snapshot_max_skmem_d_bytes,3,2.000,1.000,4.000
diagnostic_saturation,128,8,server,snapshot_max_skmem_r_bytes,3,39072.000,39072.000,41920.000
diagnostic_saturation,128,8,server,snapshot_max_skmem_rb_bytes,3,382891.000,376752.000,474417.000
diagnostic_saturation,128,8,server,snapshot_max_skmem_tb_bytes,3,2626560.000,2626560.000,2626560.000
diagnostic_saturation,128,8,server,snapshot_max_skmem_w_bytes,3,27600.000,23000.000,27600.000
diagnostic_saturation,4096,1,client,snapshot_max_recv_q_bytes,3,299440.000,283646.000,402403.000
diagnostic_saturation,4096,1,client,snapshot_max_send_q_bytes,3,422337.000,115765.000,935740.000
diagnostic_saturation,4096,1,client,snapshot_max_skmem_d_bytes,3,1.000,0.000,11.000
diagnostic_saturation,4096,1,client,snapshot_max_skmem_r_bytes,3,337022.000,309824.000,425660.000
diagnostic_saturation,4096,1,client,snapshot_max_skmem_rb_bytes,3,1335972.000,1316047.000,1420467.000
diagnostic_saturation,4096,1,client,snapshot_max_skmem_tb_bytes,3,2626560.000,2626560.000,2626560.000
diagnostic_saturation,4096,1,client,snapshot_max_skmem_w_bytes,3,427137.000,142645.000,949180.000
diagnostic_saturation,4096,1,server,snapshot_max_recv_q_bytes,3,419666.000,326016.000,618387.000
diagnostic_saturation,4096,1,server,snapshot_max_send_q_bytes,3,231560.000,152995.000,243965.000
diagnostic_saturation,4096,1,server,snapshot_max_skmem_d_bytes,3,209.000,34.000,349.000
diagnostic_saturation,4096,1,server,snapshot_max_skmem_r_bytes,3,436946.000,343223.000,652947.000
diagnostic_saturation,4096,1,server,snapshot_max_skmem_rb_bytes,3,534093.000,426240.000,1035976.000
diagnostic_saturation,4096,1,server,snapshot_max_skmem_tb_bytes,3,2626560.000,2626560.000,2626560.000
diagnostic_saturation,4096,1,server,snapshot_max_skmem_w_bytes,3,285320.000,188515.000,300605.000
diagnostic_saturation,4096,4,client,snapshot_max_recv_q_bytes,3,249540.000,228648.000,257577.000
diagnostic_saturation,4096,4,client,snapshot_max_send_q_bytes,3,266752.000,266752.000,266752.000
diagnostic_saturation,4096,4,client,snapshot_max_skmem_d_bytes,3,0.000,0.000,0.000
diagnostic_saturation,4096,4,client,snapshot_max_skmem_r_bytes,3,300617.000,268968.000,303657.000
diagnostic_saturation,4096,4,client,snapshot_max_skmem_rb_bytes,3,761143.000,740562.000,784474.000
diagnostic_saturation,4096,4,client,snapshot_max_skmem_tb_bytes,3,2626560.000,2626560.000,2626560.000
diagnostic_saturation,4096,4,client,snapshot_max_skmem_w_bytes,3,332992.000,330112.000,363712.000
diagnostic_saturation,4096,4,server,snapshot_max_recv_q_bytes,3,266765.000,266752.000,266829.000
diagnostic_saturation,4096,4,server,snapshot_max_send_q_bytes,3,161265.000,148860.000,199186.000
diagnostic_saturation,4096,4,server,snapshot_max_skmem_d_bytes,3,9.000,8.000,17.000
diagnostic_saturation,4096,4,server,snapshot_max_skmem_r_bytes,3,340864.000,336832.000,390592.000
diagnostic_saturation,4096,4,server,snapshot_max_skmem_rb_bytes,3,740144.000,669597.000,751425.000
diagnostic_saturation,4096,4,server,snapshot_max_skmem_tb_bytes,3,2626560.000,2626560.000,2626560.000
diagnostic_saturation,4096,4,server,snapshot_max_skmem_w_bytes,3,198705.000,183420.000,246226.000
diagnostic_saturation,4096,8,client,snapshot_max_recv_q_bytes,3,133024.000,133024.000,133037.000
diagnostic_saturation,4096,8,client,snapshot_max_send_q_bytes,3,133389.000,133389.000,133408.000
diagnostic_saturation,4096,8,client,snapshot_max_skmem_d_bytes,3,1.000,0.000,2.000
diagnostic_saturation,4096,8,client,snapshot_max_skmem_r_bytes,3,166637.000,166624.000,184877.000
diagnostic_saturation,4096,8,client,snapshot_max_skmem_rb_bytes,3,729614.000,543719.000,986325.000
diagnostic_saturation,4096,8,client,snapshot_max_skmem_tb_bytes,3,2626560.000,2626560.000,2626560.000
diagnostic_saturation,4096,8,client,snapshot_max_skmem_w_bytes,3,196736.000,196736.000,196736.000
diagnostic_saturation,4096,8,server,snapshot_max_recv_q_bytes,3,133408.000,133408.000,133421.000
diagnostic_saturation,4096,8,server,snapshot_max_send_q_bytes,3,133037.000,128867.000,133037.000
diagnostic_saturation,4096,8,server,snapshot_max_skmem_d_bytes,3,6.000,3.000,8.000
diagnostic_saturation,4096,8,server,snapshot_max_skmem_r_bytes,3,196736.000,196736.000,196768.000
diagnostic_saturation,4096,8,server,snapshot_max_skmem_rb_bytes,3,626048.000,573029.000,752753.000
diagnostic_saturation,4096,8,server,snapshot_max_skmem_tb_bytes,3,2626560.000,2626560.000,2626560.000
diagnostic_saturation,4096,8,server,snapshot_max_skmem_w_bytes,3,165677.000,159587.000,191597.000
