cohort,payload_bytes,channels,endpoint_role,counter_name,endpoint_flow_rows,median_delta_ms,min_delta_ms,max_delta_ms
diagnostic_baseline,128,1,client,busy_ms,3,114.000,24.000,147.000
diagnostic_baseline,128,1,server,busy_ms,3,19816.000,19807.000,19963.000
diagnostic_baseline,4096,1,client,busy_ms,3,91.000,89.000,125.000
diagnostic_baseline,4096,1,server,busy_ms,3,37.000,16.000,102.000
diagnostic_saturation,128,1,client,busy_ms,3,10669.000,10635.000,10726.000
diagnostic_saturation,128,1,server,busy_ms,3,9191.000,9177.000,9240.000
diagnostic_saturation,128,4,client,busy_ms,12,9769.500,9687.000,10017.000
diagnostic_saturation,128,4,server,busy_ms,12,7483.000,7389.000,7667.000
diagnostic_saturation,128,8,client,busy_ms,24,11003.000,10827.000,11355.000
diagnostic_saturation,128,8,server,busy_ms,24,6856.000,6654.000,7005.000
diagnostic_saturation,4096,1,client,busy_ms,3,10433.000,10180.000,10446.000
diagnostic_saturation,4096,1,client,rwnd_limited_ms,3,769.000,0.000,1213.000
diagnostic_saturation,4096,1,server,busy_ms,3,10066.000,9938.000,10179.000
diagnostic_saturation,4096,1,server,rwnd_limited_ms,2,0.000,0.000,0.000
diagnostic_saturation,4096,4,client,busy_ms,12,9890.500,9780.000,10106.000
diagnostic_saturation,4096,4,client,rwnd_limited_ms,10,0.000,0.000,0.000
diagnostic_saturation,4096,4,server,busy_ms,12,8734.000,8524.000,8847.000
diagnostic_saturation,4096,8,client,busy_ms,24,11641.000,11557.000,12269.000
diagnostic_saturation,4096,8,client,rwnd_limited_ms,12,0.000,0.000,0.000
diagnostic_saturation,4096,8,server,busy_ms,24,6035.000,5740.000,6216.000
