cohort,payload_bytes,channels,endpoint_role,counter_name,trial_count,median_trial_sum_delta,min_trial_sum_delta,max_trial_sum_delta
diagnostic_baseline,128,1,client,bytes_acked,3,397801,397602,397801
diagnostic_baseline,128,1,client,bytes_received,3,376272,376084,376272
diagnostic_baseline,128,1,client,bytes_sent,3,397801,397602,397801
diagnostic_baseline,128,1,client,data_segs_in,3,1999,1998,1999
diagnostic_baseline,128,1,client,data_segs_out,3,3998,3996,3998
diagnostic_baseline,128,1,client,delivered,3,3998,3996,3998
diagnostic_baseline,128,1,client,segs_in,3,3998,3996,3998
diagnostic_baseline,128,1,client,segs_out,3,3998,3996,3998
diagnostic_baseline,128,1,server,bytes_acked,3,376272,376272,376272
diagnostic_baseline,128,1,server,bytes_received,3,397801,397801,397801
diagnostic_baseline,128,1,server,bytes_sent,3,376272,376272,376272
diagnostic_baseline,128,1,server,data_segs_in,3,3998,3998,3998
diagnostic_baseline,128,1,server,data_segs_out,3,1999,1999,1999
diagnostic_baseline,128,1,server,delivered,3,1999,1999,1999
diagnostic_baseline,128,1,server,segs_in,3,3998,3998,3998
diagnostic_baseline,128,1,server,segs_out,3,3998,3998,3998
diagnostic_baseline,4096,1,client,bytes_acked,3,8329885,8329885,8329885
diagnostic_baseline,4096,1,client,bytes_received,3,8308616,8308616,8308616
diagnostic_baseline,4096,1,client,bytes_sent,3,8329885,8329885,8329885
diagnostic_baseline,4096,1,client,data_segs_in,3,4022,4022,4022
diagnostic_baseline,4096,1,client,data_segs_out,3,6001,6001,6001
diagnostic_baseline,4096,1,client,delivered,3,6001,6001,6001
diagnostic_baseline,4096,1,client,segs_in,3,6025,6025,6025
diagnostic_baseline,4096,1,client,segs_out,3,8000,8000,8000
diagnostic_baseline,4096,1,server,bytes_acked,3,8308616,8308616,8308616
diagnostic_baseline,4096,1,server,bytes_received,3,8329885,8329885,8329885
diagnostic_baseline,4096,1,server,bytes_sent,3,8308616,8308616,8308616
diagnostic_baseline,4096,1,server,data_segs_in,3,6001,6001,6001
diagnostic_baseline,4096,1,server,data_segs_out,3,4022,4022,4022
diagnostic_baseline,4096,1,server,delivered,3,4022,4022,4022
diagnostic_baseline,4096,1,server,segs_in,3,8000,8000,8000
diagnostic_baseline,4096,1,server,segs_out,3,6025,6025,6025
diagnostic_saturation,128,1,client,bytes_acked,3,311982433,309663923,315795194
diagnostic_saturation,128,1,client,bytes_received,3,294859196,292686765,298479405
diagnostic_saturation,128,1,client,bytes_sent,3,311982433,309663565,315794162
diagnostic_saturation,128,1,client,data_segs_in,3,405545,400017,405629
diagnostic_saturation,128,1,client,data_segs_out,3,242596,238240,244316
diagnostic_saturation,128,1,client,delivered,3,242597,238240,244317
diagnostic_saturation,128,1,client,segs_in,3,427631,422908,428318
diagnostic_saturation,128,1,client,segs_out,3,280825,275547,282589
diagnostic_saturation,128,1,server,bytes_acked,3,294842009,292680729,298508524
diagnostic_saturation,128,1,server,bytes_received,3,311944433,309656807,315870908
diagnostic_saturation,128,1,server,bytes_sent,3,294841997,292680918,298508524
diagnostic_saturation,128,1,server,data_segs_in,3,242624,238224,244294
diagnostic_saturation,128,1,server,data_segs_out,3,405533,399972,405679
diagnostic_saturation,128,1,server,delivered,3,405532,399973,405679
diagnostic_saturation,128,1,server,segs_in,3,280859,275528,282567
diagnostic_saturation,128,1,server,segs_out,3,427618,422860,428373
diagnostic_saturation,128,4,client,bytes_acked,3,553733042,546685076,569527073
diagnostic_saturation,128,4,client,bytes_received,3,523384713,516713682,538320279
diagnostic_saturation,128,4,client,bytes_retrans,3,1741,633,1906
diagnostic_saturation,128,4,client,bytes_sent,3,553724878,546685709,569518202
diagnostic_saturation,128,4,client,data_segs_in,3,882605,873646,907831
diagnostic_saturation,128,4,client,data_segs_out,3,1048477,1033868,1076949
diagnostic_saturation,128,4,client,delivered,3,1048536,1033869,1076976
diagnostic_saturation,128,4,client,segs_in,3,957172,947001,984565
diagnostic_saturation,128,4,client,segs_out,3,1160154,1145556,1193247
diagnostic_saturation,128,4,server,bytes_acked,3,523414945,516820490,538227991
diagnostic_saturation,128,4,server,bytes_received,3,553736042,546787518,569420995
diagnostic_saturation,128,4,server,bytes_retrans,1,0,0,0
diagnostic_saturation,128,4,server,bytes_sent,3,523415898,516815765,538228047
diagnostic_saturation,128,4,server,data_segs_in,3,1048560,1034066,1076793
diagnostic_saturation,128,4,server,data_segs_out,3,882612,873810,907589
diagnostic_saturation,128,4,server,delivered,3,882610,873816,907591
diagnostic_saturation,128,4,server,segs_in,3,1160240,1145774,1193068
diagnostic_saturation,128,4,server,segs_out,3,957183,947180,984313
diagnostic_saturation,128,8,client,bytes_acked,3,594954355,549890141,615741674
diagnostic_saturation,128,8,client,bytes_received,3,562355529,519756985,582005097
diagnostic_saturation,128,8,client,bytes_retrans,2,1034,0,2067
diagnostic_saturation,128,8,client,bytes_sent,3,594955102,549885495,615729674
diagnostic_saturation,128,8,client,data_segs_in,3,1508088,1378597,1563345
diagnostic_saturation,128,8,client,data_segs_out,3,1819841,1684146,1873605
diagnostic_saturation,128,8,client,delivered,3,1819845,1684182,1873659
diagnostic_saturation,128,8,client,segs_in,3,1650888,1511601,1710539
diagnostic_saturation,128,8,client,segs_out,3,2018342,1867670,2078934
diagnostic_saturation,128,8,server,bytes_acked,3,562360635,519791738,582033611
diagnostic_saturation,128,8,server,bytes_received,3,594938647,549933473,615762264
diagnostic_saturation,128,8,server,bytes_sent,3,562353274,519796108,582029289
diagnostic_saturation,128,8,server,data_segs_in,3,1819820,1684262,1873758
diagnostic_saturation,128,8,server,data_segs_out,3,1508050,1378728,1563418
diagnostic_saturation,128,8,server,delivered,3,1508055,1378727,1563429
diagnostic_saturation,128,8,server,segs_in,3,2018315,1867799,2079092
diagnostic_saturation,128,8,server,segs_out,3,1650850,1511745,1710614
diagnostic_saturation,4096,1,client,bytes_acked,3,3689585445,3588788090,3690192434
diagnostic_saturation,4096,1,client,bytes_received,3,3680688628,3580229344,3681413283
diagnostic_saturation,4096,1,client,bytes_retrans,3,1662754,0,2365790
diagnostic_saturation,4096,1,client,bytes_sent,3,3690192434,3591149763,3691244082
diagnostic_saturation,4096,1,client,data_segs_in,3,901839,878059,903914
diagnostic_saturation,4096,1,client,data_segs_out,3,834384,802590,903816
diagnostic_saturation,4096,1,client,delivered,3,834232,802451,903816
diagnostic_saturation,4096,1,client,segs_in,3,1128465,1094392,1140132
diagnostic_saturation,4096,1,client,segs_out,3,1052609,1020412,1125656
diagnostic_saturation,4096,1,server,bytes_acked,3,3679624423,3578457967,3681467495
diagnostic_saturation,4096,1,server,bytes_received,3,3689387191,3587166128,3690217232
diagnostic_saturation,4096,1,server,bytes_retrans,2,0,0,0
diagnostic_saturation,4096,1,server,bytes_sent,3,3679624423,3578457967,3681467495
diagnostic_saturation,4096,1,server,data_segs_in,3,834335,802226,903823
diagnostic_saturation,4096,1,server,data_segs_out,3,901582,877628,903927
diagnostic_saturation,4096,1,server,delivered,3,901582,877628,903927
diagnostic_saturation,4096,1,server,segs_in,3,1052462,1019971,1125669
diagnostic_saturation,4096,1,server,segs_out,3,1128189,1093892,1140149
diagnostic_saturation,4096,4,client,bytes_acked,3,7060105880,7027658320,7306423750
diagnostic_saturation,4096,4,client,bytes_received,3,7042243340,7009699342,7287915065
diagnostic_saturation,4096,4,client,bytes_retrans,3,153,135,1341
diagnostic_saturation,4096,4,client,bytes_sent,3,7060036746,7027471855,7306399120
diagnostic_saturation,4096,4,client,data_segs_in,3,2259256,2250480,2344668
diagnostic_saturation,4096,4,client,data_segs_out,3,2277461,2261810,2349435
diagnostic_saturation,4096,4,client,delivered,3,2277487,2261858,2349448
diagnostic_saturation,4096,4,client,segs_in,3,2461093,2456800,2559140
diagnostic_saturation,4096,4,client,segs_out,3,2725984,2693786,2802749
diagnostic_saturation,4096,4,server,bytes_acked,3,7044953831,7010489017,7289432897
diagnostic_saturation,4096,4,server,bytes_received,3,7062390111,7028164919,7307759077
diagnostic_saturation,4096,4,server,bytes_sent,3,7044949651,7010468262,7289387472
diagnostic_saturation,4096,4,server,data_segs_in,3,2278209,2262033,2349922
diagnostic_saturation,4096,4,server,data_segs_out,3,2260095,2250740,2345133
diagnostic_saturation,4096,4,server,delivered,3,2260099,2250748,2345153
diagnostic_saturation,4096,4,server,segs_in,3,2726927,2694044,2803321
diagnostic_saturation,4096,4,server,segs_out,3,2461992,2457067,2559658
diagnostic_saturation,4096,8,client,bytes_acked,3,7198819723,7081478892,7374007339
diagnostic_saturation,4096,8,client,bytes_received,3,7180899480,7063711432,7355452004
diagnostic_saturation,4096,8,client,bytes_retrans,3,45,18,126
diagnostic_saturation,4096,8,client,bytes_sent,3,7198695073,7081262753,7373874106
diagnostic_saturation,4096,8,client,data_segs_in,3,2582543,2553332,2669088
diagnostic_saturation,4096,8,client,data_segs_out,3,2712644,2694454,2791476
diagnostic_saturation,4096,8,client,delivered,3,2712686,2694521,2791543
diagnostic_saturation,4096,8,client,segs_in,3,2733650,2708397,2824670
diagnostic_saturation,4096,8,client,segs_out,3,3198982,3148791,3266029
diagnostic_saturation,4096,8,server,bytes_acked,3,7181635357,7063893940,7355410184
diagnostic_saturation,4096,8,server,bytes_received,3,7199561837,7081540524,7373723358
diagnostic_saturation,4096,8,server,bytes_sent,3,7181635347,7063865331,7355389689
diagnostic_saturation,4096,8,server,data_segs_in,3,2712930,2694540,2791411
diagnostic_saturation,4096,8,server,data_segs_out,3,2582780,2553413,2669059
diagnostic_saturation,4096,8,server,delivered,3,2582781,2553425,2669061
diagnostic_saturation,4096,8,server,segs_in,3,3199322,3148878,3265967
diagnostic_saturation,4096,8,server,segs_out,3,2733908,2708487,2824640
