cohort,run_id,trial,mode,payload_bytes,concurrency,channels,repetition,issued,completed,completed_rps,e2e_p50_ns,e2e_p95_ns,e2e_p99_ns,client_cpu_core_equiv,server_cpu_core_equiv,client_cpu_ns,server_cpu_ns,server_cpu_start_offset_ns,server_cpu_end_offset_ns,legacy_tcp_sampled_max_send_q,legacy_tcp_sampled_max_recv_q,measurement_loopback_rx_bytes,measurement_loopback_tx_bytes,measurement_loopback_rx_packets,measurement_loopback_tx_packets,per_core_cpu_softirq_delta
kernel_off_bracket_before,run-1790522295855558216-46450-0,trial-0001-closed_loop-b128-c256-ch1-rep1,closed_loop,128,256,1,1,1543515,1543515,77171.459050797,3102981,5423066,6251667,1.821320953,1.832861738,36428444471,36660000000,-239027,157615,43470,24407,636681925,636681925,692758,692758,"cpu0:busy_pct=39.286,softirq_pct=1.155,ticks=1904;cpu1:busy_pct=34.463,softirq_pct=0.886,ticks=1918;cpu10:busy_pct=18.367,softirq_pct=0.612,ticks=1960;cpu11:busy_pct=46.674,softirq_pct=1.908,ticks=1939;cpu12:busy_pct=25.168,softirq_pct=0.825,ticks=1939;cpu13:busy_pct=17.128,softirq_pct=0.667,ticks=1950;cpu14:busy_pct=2.104,softirq_pct=0.000,ticks=1996;cpu15:busy_pct=2.107,softirq_pct=0.000,ticks=1993;cpu2:busy_pct=23.660,softirq_pct=0.670,ticks=1940;cpu3:busy_pct=46.916,softirq_pct=2.125,ticks=1929;cpu4:busy_pct=33.788,softirq_pct=1.207,ticks=1906;cpu5:busy_pct=20.535,softirq_pct=0.772,ticks=1943;cpu6:busy_pct=1.957,softirq_pct=0.000,ticks=1993;cpu7:busy_pct=2.259,softirq_pct=0.000,ticks=1992;cpu8:busy_pct=45.531,softirq_pct=1.411,ticks=1913;cpu9:busy_pct=28.645,softirq_pct=0.876,ticks=1941"
kernel_off_bracket_before,run-1790522295855558216-46450-0,trial-0002-closed_loop-b128-c256-ch8-rep1,closed_loop,128,256,8,1,2971626,2971626,148569.993162384,1685606,2864465,3475188,2.821385995,2.923719010,56432014301,58480000000,-242945,157104,6432,6432,1348368663,1348368663,3636408,3636408,"cpu0:busy_pct=25.742,softirq_pct=2.456,ticks=1954;cpu1:busy_pct=43.443,softirq_pct=4.253,ticks=1975;cpu10:busy_pct=20.000,softirq_pct=1.864,ticks=1985;cpu11:busy_pct=91.552,softirq_pct=6.921,ticks=1965;cpu12:busy_pct=68.138,softirq_pct=6.443,ticks=1971;cpu13:busy_pct=14.164,softirq_pct=1.256,ticks=1991;cpu14:busy_pct=3.009,softirq_pct=0.000,ticks=1994;cpu15:busy_pct=3.557,softirq_pct=0.000,ticks=1996;cpu2:busy_pct=53.622,softirq_pct=5.153,ticks=1960;cpu3:busy_pct=33.030,softirq_pct=2.529,ticks=1977;cpu4:busy_pct=32.863,softirq_pct=2.722,ticks=1984;cpu5:busy_pct=60.638,softirq_pct=5.876,ticks=1974;cpu6:busy_pct=3.156,softirq_pct=0.050,ticks=1996;cpu7:busy_pct=3.715,softirq_pct=0.000,ticks=1992;cpu8:busy_pct=83.257,softirq_pct=7.680,ticks=1953;cpu9:busy_pct=64.490,softirq_pct=6.071,ticks=1960"
kernel_off_bracket_before,run-1790522295855558216-46450-0,trial-0003-closed_loop-b4096-c256-ch1-rep1,closed_loop,4096,256,1,1,866675,866675,43328.377237894,5896794,8287000,9496135,1.682183436,1.606772731,33647840569,32140000000,-227256,121608,99240,321843,7329112071,7329112071,2161892,2161892,"cpu0:busy_pct=43.949,softirq_pct=3.662,ticks=1884;cpu1:busy_pct=35.452,softirq_pct=2.941,ticks=1904;cpu10:busy_pct=6.061,softirq_pct=0.354,ticks=1980;cpu11:busy_pct=25.640,softirq_pct=2.712,ticks=1954;cpu12:busy_pct=33.298,softirq_pct=3.408,ticks=1907;cpu13:busy_pct=20.778,softirq_pct=1.791,ticks=1954;cpu14:busy_pct=2.605,softirq_pct=0.050,ticks=1996;cpu15:busy_pct=2.962,softirq_pct=0.050,ticks=1992;cpu2:busy_pct=18.715,softirq_pct=1.388,ticks=1945;cpu3:busy_pct=27.655,softirq_pct=3.130,ticks=1949;cpu4:busy_pct=34.085,softirq_pct=3.618,ticks=1907;cpu5:busy_pct=25.761,softirq_pct=2.478,ticks=1937;cpu6:busy_pct=2.257,softirq_pct=0.000,ticks=1994;cpu7:busy_pct=2.962,softirq_pct=0.000,ticks=1992;cpu8:busy_pct=51.805,softirq_pct=4.193,ticks=1884;cpu9:busy_pct=19.333,softirq_pct=1.333,ticks=1950"
kernel_off_bracket_before,run-1790522295855558216-46450-0,trial-0004-closed_loop-b4096-c256-ch8-rep1,closed_loop,4096,256,8,1,1805498,1805498,90264.131295069,2772432,4825778,5793852,2.881691132,2.947589380,57640698469,58960000000,-233057,167043,133408,133408,15355482886,15355482886,6226359,6226359,"cpu0:busy_pct=48.824,softirq_pct=7.362,ticks=1956;cpu1:busy_pct=44.033,softirq_pct=6.348,ticks=1969;cpu10:busy_pct=20.402,softirq_pct=2.764,ticks=1990;cpu11:busy_pct=87.360,softirq_pct=11.015,ticks=1970;cpu12:busy_pct=72.419,softirq_pct=11.184,ticks=1976;cpu13:busy_pct=20.513,softirq_pct=2.866,ticks=1989;cpu14:busy_pct=2.811,softirq_pct=0.000,ticks=1992;cpu15:busy_pct=4.580,softirq_pct=0.000,ticks=1987;cpu2:busy_pct=54.365,softirq_pct=8.122,ticks=1970;cpu3:busy_pct=42.360,softirq_pct=5.951,ticks=1983;cpu4:busy_pct=28.636,softirq_pct=3.875,ticks=1987;cpu5:busy_pct=53.485,softirq_pct=8.283,ticks=1980;cpu6:busy_pct=2.916,softirq_pct=0.000,ticks=1989;cpu7:busy_pct=3.365,softirq_pct=0.000,ticks=1991;cpu8:busy_pct=70.233,softirq_pct=10.649,ticks=1972;cpu9:busy_pct=59.838,softirq_pct=8.925,ticks=1972"
diagnostic_baseline,run-1790522417558086197-48161-0,trial-0001-fixed_rate-b128-c1-ch1-rep1,fixed_rate,128,1,1,1,2000,2000,100.043573503,117691,167092,322323,0.017763995,0.007002944,355125153,140000000,-163155,140182,188,0,1575425,1575425,11268,11268,"cpu0:busy_pct=2.632,softirq_pct=0.000,ticks=1976;cpu1:busy_pct=1.763,softirq_pct=0.000,ticks=1985;cpu10:busy_pct=1.208,softirq_pct=0.000,ticks=1986;cpu11:busy_pct=2.356,softirq_pct=0.050,ticks=1995;cpu12:busy_pct=1.407,softirq_pct=0.000,ticks=1990;cpu13:busy_pct=1.548,softirq_pct=0.000,ticks=2003;cpu14:busy_pct=3.248,softirq_pct=0.000,ticks=2001;cpu15:busy_pct=6.667,softirq_pct=0.000,ticks=1995;cpu2:busy_pct=1.407,softirq_pct=0.000,ticks=1990;cpu3:busy_pct=2.365,softirq_pct=0.000,ticks=1987;cpu4:busy_pct=1.254,softirq_pct=0.000,ticks=1994;cpu5:busy_pct=0.703,softirq_pct=0.000,ticks=1991;cpu6:busy_pct=2.906,softirq_pct=0.000,ticks=1996;cpu7:busy_pct=11.251,softirq_pct=0.000,ticks=1991;cpu8:busy_pct=2.012,softirq_pct=0.050,ticks=1988;cpu9:busy_pct=1.506,softirq_pct=0.050,ticks=1992"
diagnostic_baseline,run-1790522417558086197-48161-0,trial-0002-fixed_rate-b128-c1-ch1-rep2,fixed_rate,128,1,1,2,2000,2000,100.044285153,116808,175899,262992,0.018172822,0.007002989,363295563,140000000,-149991,167975,199,188,1597063,1597063,11411,11411,"cpu0:busy_pct=3.891,softirq_pct=0.000,ticks=1979;cpu1:busy_pct=1.961,softirq_pct=0.000,ticks=1989;cpu10:busy_pct=1.707,softirq_pct=0.000,ticks=1992;cpu11:busy_pct=3.156,softirq_pct=0.100,ticks=1996;cpu12:busy_pct=0.852,softirq_pct=0.000,ticks=1995;cpu13:busy_pct=0.752,softirq_pct=0.000,ticks=1996;cpu14:busy_pct=3.000,softirq_pct=0.000,ticks=2000;cpu15:busy_pct=6.106,softirq_pct=0.000,ticks=1998;cpu2:busy_pct=1.608,softirq_pct=0.000,ticks=1990;cpu3:busy_pct=2.818,softirq_pct=0.151,ticks=1987;cpu4:busy_pct=1.498,softirq_pct=0.000,ticks=2003;cpu5:busy_pct=1.494,softirq_pct=0.000,ticks=2008;cpu6:busy_pct=3.000,softirq_pct=0.000,ticks=2000;cpu7:busy_pct=11.924,softirq_pct=0.000,ticks=1996;cpu8:busy_pct=2.211,softirq_pct=0.000,ticks=1990;cpu9:busy_pct=2.358,softirq_pct=0.050,ticks=1993"
diagnostic_baseline,run-1790522417558086197-48161-0,trial-0003-fixed_rate-b128-c1-ch1-rep3,fixed_rate,128,1,1,3,2000,2000,100.043255107,122199,168546,302306,0.017771528,0.007002915,355276880,140000000,-163817,158287,188,0,1574345,1574345,11278,11278,"cpu0:busy_pct=2.981,softirq_pct=0.101,ticks=1979;cpu1:busy_pct=1.706,softirq_pct=0.000,ticks=1993;cpu10:busy_pct=1.404,softirq_pct=0.000,ticks=1995;cpu11:busy_pct=1.854,softirq_pct=0.000,ticks=1996;cpu12:busy_pct=1.404,softirq_pct=0.050,ticks=1994;cpu13:busy_pct=1.102,softirq_pct=0.050,ticks=1996;cpu14:busy_pct=2.904,softirq_pct=0.000,ticks=1997;cpu15:busy_pct=6.009,softirq_pct=0.000,ticks=1997;cpu2:busy_pct=1.303,softirq_pct=0.050,ticks=1995;cpu3:busy_pct=2.306,softirq_pct=0.000,ticks=1995;cpu4:busy_pct=1.552,softirq_pct=0.050,ticks=1997;cpu5:busy_pct=1.152,softirq_pct=0.000,ticks=1996;cpu6:busy_pct=4.254,softirq_pct=0.050,ticks=1998;cpu7:busy_pct=11.334,softirq_pct=0.000,ticks=1994;cpu8:busy_pct=2.259,softirq_pct=0.050,ticks=1992;cpu9:busy_pct=1.803,softirq_pct=0.000,ticks=1997"
diagnostic_baseline,run-1790522417558086197-48161-0,trial-0004-fixed_rate-b4096-c1-ch1-rep1,fixed_rate,4096,1,1,1,2000,2000,100.046045112,128992,183534,262662,0.020697024,0.007503338,413749972,150000000,-170960,135714,13,0,17762420,17762420,17340,17340,"cpu0:busy_pct=2.730,softirq_pct=0.000,ticks=1978;cpu1:busy_pct=1.557,softirq_pct=0.000,ticks=1991;cpu10:busy_pct=1.656,softirq_pct=0.050,ticks=1993;cpu11:busy_pct=2.060,softirq_pct=0.000,ticks=1990;cpu12:busy_pct=0.851,softirq_pct=0.000,ticks=1997;cpu13:busy_pct=0.902,softirq_pct=0.000,ticks=1995;cpu14:busy_pct=3.654,softirq_pct=0.000,ticks=1998;cpu15:busy_pct=6.269,softirq_pct=0.000,ticks=1994;cpu2:busy_pct=1.406,softirq_pct=0.000,ticks=1992;cpu3:busy_pct=2.267,softirq_pct=0.151,ticks=1985;cpu4:busy_pct=1.704,softirq_pct=0.000,ticks=1995;cpu5:busy_pct=1.052,softirq_pct=0.000,ticks=1996;cpu6:busy_pct=3.308,softirq_pct=0.000,ticks=1995;cpu7:busy_pct=11.145,softirq_pct=0.000,ticks=1992;cpu8:busy_pct=2.012,softirq_pct=0.050,ticks=1988;cpu9:busy_pct=1.605,softirq_pct=0.000,ticks=1994"
diagnostic_baseline,run-1790522417558086197-48161-0,trial-0005-fixed_rate-b4096-c1-ch1-rep2,fixed_rate,4096,1,1,2,2000,2000,100.045452695,135133,188763,327444,0.021974897,0.007503293,439298277,150000000,-151083,157094,13,0,17769132,17769132,17379,17379,"cpu0:busy_pct=3.386,softirq_pct=0.051,ticks=1979;cpu1:busy_pct=2.313,softirq_pct=0.050,ticks=1989;cpu10:busy_pct=1.708,softirq_pct=0.050,ticks=1991;cpu11:busy_pct=2.565,softirq_pct=0.000,ticks=1988;cpu12:busy_pct=0.802,softirq_pct=0.050,ticks=1994;cpu13:busy_pct=0.752,softirq_pct=0.050,ticks=1995;cpu14:busy_pct=2.900,softirq_pct=0.000,ticks=2000;cpu15:busy_pct=5.906,softirq_pct=0.000,ticks=1998;cpu2:busy_pct=2.163,softirq_pct=0.000,ticks=1988;cpu3:busy_pct=2.925,softirq_pct=0.050,ticks=1983;cpu4:busy_pct=0.904,softirq_pct=0.000,ticks=1991;cpu5:busy_pct=0.652,softirq_pct=0.050,ticks=1995;cpu6:busy_pct=2.901,softirq_pct=0.000,ticks=1999;cpu7:busy_pct=11.267,softirq_pct=0.000,ticks=1997;cpu8:busy_pct=2.363,softirq_pct=0.050,ticks=1989;cpu9:busy_pct=1.810,softirq_pct=0.000,ticks=1989"
diagnostic_baseline,run-1790522417558086197-48161-0,trial-0006-fixed_rate-b4096-c1-ch1-rep3,fixed_rate,4096,1,1,3,2000,2000,100.041921807,131627,205956,267902,0.020023806,0.008003243,400308307,160000000,-144090,133630,13,0,17731227,17731227,17037,17037,"cpu0:busy_pct=2.577,softirq_pct=0.051,ticks=1979;cpu1:busy_pct=2.061,softirq_pct=0.000,ticks=1989;cpu10:busy_pct=1.508,softirq_pct=0.000,ticks=1990;cpu11:busy_pct=2.315,softirq_pct=0.050,ticks=1987;cpu12:busy_pct=1.004,softirq_pct=0.000,ticks=1993;cpu13:busy_pct=0.752,softirq_pct=0.000,ticks=1996;cpu14:busy_pct=3.248,softirq_pct=0.000,ticks=2001;cpu15:busy_pct=5.903,softirq_pct=0.000,ticks=1999;cpu2:busy_pct=1.709,softirq_pct=0.050,ticks=1989;cpu3:busy_pct=2.928,softirq_pct=0.050,ticks=1981;cpu4:busy_pct=1.204,softirq_pct=0.000,ticks=1994;cpu5:busy_pct=0.701,softirq_pct=0.000,ticks=1996;cpu6:busy_pct=3.205,softirq_pct=0.000,ticks=1997;cpu7:busy_pct=11.384,softirq_pct=0.000,ticks=1994;cpu8:busy_pct=2.310,softirq_pct=0.050,ticks=1991;cpu9:busy_pct=1.609,softirq_pct=0.000,ticks=1989"
diagnostic_saturation,run-1790522592015262494-52216-0,trial-0001-closed_loop-b128-c256-ch1-rep1,closed_loop,128,256,1,1,1548780,1548780,77431.277577366,3092403,5436955,6242665,1.801681138,1.885340835,36037216488,37750000000,-379010,20531114,33809,48192,639765534,639765534,713307,713307,"cpu0:busy_pct=38.378,softirq_pct=1.144,ticks=1923;cpu1:busy_pct=31.522,softirq_pct=1.035,ticks=1932;cpu10:busy_pct=14.830,softirq_pct=0.457,ticks=1969;cpu11:busy_pct=45.026,softirq_pct=1.813,ticks=1930;cpu12:busy_pct=25.800,softirq_pct=0.826,ticks=1938;cpu13:busy_pct=20.942,softirq_pct=0.819,ticks=1953;cpu14:busy_pct=7.480,softirq_pct=0.000,ticks=1992;cpu15:busy_pct=7.970,softirq_pct=0.000,ticks=1995;cpu2:busy_pct=24.141,softirq_pct=0.718,ticks=1951;cpu3:busy_pct=44.920,softirq_pct=2.063,ticks=1939;cpu4:busy_pct=33.664,softirq_pct=1.359,ticks=1913;cpu5:busy_pct=25.786,softirq_pct=0.980,ticks=1939;cpu6:busy_pct=6.520,softirq_pct=0.000,ticks=1994;cpu7:busy_pct=8.325,softirq_pct=0.000,ticks=1994;cpu8:busy_pct=46.625,softirq_pct=1.256,ticks=1911;cpu9:busy_pct=32.303,softirq_pct=0.824,ticks=1941"
diagnostic_saturation,run-1790522592015262494-52216-0,trial-0002-closed_loop-b128-c256-ch1-rep2,closed_loop,128,256,1,2,1560813,1560813,78033.881161670,3068098,5374078,6199885,1.839493215,1.848398071,36793055538,37010000000,-393137,20615272,39690,32809,643852941,643852941,701818,701818,"cpu0:busy_pct=42.611,softirq_pct=1.201,ticks=1915;cpu1:busy_pct=36.897,softirq_pct=0.986,ticks=1927;cpu10:busy_pct=16.675,softirq_pct=0.558,ticks=1973;cpu11:busy_pct=43.946,softirq_pct=1.597,ticks=1941;cpu12:busy_pct=27.915,softirq_pct=1.135,ticks=1938;cpu13:busy_pct=23.717,softirq_pct=0.924,ticks=1948;cpu14:busy_pct=6.850,softirq_pct=0.050,ticks=2000;cpu15:busy_pct=7.970,softirq_pct=0.000,ticks=1995;cpu2:busy_pct=22.943,softirq_pct=0.562,ticks=1957;cpu3:busy_pct=44.858,softirq_pct=1.964,ticks=1935;cpu4:busy_pct=28.283,softirq_pct=1.241,ticks=1934;cpu5:busy_pct=23.629,softirq_pct=0.974,ticks=1951;cpu6:busy_pct=6.713,softirq_pct=0.000,ticks=1996;cpu7:busy_pct=8.229,softirq_pct=0.000,ticks=1993;cpu8:busy_pct=44.659,softirq_pct=1.251,ticks=1919;cpu9:busy_pct=28.946,softirq_pct=0.823,ticks=1945"
diagnostic_saturation,run-1790522592015262494-52216-0,trial-0003-closed_loop-b128-c256-ch1-rep3,closed_loop,128,256,1,3,1579840,1579840,78983.459080211,3042150,5260816,6097193,1.830365637,1.823248291,36611271295,36510000000,-385632,22151633,32388,39800,651803426,651803426,712421,712421,"cpu0:busy_pct=33.316,softirq_pct=0.832,ticks=1924;cpu1:busy_pct=38.454,softirq_pct=1.194,ticks=1927;cpu10:busy_pct=19.164,softirq_pct=0.459,ticks=1962;cpu11:busy_pct=48.658,softirq_pct=2.064,ticks=1938;cpu12:busy_pct=23.148,softirq_pct=0.823,ticks=1944;cpu13:busy_pct=18.568,softirq_pct=0.870,ticks=1955;cpu14:busy_pct=6.021,softirq_pct=0.000,ticks=1993;cpu15:busy_pct=7.608,softirq_pct=0.050,ticks=1998;cpu2:busy_pct=21.505,softirq_pct=0.563,ticks=1953;cpu3:busy_pct=49.408,softirq_pct=2.112,ticks=1941;cpu4:busy_pct=28.490,softirq_pct=1.090,ticks=1927;cpu5:busy_pct=22.023,softirq_pct=0.873,ticks=1948;cpu6:busy_pct=5.371,softirq_pct=0.000,ticks=1992;cpu7:busy_pct=9.674,softirq_pct=0.050,ticks=1995;cpu8:busy_pct=48.801,softirq_pct=1.408,ticks=1918;cpu9:busy_pct=33.145,softirq_pct=0.875,ticks=1943"
diagnostic_saturation,run-1790522592015262494-52216-0,trial-0004-closed_loop-b128-c256-ch4-rep1,closed_loop,128,256,4,1,2728737,2728737,136425.352037224,1804281,3011893,3814406,2.655791990,2.777584615,53120316416,55620000000,-344926,22561952,12864,12864,1173274150,1173274150,2096647,2096647,"cpu0:busy_pct=51.940,softirq_pct=3.621,ticks=1933;cpu1:busy_pct=46.632,softirq_pct=3.136,ticks=1945;cpu10:busy_pct=22.278,softirq_pct=1.210,ticks=1984;cpu11:busy_pct=78.370,softirq_pct=4.049,ticks=1951;cpu12:busy_pct=49.771,softirq_pct=2.850,ticks=1965;cpu13:busy_pct=16.817,softirq_pct=0.853,ticks=1992;cpu14:busy_pct=4.755,softirq_pct=0.000,ticks=1998;cpu15:busy_pct=7.769,softirq_pct=0.000,ticks=1995;cpu2:busy_pct=30.977,softirq_pct=1.984,ticks=1966;cpu3:busy_pct=66.786,softirq_pct=3.827,ticks=1960;cpu4:busy_pct=43.534,softirq_pct=2.546,ticks=1964;cpu5:busy_pct=31.850,softirq_pct=1.871,ticks=1978;cpu6:busy_pct=3.355,softirq_pct=0.000,ticks=1997;cpu7:busy_pct=18.897,softirq_pct=0.000,ticks=1995;cpu8:busy_pct=70.582,softirq_pct=4.637,ticks=1941;cpu9:busy_pct=55.584,softirq_pct=3.519,ticks=1961"
diagnostic_saturation,run-1790522592015262494-52216-0,trial-0005-closed_loop-b128-c256-ch4-rep2,closed_loop,128,256,4,2,2841011,2841011,142043.759569665,1739069,2881720,3545673,2.656105660,2.811007291,53124652719,56290000000,-368921,23525208,12864,12864,1221644761,1221644761,2181233,2181233,"cpu0:busy_pct=41.521,softirq_pct=2.672,ticks=1946;cpu1:busy_pct=45.645,softirq_pct=2.818,ticks=1952;cpu10:busy_pct=15.819,softirq_pct=0.957,ticks=1985;cpu11:busy_pct=69.699,softirq_pct=3.628,ticks=1957;cpu12:busy_pct=45.367,softirq_pct=2.886,ticks=1975;cpu13:busy_pct=30.227,softirq_pct=1.713,ticks=1985;cpu14:busy_pct=8.504,softirq_pct=0.050,ticks=1999;cpu15:busy_pct=9.355,softirq_pct=0.000,ticks=1999;cpu2:busy_pct=47.119,softirq_pct=3.035,ticks=1944;cpu3:busy_pct=53.823,softirq_pct=3.007,ticks=1962;cpu4:busy_pct=54.508,softirq_pct=3.413,ticks=1963;cpu5:busy_pct=37.626,softirq_pct=2.424,ticks=1980;cpu6:busy_pct=7.896,softirq_pct=0.050,ticks=2001;cpu7:busy_pct=12.412,softirq_pct=0.000,ticks=1998;cpu8:busy_pct=74.574,softirq_pct=4.858,ticks=1935;cpu9:busy_pct=49.283,softirq_pct=3.176,ticks=1952"
diagnostic_saturation,run-1790522592015262494-52216-0,trial-0006-closed_loop-b128-c256-ch4-rep3,closed_loop,128,256,4,3,2763167,2763167,138148.706446657,1773213,2996535,3903494,2.662570044,2.775059254,53255118129,55570000000,-442368,22959159,12864,12864,1188242052,1188242052,2121788,2121788,"cpu0:busy_pct=47.604,softirq_pct=2.782,ticks=1941;cpu1:busy_pct=43.744,softirq_pct=2.769,ticks=1950;cpu10:busy_pct=21.002,softirq_pct=1.215,ticks=1976;cpu11:busy_pct=69.714,softirq_pct=3.677,ticks=1958;cpu12:busy_pct=55.301,softirq_pct=3.568,ticks=1962;cpu13:busy_pct=25.971,softirq_pct=1.715,ticks=1983;cpu14:busy_pct=9.564,softirq_pct=0.000,ticks=1997;cpu15:busy_pct=8.283,softirq_pct=0.000,ticks=1992;cpu2:busy_pct=36.544,softirq_pct=2.090,ticks=1962;cpu3:busy_pct=55.313,softirq_pct=3.050,ticks=1967;cpu4:busy_pct=43.658,softirq_pct=2.649,ticks=1963;cpu5:busy_pct=36.000,softirq_pct=2.127,ticks=1975;cpu6:busy_pct=9.569,softirq_pct=0.000,ticks=1996;cpu7:busy_pct=8.977,softirq_pct=0.000,ticks=1994;cpu8:busy_pct=69.804,softirq_pct=4.757,ticks=1934;cpu9:busy_pct=60.841,softirq_pct=3.844,ticks=1951"
diagnostic_saturation,run-1790522592015262494-52216-0,trial-0007-closed_loop-b128-c256-ch8-rep1,closed_loop,128,256,8,1,3071492,3071492,153563.938954067,1638169,2718735,3293822,2.853078916,2.920780285,57065539766,58490000000,-430206,23652008,6432,6432,1395946738,1395946738,3795094,3795094,"cpu0:busy_pct=30.342,softirq_pct=2.550,ticks=1961;cpu1:busy_pct=27.429,softirq_pct=2.530,ticks=1976;cpu10:busy_pct=19.648,softirq_pct=1.759,ticks=1990;cpu11:busy_pct=87.576,softirq_pct=6.619,ticks=1964;cpu12:busy_pct=85.584,softirq_pct=8.071,ticks=1970;cpu13:busy_pct=26.118,softirq_pct=2.411,ticks=1991;cpu14:busy_pct=9.295,softirq_pct=0.000,ticks=2001;cpu15:busy_pct=12.525,softirq_pct=0.050,ticks=2004;cpu2:busy_pct=61.919,softirq_pct=5.921,ticks=1959;cpu3:busy_pct=21.590,softirq_pct=1.610,ticks=1987;cpu4:busy_pct=18.022,softirq_pct=1.355,ticks=1992;cpu5:busy_pct=64.679,softirq_pct=6.013,ticks=1979;cpu6:busy_pct=8.604,softirq_pct=0.000,ticks=1999;cpu7:busy_pct=10.055,softirq_pct=0.000,ticks=1999;cpu8:busy_pct=81.990,softirq_pct=8.367,ticks=1960;cpu9:busy_pct=75.548,softirq_pct=6.928,ticks=1963"
diagnostic_saturation,run-1790522592015262494-52216-0,trial-0008-closed_loop-b128-c256-ch8-rep2,closed_loop,128,256,8,2,2967830,2967830,148382.378289743,1688944,2837727,3443372,2.846595918,2.912352950,56935418208,58320000000,-373971,23441925,6432,6445,1349118052,1349118052,3674336,3674336,"cpu0:busy_pct=24.962,softirq_pct=2.093,ticks=1959;cpu1:busy_pct=42.278,softirq_pct=4.354,ticks=1975;cpu10:busy_pct=17.739,softirq_pct=1.608,ticks=1990;cpu11:busy_pct=87.634,softirq_pct=7.125,ticks=1965;cpu12:busy_pct=74.861,softirq_pct=7.096,ticks=1973;cpu13:busy_pct=13.437,softirq_pct=1.007,ticks=1987;cpu14:busy_pct=9.624,softirq_pct=0.000,ticks=1995;cpu15:busy_pct=8.497,softirq_pct=0.000,ticks=1989;cpu2:busy_pct=57.339,softirq_pct=5.454,ticks=1962;cpu3:busy_pct=28.694,softirq_pct=2.370,ticks=1983;cpu4:busy_pct=26.778,softirq_pct=2.219,ticks=1983;cpu5:busy_pct=69.883,softirq_pct=6.704,ticks=1969;cpu6:busy_pct=10.632,softirq_pct=0.000,ticks=1994;cpu7:busy_pct=8.739,softirq_pct=0.000,ticks=1991;cpu8:busy_pct=85.100,softirq_pct=8.653,ticks=1953;cpu9:busy_pct=65.836,softirq_pct=6.151,ticks=1967"
diagnostic_saturation,run-1790522592015262494-52216-0,trial-0009-closed_loop-b128-c256-ch8-rep3,closed_loop,128,256,8,3,2743977,2743977,137185.526267318,1818598,3097333,3742643,2.833279782,2.902636268,56671099118,58130000000,-432871,24246914,6432,6432,1246267325,1246267325,3384004,3384004,"cpu0:busy_pct=48.182,softirq_pct=4.250,ticks=1953;cpu1:busy_pct=39.115,softirq_pct=3.611,ticks=1966;cpu10:busy_pct=12.198,softirq_pct=0.907,ticks=1984;cpu11:busy_pct=97.756,softirq_pct=7.853,ticks=1961;cpu12:busy_pct=43.146,softirq_pct=3.844,ticks=1977;cpu13:busy_pct=8.492,softirq_pct=0.653,ticks=1990;cpu14:busy_pct=6.319,softirq_pct=0.050,ticks=1994;cpu15:busy_pct=11.145,softirq_pct=0.000,ticks=1992;cpu2:busy_pct=44.275,softirq_pct=4.173,ticks=1965;cpu3:busy_pct=56.225,softirq_pct=4.453,ticks=1976;cpu4:busy_pct=52.429,softirq_pct=4.656,ticks=1976;cpu5:busy_pct=41.233,softirq_pct=3.739,ticks=1979;cpu6:busy_pct=6.860,softirq_pct=0.050,ticks=1997;cpu7:busy_pct=11.596,softirq_pct=0.000,ticks=1992;cpu8:busy_pct=83.393,softirq_pct=7.791,ticks=1951;cpu9:busy_pct=66.667,softirq_pct=6.310,ticks=1965"
diagnostic_saturation,run-1790522592015262494-52216-0,trial-0010-closed_loop-b4096-c256-ch1-rep1,closed_loop,4096,256,1,1,885403,885403,44263.747346327,5730368,8093236,9234324,1.735780437,1.668505849,34720630285,33410000000,-409097,20601384,422337,326016,7486726337,7486726337,2184687,2184687,"cpu0:busy_pct=40.158,softirq_pct=3.641,ticks=1895;cpu1:busy_pct=36.164,softirq_pct=2.883,ticks=1908;cpu10:busy_pct=12.551,softirq_pct=0.759,ticks=1976;cpu11:busy_pct=14.929,softirq_pct=1.518,ticks=1976;cpu12:busy_pct=41.951,softirq_pct=3.985,ticks=1907;cpu13:busy_pct=26.000,softirq_pct=2.667,ticks=1950;cpu14:busy_pct=6.507,softirq_pct=0.000,ticks=1998;cpu15:busy_pct=9.975,softirq_pct=0.000,ticks=1995;cpu2:busy_pct=23.922,softirq_pct=1.643,ticks=1948;cpu3:busy_pct=15.709,softirq_pct=1.576,ticks=1967;cpu4:busy_pct=43.370,softirq_pct=4.332,ticks=1893;cpu5:busy_pct=34.234,softirq_pct=3.117,ticks=1925;cpu6:busy_pct=5.953,softirq_pct=0.000,ticks=1999;cpu7:busy_pct=9.980,softirq_pct=0.000,ticks=1994;cpu8:busy_pct=46.534,softirq_pct=3.887,ticks=1904;cpu9:busy_pct=24.782,softirq_pct=1.847,ticks=1949"
diagnostic_saturation,run-1790522592015262494-52216-0,trial-0011-closed_loop-b4096-c256-ch1-rep2,closed_loop,4096,256,1,2,885645,885645,44271.950763744,5803635,8131026,9408530,1.741757977,1.653155712,34843263433,33100000000,-381145,17278478,231560,618387,7491485123,7491485123,2269600,2269600,"cpu0:busy_pct=42.653,softirq_pct=3.767,ticks=1885;cpu1:busy_pct=37.835,softirq_pct=3.258,ticks=1903;cpu10:busy_pct=8.186,softirq_pct=0.404,ticks=1979;cpu11:busy_pct=20.061,softirq_pct=1.986,ticks=1964;cpu12:busy_pct=38.538,softirq_pct=3.996,ticks=1902;cpu13:busy_pct=24.574,softirq_pct=2.272,ticks=1937;cpu14:busy_pct=6.974,softirq_pct=0.000,ticks=1993;cpu15:busy_pct=8.534,softirq_pct=0.050,ticks=1992;cpu2:busy_pct=20.769,softirq_pct=1.436,ticks=1950;cpu3:busy_pct=20.593,softirq_pct=2.197,ticks=1957;cpu4:busy_pct=37.316,softirq_pct=3.737,ticks=1900;cpu5:busy_pct=31.004,softirq_pct=2.899,ticks=1932;cpu6:busy_pct=6.978,softirq_pct=0.000,ticks=1992;cpu7:busy_pct=9.713,softirq_pct=0.050,ticks=1987;cpu8:busy_pct=51.799,softirq_pct=4.127,ticks=1890;cpu9:busy_pct=22.052,softirq_pct=1.685,ticks=1959"
diagnostic_saturation,run-1790522592015262494-52216-0,trial-0012-closed_loop-b4096-c256-ch1-rep3,closed_loop,4096,256,1,3,861229,861229,43051.741010114,5837158,8275327,9572178,1.699196217,1.619477809,33991588356,32430000000,-531746,19931239,935740,419666,7282747701,7282747701,2118444,2118444,"cpu0:busy_pct=43.372,softirq_pct=3.818,ticks=1886;cpu1:busy_pct=35.239,softirq_pct=2.779,ticks=1907;cpu10:busy_pct=11.190,softirq_pct=0.709,ticks=1975;cpu11:busy_pct=20.183,softirq_pct=2.141,ticks=1962;cpu12:busy_pct=36.743,softirq_pct=3.079,ticks=1916;cpu13:busy_pct=24.292,softirq_pct=2.316,ticks=1943;cpu14:busy_pct=7.333,softirq_pct=0.000,ticks=1991;cpu15:busy_pct=8.643,softirq_pct=0.000,ticks=1990;cpu2:busy_pct=20.615,softirq_pct=1.538,ticks=1950;cpu3:busy_pct=20.082,softirq_pct=2.095,ticks=1957;cpu4:busy_pct=37.037,softirq_pct=3.704,ticks=1917;cpu5:busy_pct=30.694,softirq_pct=2.950,ticks=1932;cpu6:busy_pct=5.927,softirq_pct=0.000,ticks=1991;cpu7:busy_pct=10.608,softirq_pct=0.000,ticks=1989;cpu8:busy_pct=43.178,softirq_pct=3.293,ticks=1913;cpu9:busy_pct=25.385,softirq_pct=1.953,ticks=1946"
diagnostic_saturation,run-1790522592015262494-52216-0,trial-0013-closed_loop-b4096-c256-ch4-rep1,closed_loop,4096,256,4,1,1754026,1754026,87689.117578886,2820375,4694597,5759633,2.814102266,2.902919859,56289864433,58130000000,-352761,21534484,266752,266829,14882133751,14882133751,5368346,5368346,"cpu0:busy_pct=40.665,softirq_pct=5.371,ticks=1955;cpu1:busy_pct=47.839,softirq_pct=6.355,ticks=1967;cpu10:busy_pct=12.286,softirq_pct=1.360,ticks=1986;cpu11:busy_pct=72.112,softirq_pct=8.244,ticks=1965;cpu12:busy_pct=45.390,softirq_pct=6.180,ticks=1974;cpu13:busy_pct=28.593,softirq_pct=3.769,ticks=1990;cpu14:busy_pct=7.835,softirq_pct=0.000,ticks=1991;cpu15:busy_pct=9.191,softirq_pct=0.000,ticks=1991;cpu2:busy_pct=41.709,softirq_pct=5.392,ticks=1966;cpu3:busy_pct=59.391,softirq_pct=7.259,ticks=1970;cpu4:busy_pct=56.047,softirq_pct=7.215,ticks=1968;cpu5:busy_pct=38.396,softirq_pct=5.298,ticks=1982;cpu6:busy_pct=10.035,softirq_pct=0.000,ticks=1993;cpu7:busy_pct=9.608,softirq_pct=0.000,ticks=1988;cpu8:busy_pct=84.430,softirq_pct=10.843,ticks=1946;cpu9:busy_pct=65.000,softirq_pct=8.827,ticks=1960"
diagnostic_saturation,run-1790522592015262494-52216-0,trial-0014-closed_loop-b4096-c256-ch4-rep2,closed_loop,4096,256,4,2,1695010,1695010,84739.515699595,2901066,4913608,6212812,2.780017132,2.870340218,55607549788,57480000000,-415168,22493031,266752,266765,14381613429,14381613429,5193659,5193659,"cpu0:busy_pct=49.001,softirq_pct=6.253,ticks=1951;cpu1:busy_pct=55.869,softirq_pct=6.971,ticks=1951;cpu10:busy_pct=8.940,softirq_pct=0.854,ticks=1991;cpu11:busy_pct=88.469,softirq_pct=10.459,ticks=1960;cpu12:busy_pct=35.081,softirq_pct=4.788,ticks=1984;cpu13:busy_pct=23.503,softirq_pct=3.070,ticks=1987;cpu14:busy_pct=10.186,softirq_pct=0.050,ticks=1993;cpu15:busy_pct=6.486,softirq_pct=0.000,ticks=1989;cpu2:busy_pct=39.898,softirq_pct=5.306,ticks=1960;cpu3:busy_pct=59.056,softirq_pct=7.255,ticks=1971;cpu4:busy_pct=60.346,softirq_pct=7.728,ticks=1967;cpu5:busy_pct=30.514,softirq_pct=4.179,ticks=1986;cpu6:busy_pct=9.679,softirq_pct=0.000,ticks=1994;cpu7:busy_pct=9.296,softirq_pct=0.050,ticks=1990;cpu8:busy_pct=80.000,softirq_pct=10.437,ticks=1945;cpu9:busy_pct=53.548,softirq_pct=6.840,ticks=1959"
diagnostic_saturation,run-1790522592015262494-52216-0,trial-0015-closed_loop-b4096-c256-ch4-rep3,closed_loop,4096,256,4,3,1686906,1686906,84334.708201594,2935892,4846642,5964968,2.825109331,2.892212056,56509282873,57920000000,-536646,23145605,266752,266752,14312191632,14312191632,5156334,5156334,"cpu0:busy_pct=42.601,softirq_pct=5.530,ticks=1953;cpu1:busy_pct=60.347,softirq_pct=7.869,ticks=1957;cpu10:busy_pct=9.173,softirq_pct=0.857,ticks=1984;cpu11:busy_pct=80.648,softirq_pct=9.372,ticks=1974;cpu12:busy_pct=53.932,softirq_pct=7.002,ticks=1971;cpu13:busy_pct=24.572,softirq_pct=3.122,ticks=1986;cpu14:busy_pct=7.569,softirq_pct=0.000,ticks=1995;cpu15:busy_pct=11.357,softirq_pct=0.000,ticks=1990;cpu2:busy_pct=26.471,softirq_pct=3.195,ticks=1972;cpu3:busy_pct=71.734,softirq_pct=8.592,ticks=1967;cpu4:busy_pct=42.394,softirq_pct=5.680,ticks=1972;cpu5:busy_pct=25.478,softirq_pct=3.374,ticks=1986;cpu6:busy_pct=8.090,softirq_pct=0.050,ticks=1990;cpu7:busy_pct=9.995,softirq_pct=0.000,ticks=1991;cpu8:busy_pct=85.963,softirq_pct=11.168,ticks=1952;cpu9:busy_pct=69.470,softirq_pct=8.767,ticks=1962"
diagnostic_saturation,run-1790522592015262494-52216-0,trial-0016-closed_loop-b4096-c256-ch8-rep1,closed_loop,4096,256,8,1,1699752,1699752,84976.188381959,2946301,5096250,6077108,2.893103578,2.946396006,57869841977,59000000000,-447219,21330684,133389,133408,14455832845,14455832845,5862706,5862706,"cpu0:busy_pct=64.595,softirq_pct=9.373,ticks=1963;cpu1:busy_pct=47.008,softirq_pct=6.897,ticks=1972;cpu10:busy_pct=12.965,softirq_pct=1.709,ticks=1990;cpu11:busy_pct=92.506,softirq_pct=12.051,ticks=1975;cpu12:busy_pct=69.398,softirq_pct=10.470,ticks=1977;cpu13:busy_pct=17.816,softirq_pct=2.365,ticks=1987;cpu14:busy_pct=4.623,softirq_pct=0.000,ticks=1990;cpu15:busy_pct=9.538,softirq_pct=0.050,ticks=1992;cpu2:busy_pct=37.715,softirq_pct=5.460,ticks=1978;cpu3:busy_pct=58.115,softirq_pct=7.560,ticks=1984;cpu4:busy_pct=32.224,softirq_pct=4.589,ticks=1983;cpu5:busy_pct=33.032,softirq_pct=5.028,ticks=1989;cpu6:busy_pct=5.427,softirq_pct=0.000,ticks=1990;cpu7:busy_pct=17.990,softirq_pct=0.000,ticks=1990;cpu8:busy_pct=80.173,softirq_pct=11.693,ticks=1967;cpu9:busy_pct=55.376,softirq_pct=8.279,ticks=1981"
diagnostic_saturation,run-1790522592015262494-52216-0,trial-0017-closed_loop-b4096-c256-ch8-rep2,closed_loop,4096,256,8,2,1728040,1728040,86391.738074022,2900305,5059772,6007157,2.880052710,2.948606201,57607896261,59050000000,-352701,23682743,133389,133421,14695266674,14695266674,5938452,5938452,"cpu0:busy_pct=41.305,softirq_pct=5.762,ticks=1961;cpu1:busy_pct=34.734,softirq_pct=4.962,ticks=1975;cpu10:busy_pct=12.462,softirq_pct=1.508,ticks=1990;cpu11:busy_pct=87.121,softirq_pct=11.111,ticks=1980;cpu12:busy_pct=73.320,softirq_pct=10.864,ticks=1979;cpu13:busy_pct=5.229,softirq_pct=0.402,ticks=1989;cpu14:busy_pct=6.121,softirq_pct=0.000,ticks=1993;cpu15:busy_pct=9.328,softirq_pct=0.000,ticks=1994;cpu2:busy_pct=45.772,softirq_pct=6.734,ticks=1975;cpu3:busy_pct=62.576,softirq_pct=8.030,ticks=1980;cpu4:busy_pct=26.260,softirq_pct=3.679,ticks=1984;cpu5:busy_pct=48.592,softirq_pct=7.545,ticks=1988;cpu6:busy_pct=7.970,softirq_pct=0.000,ticks=1995;cpu7:busy_pct=12.644,softirq_pct=0.000,ticks=1993;cpu8:busy_pct=89.934,softirq_pct=13.472,ticks=1967;cpu9:busy_pct=71.646,softirq_pct=10.213,ticks=1968"
diagnostic_saturation,run-1790522592015262494-52216-0,trial-0018-closed_loop-b4096-c256-ch8-rep3,closed_loop,4096,256,8,3,1769808,1769808,88481.060138374,2833501,4895745,5866343,2.899808768,2.946815136,58002297300,59010000000,-354154,22543819,133408,133408,15051368863,15051368863,6095683,6095683,"cpu0:busy_pct=37.761,softirq_pct=4.835,ticks=1965;cpu1:busy_pct=44.782,softirq_pct=6.535,ticks=1974;cpu10:busy_pct=13.096,softirq_pct=1.555,ticks=1993;cpu11:busy_pct=85.895,softirq_pct=11.568,ticks=1971;cpu12:busy_pct=37.065,softirq_pct=5.698,ticks=1983;cpu13:busy_pct=22.334,softirq_pct=3.355,ticks=1997;cpu14:busy_pct=5.525,softirq_pct=0.000,ticks=1991;cpu15:busy_pct=14.400,softirq_pct=0.000,ticks=1993;cpu2:busy_pct=51.086,softirq_pct=7.529,ticks=1979;cpu3:busy_pct=55.292,softirq_pct=7.460,ticks=1984;cpu4:busy_pct=61.717,softirq_pct=9.192,ticks=1980;cpu5:busy_pct=41.227,softirq_pct=5.933,ticks=1989;cpu6:busy_pct=5.120,softirq_pct=0.050,ticks=1992;cpu7:busy_pct=11.623,softirq_pct=0.000,ticks=1996;cpu8:busy_pct=91.552,softirq_pct=13.282,ticks=1965;cpu9:busy_pct=60.759,softirq_pct=8.911,ticks=1975"
perf_stat_targeted,run-1790523407189597516-2399-0,trial-0001-closed_loop-b128-c256-ch1-rep1,closed_loop,128,256,1,1,1594624,1594624,79721.354046057,3019530,5068219,6133666,1.823984091,2.005714848,36484187235,40120000000,-170359,202940,16263,28766,654093045,654093045,648330,648330,"cpu0:busy_pct=37.474,softirq_pct=1.211,ticks=1900;cpu1:busy_pct=35.251,softirq_pct=1.046,ticks=1912;cpu10:busy_pct=13.937,softirq_pct=0.254,ticks=1966;cpu11:busy_pct=40.721,softirq_pct=1.307,ticks=1913;cpu12:busy_pct=35.066,softirq_pct=1.114,ticks=1885;cpu13:busy_pct=18.957,softirq_pct=0.568,ticks=1936;cpu14:busy_pct=1.602,softirq_pct=0.000,ticks=1998;cpu15:busy_pct=2.452,softirq_pct=0.000,ticks=1998;cpu2:busy_pct=30.115,softirq_pct=0.735,ticks=1906;cpu3:busy_pct=43.314,softirq_pct=1.311,ticks=1907;cpu4:busy_pct=44.271,softirq_pct=1.452,ticks=1859;cpu5:busy_pct=30.308,softirq_pct=1.043,ticks=1917;cpu6:busy_pct=1.802,softirq_pct=0.000,ticks=1998;cpu7:busy_pct=1.652,softirq_pct=0.000,ticks=1997;cpu8:busy_pct=49.548,softirq_pct=1.224,ticks=1879;cpu9:busy_pct=27.645,softirq_pct=0.726,ticks=1928"
perf_stat_targeted,run-1790523407189597516-2399-0,trial-0002-closed_loop-b128-c256-ch1-rep2,closed_loop,128,256,1,2,1609058,1609058,80447.202290697,2952564,5178766,6193739,1.809239378,2.010822155,36187350366,40220000000,-166221,186149,39099,27296,660414601,660414601,662374,662374,"cpu0:busy_pct=36.898,softirq_pct=1.218,ticks=1889;cpu1:busy_pct=44.427,softirq_pct=1.274,ticks=1884;cpu10:busy_pct=11.965,softirq_pct=0.255,ticks=1964;cpu11:busy_pct=34.844,softirq_pct=1.146,ticks=1920;cpu12:busy_pct=38.083,softirq_pct=1.324,ticks=1888;cpu13:busy_pct=22.107,softirq_pct=0.727,ticks=1927;cpu14:busy_pct=1.853,softirq_pct=0.000,ticks=1997;cpu15:busy_pct=1.856,softirq_pct=0.000,ticks=1993;cpu2:busy_pct=28.280,softirq_pct=0.732,ticks=1913;cpu3:busy_pct=39.739,softirq_pct=1.462,ticks=1915;cpu4:busy_pct=44.086,softirq_pct=1.398,ticks=1860;cpu5:busy_pct=34.840,softirq_pct=1.209,ticks=1903;cpu6:busy_pct=2.104,softirq_pct=0.000,ticks=1996;cpu7:busy_pct=1.806,softirq_pct=0.000,ticks=1993;cpu8:busy_pct=47.652,softirq_pct=1.281,ticks=1874;cpu9:busy_pct=23.125,softirq_pct=0.569,ticks=1933"
perf_stat_targeted,run-1790523407189597516-2399-0,trial-0003-closed_loop-b128-c256-ch1-rep3,closed_loop,128,256,1,3,1610093,1610093,80496.439830017,2962703,5136788,6196484,1.801097473,2.047755071,36025623487,40960000000,-161713,190578,23070,47165,660807493,660807493,662849,662849,"cpu0:busy_pct=29.010,softirq_pct=0.885,ticks=1920;cpu1:busy_pct=38.842,softirq_pct=1.211,ticks=1900;cpu10:busy_pct=11.827,softirq_pct=0.203,ticks=1970;cpu11:busy_pct=33.751,softirq_pct=1.097,ticks=1914;cpu12:busy_pct=41.765,softirq_pct=1.230,ticks=1870;cpu13:busy_pct=19.609,softirq_pct=0.669,ticks=1943;cpu14:busy_pct=1.703,softirq_pct=0.000,ticks=1996;cpu15:busy_pct=1.855,softirq_pct=0.000,ticks=1995;cpu2:busy_pct=31.103,softirq_pct=0.732,ticks=1913;cpu3:busy_pct=38.918,softirq_pct=1.155,ticks=1904;cpu4:busy_pct=46.461,softirq_pct=1.459,ticks=1851;cpu5:busy_pct=37.041,softirq_pct=1.312,ticks=1906;cpu6:busy_pct=1.903,softirq_pct=0.000,ticks=1997;cpu7:busy_pct=1.703,softirq_pct=0.000,ticks=1996;cpu8:busy_pct=49.498,softirq_pct=1.216,ticks=1891;cpu9:busy_pct=31.146,softirq_pct=0.885,ticks=1920"
perf_stat_targeted,run-1790523407189597516-2399-0,trial-0004-closed_loop-b128-c256-ch8-rep1,closed_loop,128,256,8,1,2902744,2902744,145124.962533453,1725805,2926015,3546717,2.818185090,2.881210821,56368454598,57630000000,-133149,187722,6432,6432,1323139300,1323139300,3667974,3667974,"cpu0:busy_pct=22.864,softirq_pct=2.046,ticks=1955;cpu1:busy_pct=31.635,softirq_pct=3.107,ticks=1963;cpu10:busy_pct=15.245,softirq_pct=1.363,ticks=1981;cpu11:busy_pct=87.481,softirq_pct=6.518,ticks=1933;cpu12:busy_pct=75.013,softirq_pct=6.964,ticks=1953;cpu13:busy_pct=22.647,softirq_pct=2.114,ticks=1987;cpu14:busy_pct=2.657,softirq_pct=0.000,ticks=1995;cpu15:busy_pct=2.856,softirq_pct=0.000,ticks=1996;cpu2:busy_pct=60.052,softirq_pct=5.530,ticks=1935;cpu3:busy_pct=30.921,softirq_pct=2.379,ticks=1976;cpu4:busy_pct=24.129,softirq_pct=2.221,ticks=1981;cpu5:busy_pct=58.367,softirq_pct=5.408,ticks=1960;cpu6:busy_pct=2.455,softirq_pct=0.000,ticks=1996;cpu7:busy_pct=3.105,softirq_pct=0.050,ticks=1997;cpu8:busy_pct=89.474,softirq_pct=8.077,ticks=1919;cpu9:busy_pct=73.796,softirq_pct=7.043,ticks=1931"
perf_stat_targeted,run-1790523407189597516-2399-0,trial-0005-closed_loop-b128-c256-ch8-rep2,closed_loop,128,256,8,2,2843241,2843241,142149.230904175,1755921,3008188,3638309,2.812242272,2.886190108,56249917630,57730000000,-132598,211206,6432,6432,1295142730,1295142730,3579762,3579762,"cpu0:busy_pct=26.550,softirq_pct=2.409,ticks=1951;cpu1:busy_pct=32.366,softirq_pct=3.359,ticks=1965;cpu10:busy_pct=11.469,softirq_pct=1.056,ticks=1988;cpu11:busy_pct=93.150,softirq_pct=7.421,ticks=1927;cpu12:busy_pct=61.369,softirq_pct=5.876,ticks=1957;cpu13:busy_pct=12.111,softirq_pct=0.955,ticks=1990;cpu14:busy_pct=2.505,softirq_pct=0.000,ticks=1996;cpu15:busy_pct=2.603,softirq_pct=0.000,ticks=1998;cpu2:busy_pct=56.658,softirq_pct=5.296,ticks=1945;cpu3:busy_pct=34.875,softirq_pct=2.694,ticks=1967;cpu4:busy_pct=38.372,softirq_pct=3.539,ticks=1978;cpu5:busy_pct=58.857,softirq_pct=5.564,ticks=1959;cpu6:busy_pct=2.605,softirq_pct=0.000,ticks=1996;cpu7:busy_pct=2.906,softirq_pct=0.000,ticks=1996;cpu8:busy_pct=89.833,softirq_pct=8.655,ticks=1918;cpu9:busy_pct=74.922,softirq_pct=7.032,ticks=1934"
perf_stat_targeted,run-1790523407189597516-2399-0,trial-0006-closed_loop-b128-c256-ch8-rep3,closed_loop,128,256,8,3,2778727,2778727,138926.529568424,1798040,3077187,3745740,2.815207735,2.885744679,56308134724,57720000000,-181560,174216,6432,6432,1267081692,1267081692,3523889,3523889,"cpu0:busy_pct=34.119,softirq_pct=3.227,ticks=1952;cpu1:busy_pct=47.387,softirq_pct=4.662,ticks=1952;cpu10:busy_pct=13.236,softirq_pct=1.057,ticks=1987;cpu11:busy_pct=97.037,softirq_pct=7.225,ticks=1924;cpu12:busy_pct=64.370,softirq_pct=5.615,ticks=1959;cpu13:busy_pct=24.899,softirq_pct=2.172,ticks=1980;cpu14:busy_pct=2.405,softirq_pct=0.000,ticks=1996;cpu15:busy_pct=2.959,softirq_pct=0.000,ticks=1994;cpu2:busy_pct=49.126,softirq_pct=4.676,ticks=1946;cpu3:busy_pct=31.846,softirq_pct=2.383,ticks=1972;cpu4:busy_pct=34.430,softirq_pct=3.089,ticks=1975;cpu5:busy_pct=45.505,softirq_pct=4.368,ticks=1969;cpu6:busy_pct=1.953,softirq_pct=0.000,ticks=1997;cpu7:busy_pct=4.463,softirq_pct=0.000,ticks=1994;cpu8:busy_pct=90.620,softirq_pct=9.015,ticks=1919;cpu9:busy_pct=59.939,softirq_pct=5.686,ticks=1952"
perf_stat_targeted,run-1790523407189597516-2399-0,trial-0007-closed_loop-b4096-c256-ch1-rep1,closed_loop,4096,256,1,1,857994,857994,42889.838519567,6007610,8458003,9684372,1.762018321,1.728075672,35248469081,34570000000,-147557,164919,53755,316666,7255014411,7255014411,2151363,2151363,"cpu0:busy_pct=37.198,softirq_pct=3.382,ticks=1863;cpu1:busy_pct=42.210,softirq_pct=3.774,ticks=1855;cpu10:busy_pct=6.304,softirq_pct=0.403,ticks=1983;cpu11:busy_pct=20.163,softirq_pct=1.680,ticks=1964;cpu12:busy_pct=43.763,softirq_pct=3.978,ticks=1860;cpu13:busy_pct=17.741,softirq_pct=1.444,ticks=1939;cpu14:busy_pct=1.703,softirq_pct=0.000,ticks=1996;cpu15:busy_pct=2.006,softirq_pct=0.000,ticks=1994;cpu2:busy_pct=24.111,softirq_pct=1.778,ticks=1912;cpu3:busy_pct=20.071,softirq_pct=1.885,ticks=1963;cpu4:busy_pct=43.118,softirq_pct=4.086,ticks=1860;cpu5:busy_pct=37.806,softirq_pct=3.461,ticks=1878;cpu6:busy_pct=1.703,softirq_pct=0.000,ticks=1997;cpu7:busy_pct=1.854,softirq_pct=0.000,ticks=1996;cpu8:busy_pct=57.442,softirq_pct=4.190,ticks=1814;cpu9:busy_pct=21.283,softirq_pct=1.461,ticks=1917"
perf_stat_targeted,run-1790523407189597516-2399-0,trial-0008-closed_loop-b4096-c256-ch1-rep2,closed_loop,4096,256,1,2,855444,855444,42762.059330417,6035192,8506925,9671026,1.756346519,1.719065127,35135260446,34390000000,-137588,178986,132320,410926,7234329766,7234329766,2160273,2160273,"cpu0:busy_pct=39.060,softirq_pct=3.512,ticks=1851;cpu1:busy_pct=38.408,softirq_pct=3.365,ticks=1872;cpu10:busy_pct=7.720,softirq_pct=0.457,ticks=1969;cpu11:busy_pct=22.325,softirq_pct=1.895,ticks=1953;cpu12:busy_pct=41.280,softirq_pct=3.520,ticks=1875;cpu13:busy_pct=19.268,softirq_pct=1.597,ticks=1941;cpu14:busy_pct=1.754,softirq_pct=0.000,ticks=1995;cpu15:busy_pct=2.605,softirq_pct=0.000,ticks=1996;cpu2:busy_pct=25.629,softirq_pct=1.677,ticks=1908;cpu3:busy_pct=23.041,softirq_pct=2.304,ticks=1953;cpu4:busy_pct=42.619,softirq_pct=4.041,ticks=1856;cpu5:busy_pct=33.933,softirq_pct=3.176,ticks=1889;cpu6:busy_pct=2.105,softirq_pct=0.000,ticks=1995;cpu7:busy_pct=2.607,softirq_pct=0.000,ticks=1995;cpu8:busy_pct=53.070,softirq_pct=4.221,ticks=1824;cpu9:busy_pct=24.843,softirq_pct=1.879,ticks=1916"
perf_stat_targeted,run-1790523407189597516-2399-0,trial-0009-closed_loop-b4096-c256-ch1-rep3,closed_loop,4096,256,1,3,853154,853154,42647.195315571,6060469,8483651,9697035,1.759083531,1.709552351,35190336417,34200000000,-169006,141706,100950,312540,7214248130,7214248130,2138883,2138883,"cpu0:busy_pct=41.111,softirq_pct=3.470,ticks=1873;cpu1:busy_pct=38.627,softirq_pct=3.326,ticks=1864;cpu10:busy_pct=7.945,softirq_pct=0.354,ticks=1976;cpu11:busy_pct=22.963,softirq_pct=2.342,ticks=1964;cpu12:busy_pct=42.910,softirq_pct=3.998,ticks=1876;cpu13:busy_pct=17.793,softirq_pct=1.496,ticks=1939;cpu14:busy_pct=1.652,softirq_pct=0.000,ticks=1997;cpu15:busy_pct=1.503,softirq_pct=0.000,ticks=1996;cpu2:busy_pct=18.779,softirq_pct=1.449,ticks=1933;cpu3:busy_pct=23.199,softirq_pct=2.299,ticks=1957;cpu4:busy_pct=41.309,softirq_pct=3.863,ticks=1864;cpu5:busy_pct=33.105,softirq_pct=3.062,ticks=1894;cpu6:busy_pct=1.802,softirq_pct=0.000,ticks=1998;cpu7:busy_pct=1.703,softirq_pct=0.000,ticks=1996;cpu8:busy_pct=59.093,softirq_pct=4.809,ticks=1809;cpu9:busy_pct=26.178,softirq_pct=1.937,ticks=1910"
perf_stat_targeted,run-1790523407189597516-2399-0,trial-0010-closed_loop-b4096-c256-ch8-rep1,closed_loop,4096,256,8,1,1820010,1820010,90989.058389776,2763370,4725326,5640692,2.867126928,2.919577695,57349749226,58400000000,-163005,214973,133389,133376,15481145749,15481145749,6322867,6322867,"cpu0:busy_pct=23.887,softirq_pct=3.427,ticks=1955;cpu1:busy_pct=20.941,softirq_pct=2.984,ticks=1977;cpu10:busy_pct=24.317,softirq_pct=3.337,ticks=1978;cpu11:busy_pct=76.675,softirq_pct=9.872,ticks=1955;cpu12:busy_pct=64.039,softirq_pct=9.715,ticks=1966;cpu13:busy_pct=25.984,softirq_pct=3.935,ticks=1982;cpu14:busy_pct=3.360,softirq_pct=0.050,ticks=1994;cpu15:busy_pct=3.659,softirq_pct=0.050,ticks=1995;cpu2:busy_pct=61.822,softirq_pct=9.212,ticks=1954;cpu3:busy_pct=35.407,softirq_pct=4.552,ticks=1977;cpu4:busy_pct=36.906,softirq_pct=5.207,ticks=1978;cpu5:busy_pct=61.801,softirq_pct=9.664,ticks=1966;cpu6:busy_pct=3.655,softirq_pct=0.050,ticks=1997;cpu7:busy_pct=3.709,softirq_pct=0.000,ticks=1995;cpu8:busy_pct=87.674,softirq_pct=12.996,ticks=1939;cpu9:busy_pct=78.120,softirq_pct=11.710,ticks=1947"
perf_stat_targeted,run-1790523407189597516-2399-0,trial-0011-closed_loop-b4096-c256-ch8-rep2,closed_loop,4096,256,8,2,1805758,1805758,90277.378302461,2789960,4717873,5695825,2.886294373,2.917109524,57732615324,58350000000,-164098,182072,133376,133376,15360271865,15360271865,6283173,6283173,"cpu0:busy_pct=32.075,softirq_pct=4.793,ticks=1961;cpu1:busy_pct=35.205,softirq_pct=5.311,ticks=1977;cpu10:busy_pct=13.776,softirq_pct=2.011,ticks=1989;cpu11:busy_pct=83.889,softirq_pct=10.416,ticks=1949;cpu12:busy_pct=71.211,softirq_pct=10.682,ticks=1966;cpu13:busy_pct=23.290,softirq_pct=3.471,ticks=1988;cpu14:busy_pct=2.653,softirq_pct=0.000,ticks=1998;cpu15:busy_pct=2.757,softirq_pct=0.000,ticks=1995;cpu2:busy_pct=62.462,softirq_pct=9.448,ticks=1958;cpu3:busy_pct=29.228,softirq_pct=3.836,ticks=1981;cpu4:busy_pct=29.083,softirq_pct=4.032,ticks=1984;cpu5:busy_pct=62.965,softirq_pct=9.526,ticks=1963;cpu6:busy_pct=2.154,softirq_pct=0.000,ticks=1996;cpu7:busy_pct=4.361,softirq_pct=0.000,ticks=1995;cpu8:busy_pct=81.436,softirq_pct=12.205,ticks=1950;cpu9:busy_pct=72.560,softirq_pct=11.242,ticks=1957"
perf_stat_targeted,run-1790523407189597516-2399-0,trial-0012-closed_loop-b4096-c256-ch8-rep3,closed_loop,4096,256,8,3,1845649,1845649,92272.309130205,2732091,4651759,5501963,2.866212935,2.918126212,57330558730,58370000000,-169878,193924,133408,133421,15698753297,15698753297,6400831,6400831,"cpu0:busy_pct=23.352,softirq_pct=3.270,ticks=1957;cpu1:busy_pct=38.434,softirq_pct=5.643,ticks=1967;cpu10:busy_pct=17.674,softirq_pct=2.417,ticks=1986;cpu11:busy_pct=85.964,softirq_pct=11.054,ticks=1945;cpu12:busy_pct=70.738,softirq_pct=11.043,ticks=1965;cpu13:busy_pct=41.233,softirq_pct=6.064,ticks=1979;cpu14:busy_pct=3.307,softirq_pct=0.000,ticks=1996;cpu15:busy_pct=2.856,softirq_pct=0.000,ticks=1996;cpu2:busy_pct=75.167,softirq_pct=11.025,ticks=1941;cpu3:busy_pct=19.547,softirq_pct=2.368,ticks=1985;cpu4:busy_pct=29.738,softirq_pct=4.284,ticks=1984;cpu5:busy_pct=53.753,softirq_pct=7.961,ticks=1972;cpu6:busy_pct=2.859,softirq_pct=0.000,ticks=1994;cpu7:busy_pct=4.516,softirq_pct=0.000,ticks=1993;cpu8:busy_pct=80.864,softirq_pct=12.140,ticks=1944;cpu9:busy_pct=61.409,softirq_pct=8.984,ticks=1959"
perf_stat_verbose_targeted,run-1790525579635643380-33277-0,trial-0001-closed_loop-b128-c256-ch1-rep1,closed_loop,128,256,1,1,1629482,1629482,81464.137750594,2926608,5077821,6160401,1.837761750,2.039713647,36759729801,40800000000,-168215,193763,16268,26870,668895592,668895592,669260,669260,"cpu0:busy_pct=39.248,softirq_pct=1.377,ticks=1888;cpu1:busy_pct=37.526,softirq_pct=1.263,ticks=1900;cpu10:busy_pct=15.278,softirq_pct=0.307,ticks=1957;cpu11:busy_pct=34.380,softirq_pct=0.942,ticks=1911;cpu12:busy_pct=42.520,softirq_pct=1.340,ticks=1865;cpu13:busy_pct=24.636,softirq_pct=0.728,ticks=1924;cpu14:busy_pct=2.352,softirq_pct=0.050,ticks=1998;cpu15:busy_pct=2.953,softirq_pct=0.050,ticks=1998;cpu2:busy_pct=27.890,softirq_pct=0.778,ticks=1929;cpu3:busy_pct=36.737,softirq_pct=1.368,ticks=1900;cpu4:busy_pct=42.773,softirq_pct=1.397,ticks=1861;cpu5:busy_pct=36.210,softirq_pct=1.218,ticks=1889;cpu6:busy_pct=1.907,softirq_pct=0.000,ticks=1993;cpu7:busy_pct=2.406,softirq_pct=0.000,ticks=1995;cpu8:busy_pct=43.199,softirq_pct=1.222,ticks=1882;cpu9:busy_pct=34.030,softirq_pct=0.784,ticks=1913"
perf_stat_verbose_targeted,run-1790525579635643380-33277-0,trial-0002-closed_loop-b128-c256-ch1-rep2,closed_loop,128,256,1,2,1596421,1596421,79815.897412908,3013190,5094122,6096612,1.798760347,2.007339026,35977529352,40150000000,-157605,155131,16342,22721,655540286,655540286,659764,659764,"cpu0:busy_pct=40.926,softirq_pct=1.384,ticks=1879;cpu1:busy_pct=36.642,softirq_pct=1.109,ticks=1894;cpu10:busy_pct=17.391,softirq_pct=0.358,ticks=1955;cpu11:busy_pct=41.241,softirq_pct=1.420,ticks=1901;cpu12:busy_pct=34.960,softirq_pct=1.061,ticks=1885;cpu13:busy_pct=23.049,softirq_pct=0.724,ticks=1935;cpu14:busy_pct=2.556,softirq_pct=0.000,ticks=1995;cpu15:busy_pct=3.161,softirq_pct=0.000,ticks=1993;cpu2:busy_pct=24.002,softirq_pct=0.622,ticks=1929;cpu3:busy_pct=42.318,softirq_pct=1.835,ticks=1907;cpu4:busy_pct=40.600,softirq_pct=1.339,ticks=1867;cpu5:busy_pct=31.859,softirq_pct=1.106,ticks=1899;cpu6:busy_pct=2.404,softirq_pct=0.000,ticks=1997;cpu7:busy_pct=2.762,softirq_pct=0.000,ticks=1991;cpu8:busy_pct=44.072,softirq_pct=1.116,ticks=1881;cpu9:busy_pct=28.787,softirq_pct=0.729,ticks=1921"
perf_stat_verbose_targeted,run-1790525579635643380-33277-0,trial-0003-closed_loop-b128-c256-ch1-rep3,closed_loop,128,256,1,3,1574874,1574874,78735.087763199,3022517,5295459,6343034,1.810755472,2.001246571,36219070747,40030000000,-151685,193373,12108,42498,646700882,646700882,650957,650957,"cpu0:busy_pct=38.727,softirq_pct=1.432,ticks=1885;cpu1:busy_pct=31.899,softirq_pct=0.892,ticks=1906;cpu10:busy_pct=20.934,softirq_pct=0.462,ticks=1949;cpu11:busy_pct=39.571,softirq_pct=1.255,ticks=1913;cpu12:busy_pct=33.510,softirq_pct=1.112,ticks=1889;cpu13:busy_pct=25.612,softirq_pct=0.937,ticks=1921;cpu14:busy_pct=2.155,softirq_pct=0.000,ticks=1995;cpu15:busy_pct=2.208,softirq_pct=0.000,ticks=1993;cpu2:busy_pct=27.249,softirq_pct=0.728,ticks=1923;cpu3:busy_pct=40.346,softirq_pct=1.417,ticks=1906;cpu4:busy_pct=41.183,softirq_pct=1.492,ticks=1877;cpu5:busy_pct=32.982,softirq_pct=1.159,ticks=1898;cpu6:busy_pct=2.253,softirq_pct=0.000,ticks=1997;cpu7:busy_pct=2.309,softirq_pct=0.000,ticks=1992;cpu8:busy_pct=42.895,softirq_pct=1.113,ticks=1886;cpu9:busy_pct=32.950,softirq_pct=0.994,ticks=1912"
perf_stat_verbose_targeted,run-1790525579635643380-33277-0,trial-0004-closed_loop-b128-c256-ch8-rep1,closed_loop,128,256,8,1,2777087,2777087,138845.344095273,1801197,3068384,3710648,2.820060665,2.880763231,56404871642,57620000000,-142397,204142,6432,6432,1266188769,1266188769,3516607,3516607,"cpu0:busy_pct=35.802,softirq_pct=3.189,ticks=1944;cpu1:busy_pct=45.985,softirq_pct=4.246,ticks=1955;cpu10:busy_pct=14.624,softirq_pct=1.009,ticks=1983;cpu11:busy_pct=90.895,softirq_pct=6.829,ticks=1933;cpu12:busy_pct=63.325,softirq_pct=5.934,ticks=1955;cpu13:busy_pct=18.507,softirq_pct=1.563,ticks=1983;cpu14:busy_pct=3.061,softirq_pct=0.000,ticks=1993;cpu15:busy_pct=3.460,softirq_pct=0.000,ticks=1994;cpu2:busy_pct=52.702,softirq_pct=4.786,ticks=1943;cpu3:busy_pct=37.265,softirq_pct=3.050,ticks=1967;cpu4:busy_pct=35.884,softirq_pct=3.142,ticks=1973;cpu5:busy_pct=53.878,softirq_pct=5.051,ticks=1960;cpu6:busy_pct=3.464,softirq_pct=0.000,ticks=1992;cpu7:busy_pct=3.813,softirq_pct=0.000,ticks=1993;cpu8:busy_pct=81.026,softirq_pct=7.621,ticks=1929;cpu9:busy_pct=67.337,softirq_pct=6.502,ticks=1938"
perf_stat_verbose_targeted,run-1790525579635643380-33277-0,trial-0005-closed_loop-b128-c256-ch8-rep2,closed_loop,128,256,8,2,2603339,2603339,130154.107271235,1917365,3301892,3950477,2.803662249,2.874669945,56078777914,57500000000,-138740,184095,6432,6432,1187419248,1187419248,3310027,3310027,"cpu0:busy_pct=58.514,softirq_pct=4.850,ticks=1938;cpu1:busy_pct=46.115,softirq_pct=3.528,ticks=1956;cpu10:busy_pct=25.862,softirq_pct=2.383,ticks=1972;cpu11:busy_pct=92.809,softirq_pct=7.346,ticks=1933;cpu12:busy_pct=57.895,softirq_pct=5.161,ticks=1957;cpu13:busy_pct=16.465,softirq_pct=1.259,ticks=1986;cpu14:busy_pct=4.165,softirq_pct=0.000,ticks=1993;cpu15:busy_pct=6.128,softirq_pct=0.000,ticks=1991;cpu2:busy_pct=35.168,softirq_pct=2.650,ticks=1962;cpu3:busy_pct=65.796,softirq_pct=5.581,ticks=1953;cpu4:busy_pct=42.210,softirq_pct=3.615,ticks=1964;cpu5:busy_pct=34.500,softirq_pct=2.993,ticks=1971;cpu6:busy_pct=4.671,softirq_pct=0.050,ticks=1991;cpu7:busy_pct=18.017,softirq_pct=0.000,ticks=1987;cpu8:busy_pct=75.737,softirq_pct=7.346,ticks=1933;cpu9:busy_pct=77.927,softirq_pct=7.617,ticks=1930"
perf_stat_verbose_targeted,run-1790525579635643380-33277-0,trial-0006-closed_loop-b128-c256-ch8-rep3,closed_loop,128,256,8,3,2825066,2825066,141242.359246797,1773615,3009092,3624616,2.824796593,2.880732057,56500308077,57620000000,-140744,170279,6432,6432,1289110591,1289110591,3595126,3595126,"cpu0:busy_pct=43.263,softirq_pct=4.078,ticks=1937;cpu1:busy_pct=35.174,softirq_pct=3.170,ticks=1956;cpu10:busy_pct=18.232,softirq_pct=1.566,ticks=1980;cpu11:busy_pct=91.766,softirq_pct=6.939,ticks=1931;cpu12:busy_pct=78.920,softirq_pct=7.455,ticks=1945;cpu13:busy_pct=20.705,softirq_pct=1.814,ticks=1985;cpu14:busy_pct=3.009,softirq_pct=0.050,ticks=1994;cpu15:busy_pct=4.472,softirq_pct=0.000,ticks=1990;cpu2:busy_pct=55.722,softirq_pct=5.258,ticks=1940;cpu3:busy_pct=33.722,softirq_pct=2.992,ticks=1972;cpu4:busy_pct=22.486,softirq_pct=1.920,ticks=1979;cpu5:busy_pct=53.313,softirq_pct=5.301,ticks=1962;cpu6:busy_pct=2.659,softirq_pct=0.000,ticks=1993;cpu7:busy_pct=2.761,softirq_pct=0.000,ticks=1992;cpu8:busy_pct=75.091,softirq_pct=7.043,ticks=1931;cpu9:busy_pct=66.547,softirq_pct=6.372,ticks=1946"
perf_stat_verbose_targeted,run-1790525579635643380-33277-0,trial-0007-closed_loop-b4096-c256-ch1-rep1,closed_loop,4096,256,1,1,856024,856024,42796.725185114,6032722,8459792,9730555,1.749918469,1.690797179,35002028791,33820000000,-173646,134271,315438,212767,7238872856,7238872856,2153115,2153115,"cpu0:busy_pct=43.862,softirq_pct=3.894,ticks=1849;cpu1:busy_pct=40.679,softirq_pct=3.664,ticks=1856;cpu10:busy_pct=10.497,softirq_pct=0.659,ticks=1972;cpu11:busy_pct=31.192,softirq_pct=2.724,ticks=1946;cpu12:busy_pct=34.719,softirq_pct=3.209,ticks=1901;cpu13:busy_pct=17.910,softirq_pct=1.493,ticks=1943;cpu14:busy_pct=1.754,softirq_pct=0.000,ticks=1996;cpu15:busy_pct=2.657,softirq_pct=0.000,ticks=1995;cpu2:busy_pct=26.299,softirq_pct=1.942,ticks=1905;cpu3:busy_pct=32.391,softirq_pct=3.393,ticks=1945;cpu4:busy_pct=34.040,softirq_pct=3.499,ticks=1886;cpu5:busy_pct=29.937,softirq_pct=2.416,ticks=1904;cpu6:busy_pct=1.754,softirq_pct=0.000,ticks=1995;cpu7:busy_pct=2.662,softirq_pct=0.000,ticks=1991;cpu8:busy_pct=46.287,softirq_pct=3.252,ticks=1845;cpu9:busy_pct=23.045,softirq_pct=1.564,ticks=1918"
perf_stat_verbose_targeted,run-1790525579635643380-33277-0,trial-0008-closed_loop-b4096-c256-ch1-rep2,closed_loop,4096,256,1,2,867116,867116,43346.429483742,5852313,8321824,9558422,1.789903415,1.724598728,35805807038,34500000000,-148689,181280,934665,161265,7332409218,7332409218,2165898,2165898,"cpu0:busy_pct=43.521,softirq_pct=4.104,ticks=1852;cpu1:busy_pct=47.565,softirq_pct=3.896,ticks=1848;cpu10:busy_pct=6.930,softirq_pct=0.506,ticks=1977;cpu11:busy_pct=16.709,softirq_pct=1.422,ticks=1969;cpu12:busy_pct=45.283,softirq_pct=3.774,ticks=1855;cpu13:busy_pct=30.592,softirq_pct=2.514,ticks=1909;cpu14:busy_pct=2.361,softirq_pct=0.000,ticks=1991;cpu15:busy_pct=2.814,softirq_pct=0.050,ticks=1990;cpu2:busy_pct=25.039,softirq_pct=2.030,ticks=1921;cpu3:busy_pct=16.990,softirq_pct=1.429,ticks=1960;cpu4:busy_pct=42.382,softirq_pct=3.970,ticks=1864;cpu5:busy_pct=34.141,softirq_pct=2.634,ticks=1898;cpu6:busy_pct=2.866,softirq_pct=0.050,ticks=1989;cpu7:busy_pct=3.466,softirq_pct=0.000,ticks=1991;cpu8:busy_pct=51.357,softirq_pct=3.909,ticks=1842;cpu9:busy_pct=18.769,softirq_pct=1.551,ticks=1934"
perf_stat_verbose_targeted,run-1790525579635643380-33277-0,trial-0009-closed_loop-b4096-c256-ch1-rep3,closed_loop,4096,256,1,3,846785,846785,42334.345976662,6100990,8611257,9802320,1.746228022,1.706773710,34928606119,34140000000,-139071,195787,336119,260340,7160887115,7160887115,2129857,2129857,"cpu0:busy_pct=44.492,softirq_pct=3.888,ticks=1852;cpu1:busy_pct=37.794,softirq_pct=3.051,ticks=1868;cpu10:busy_pct=12.704,softirq_pct=0.918,ticks=1960;cpu11:busy_pct=26.803,softirq_pct=2.506,ticks=1955;cpu12:busy_pct=38.404,softirq_pct=3.617,ticks=1880;cpu13:busy_pct=21.066,softirq_pct=1.760,ticks=1932;cpu14:busy_pct=2.509,softirq_pct=0.000,ticks=1993;cpu15:busy_pct=2.560,softirq_pct=0.000,ticks=1992;cpu2:busy_pct=22.442,softirq_pct=1.714,ticks=1925;cpu3:busy_pct=27.142,softirq_pct=2.463,ticks=1949;cpu4:busy_pct=39.392,softirq_pct=3.625,ticks=1876;cpu5:busy_pct=29.989,softirq_pct=2.429,ticks=1894;cpu6:busy_pct=2.508,softirq_pct=0.050,ticks=1994;cpu7:busy_pct=2.863,softirq_pct=0.000,ticks=1991;cpu8:busy_pct=50.544,softirq_pct=3.863,ticks=1838;cpu9:busy_pct=22.656,softirq_pct=1.667,ticks=1920"
perf_stat_verbose_targeted,run-1790525579635643380-33277-0,trial-0010-closed_loop-b4096-c256-ch8-rep1,closed_loop,4096,256,8,1,1877358,1877358,93857.533346277,2692899,4531677,5330856,2.878159042,2.918622932,57569538744,58380000000,-169869,204985,133408,133421,15969275605,15969275605,6523995,6523995,"cpu0:busy_pct=17.263,softirq_pct=2.349,ticks=1958;cpu1:busy_pct=45.274,softirq_pct=6.657,ticks=1968;cpu10:busy_pct=22.778,softirq_pct=3.232,ticks=1980;cpu11:busy_pct=70.821,softirq_pct=8.923,ticks=1950;cpu12:busy_pct=83.461,softirq_pct=12.762,ticks=1959;cpu13:busy_pct=23.692,softirq_pct=3.270,ticks=1988;cpu14:busy_pct=3.412,softirq_pct=0.050,ticks=1993;cpu15:busy_pct=5.266,softirq_pct=0.050,ticks=1994;cpu2:busy_pct=73.511,softirq_pct=11.088,ticks=1948;cpu3:busy_pct=29.534,softirq_pct=3.495,ticks=1974;cpu4:busy_pct=18.923,softirq_pct=2.768,ticks=1987;cpu5:busy_pct=76.261,softirq_pct=11.462,ticks=1963;cpu6:busy_pct=2.963,softirq_pct=0.000,ticks=1991;cpu7:busy_pct=4.814,softirq_pct=0.000,ticks=1994;cpu8:busy_pct=85.054,softirq_pct=12.635,ticks=1947;cpu9:busy_pct=54.097,softirq_pct=8.092,ticks=1965"
perf_stat_verbose_targeted,run-1790525579635643380-33277-0,trial-0011-closed_loop-b4096-c256-ch8-rep2,closed_loop,4096,256,8,2,1816762,1816762,90826.225061444,2770976,4699101,5632481,2.877579026,2.914569259,57559105024,58300000000,-140734,200175,133376,133408,15453481228,15453481228,6308450,6308450,"cpu0:busy_pct=17.786,softirq_pct=2.409,ticks=1951;cpu1:busy_pct=34.331,softirq_pct=5.020,ticks=1972;cpu10:busy_pct=28.051,softirq_pct=3.848,ticks=1975;cpu11:busy_pct=90.376,softirq_pct=11.683,ticks=1943;cpu12:busy_pct=76.888,softirq_pct=11.378,ticks=1960;cpu13:busy_pct=22.748,softirq_pct=3.221,ticks=1987;cpu14:busy_pct=3.111,softirq_pct=0.000,ticks=1993;cpu15:busy_pct=3.360,softirq_pct=0.000,ticks=1994;cpu2:busy_pct=54.504,softirq_pct=7.888,ticks=1965;cpu3:busy_pct=21.457,softirq_pct=2.632,ticks=1976;cpu4:busy_pct=25.063,softirq_pct=3.631,ticks=1983;cpu5:busy_pct=66.191,softirq_pct=10.301,ticks=1961;cpu6:busy_pct=3.265,softirq_pct=0.000,ticks=1991;cpu7:busy_pct=4.012,softirq_pct=0.000,ticks=1994;cpu8:busy_pct=87.648,softirq_pct=13.330,ticks=1943;cpu9:busy_pct=76.498,softirq_pct=11.674,ticks=1953"
perf_stat_verbose_targeted,run-1790525579635643380-33277-0,trial-0012-closed_loop-b4096-c256-ch8-rep3,closed_loop,4096,256,8,3,1812274,1812274,90602.131838265,2772809,4759404,5693285,2.870859104,2.921559893,57424513150,58440000000,-136696,322505,133376,133408,15414566094,15414566094,6278543,6278543,"cpu0:busy_pct=27.641,softirq_pct=3.692,ticks=1950;cpu1:busy_pct=28.441,softirq_pct=4.012,ticks=1969;cpu10:busy_pct=29.823,softirq_pct=4.304,ticks=1975;cpu11:busy_pct=87.186,softirq_pct=11.481,ticks=1951;cpu12:busy_pct=65.649,softirq_pct=9.822,ticks=1965;cpu13:busy_pct=33.990,softirq_pct=5.051,ticks=1980;cpu14:busy_pct=3.061,softirq_pct=0.000,ticks=1993;cpu15:busy_pct=3.614,softirq_pct=0.000,ticks=1992;cpu2:busy_pct=54.499,softirq_pct=7.975,ticks=1956;cpu3:busy_pct=31.765,softirq_pct=4.198,ticks=1977;cpu4:busy_pct=34.848,softirq_pct=5.253,ticks=1980;cpu5:busy_pct=48.379,softirq_pct=7.295,ticks=1974;cpu6:busy_pct=3.511,softirq_pct=0.000,ticks=1994;cpu7:busy_pct=3.862,softirq_pct=0.050,ticks=1994;cpu8:busy_pct=79.188,softirq_pct=11.614,ticks=1946;cpu9:busy_pct=79.784,softirq_pct=11.883,ticks=1944"
perf_record_targeted,run-1790523828994978554-8267-0,trial-0001-closed_loop-b128-c256-ch1-rep1,closed_loop,128,256,1,1,1694863,1694863,84732.773035721,2823312,4867573,5937258,1.907155434,1.970707630,38147779955,39420000000,-283902,233918,18343,25434,697857298,697857298,735701,735701,"cpu0:busy_pct=26.560,softirq_pct=0.722,ticks=1939;cpu1:busy_pct=44.925,softirq_pct=1.093,ticks=1921;cpu10:busy_pct=27.897,softirq_pct=0.615,ticks=1950;cpu11:busy_pct=24.911,softirq_pct=0.866,ticks=1963;cpu12:busy_pct=47.238,softirq_pct=1.526,ticks=1901;cpu13:busy_pct=36.812,softirq_pct=1.311,ticks=1907;cpu14:busy_pct=2.456,softirq_pct=0.000,ticks=1995;cpu15:busy_pct=3.763,softirq_pct=0.000,ticks=1993;cpu2:busy_pct=39.657,softirq_pct=0.936,ticks=1924;cpu3:busy_pct=65.523,softirq_pct=1.076,ticks=1952;cpu4:busy_pct=44.004,softirq_pct=1.743,ticks=1893;cpu5:busy_pct=39.183,softirq_pct=1.572,ticks=1909;cpu6:busy_pct=2.309,softirq_pct=0.000,ticks=1992;cpu7:busy_pct=4.361,softirq_pct=0.050,ticks=1995;cpu8:busy_pct=70.821,softirq_pct=0.769,ticks=1950;cpu9:busy_pct=44.196,softirq_pct=0.937,ticks=1921"
perf_record_targeted,run-1790523828994978554-8267-0,trial-0002-closed_loop-b128-c256-ch8-rep1,closed_loop,128,256,8,1,2635123,2635123,131746.867366044,1887559,3242237,3940025,2.819666715,2.896727864,56397307668,57940000000,-237224,232536,6432,6432,1198597849,1198597849,3286165,3286165,"cpu0:busy_pct=54.601,softirq_pct=4.499,ticks=1956;cpu1:busy_pct=59.490,softirq_pct=4.949,ticks=1960;cpu10:busy_pct=36.138,softirq_pct=3.193,ticks=1973;cpu11:busy_pct=89.683,softirq_pct=6.588,ticks=1958;cpu12:busy_pct=75.406,softirq_pct=5.426,ticks=1972;cpu13:busy_pct=12.746,softirq_pct=1.008,ticks=1985;cpu14:busy_pct=3.910,softirq_pct=0.000,ticks=1995;cpu15:busy_pct=3.511,softirq_pct=0.000,ticks=1994;cpu2:busy_pct=54.476,softirq_pct=5.013,ticks=1955;cpu3:busy_pct=65.310,softirq_pct=5.086,ticks=1966;cpu4:busy_pct=25.139,softirq_pct=2.015,ticks=1985;cpu5:busy_pct=54.785,softirq_pct=4.861,ticks=1975;cpu6:busy_pct=5.424,softirq_pct=0.000,ticks=1991;cpu7:busy_pct=26.643,softirq_pct=0.000,ticks=1993;cpu8:busy_pct=82.711,softirq_pct=5.422,ticks=1955;cpu9:busy_pct=58.050,softirq_pct=4.571,ticks=1969"
perf_record_targeted,run-1790523828994978554-8267-0,trial-0003-closed_loop-b4096-c256-ch1-rep1,closed_loop,4096,256,1,1,885201,885201,44254.071164351,5791085,8134867,9228437,1.796281746,1.708720459,35930488567,34180000000,-292458,277421,169565,360354,7487207719,7487207719,2259317,2259317,"cpu0:busy_pct=34.753,softirq_pct=3.207,ticks=1902;cpu1:busy_pct=41.592,softirq_pct=3.216,ticks=1897;cpu10:busy_pct=18.293,softirq_pct=1.175,ticks=1957;cpu11:busy_pct=23.174,softirq_pct=1.623,ticks=1972;cpu12:busy_pct=49.947,softirq_pct=3.639,ticks=1896;cpu13:busy_pct=30.630,softirq_pct=2.634,ticks=1936;cpu14:busy_pct=2.846,softirq_pct=0.000,ticks=2003;cpu15:busy_pct=13.577,softirq_pct=0.000,ticks=1996;cpu2:busy_pct=33.595,softirq_pct=2.665,ticks=1914;cpu3:busy_pct=40.652,softirq_pct=1.528,ticks=1963;cpu4:busy_pct=48.653,softirq_pct=4.279,ticks=1893;cpu5:busy_pct=39.405,softirq_pct=3.288,ticks=1916;cpu6:busy_pct=2.506,softirq_pct=0.000,ticks=1995;cpu7:busy_pct=5.915,softirq_pct=0.000,ticks=1995;cpu8:busy_pct=63.722,softirq_pct=2.944,ticks=1902;cpu9:busy_pct=37.461,softirq_pct=2.665,ticks=1914"
perf_record_targeted,run-1790523828994978554-8267-0,trial-0004-closed_loop-b4096-c256-ch8-rep1,closed_loop,4096,256,8,1,1649920,1649920,82484.244164056,3025681,5327473,6356927,2.850059252,2.939514724,57009308975,58800000000,-223609,227687,133376,133389,14031454092,14031454092,5681017,5681017,"cpu0:busy_pct=63.161,softirq_pct=8.928,ticks=1949;cpu1:busy_pct=62.538,softirq_pct=7.984,ticks=1954;cpu10:busy_pct=29.207,softirq_pct=4.144,ticks=1979;cpu11:busy_pct=92.683,softirq_pct=12.449,ticks=1968;cpu12:busy_pct=66.802,softirq_pct=9.464,ticks=1976;cpu13:busy_pct=11.490,softirq_pct=1.455,ticks=1993;cpu14:busy_pct=3.595,softirq_pct=0.050,ticks=2003;cpu15:busy_pct=6.065,softirq_pct=0.000,ticks=1995;cpu2:busy_pct=53.925,softirq_pct=6.932,ticks=1962;cpu3:busy_pct=75.761,softirq_pct=9.736,ticks=1972;cpu4:busy_pct=33.890,softirq_pct=4.552,ticks=1977;cpu5:busy_pct=27.571,softirq_pct=3.679,ticks=1984;cpu6:busy_pct=3.352,softirq_pct=0.050,ticks=1999;cpu7:busy_pct=8.329,softirq_pct=0.000,ticks=1993;cpu8:busy_pct=94.240,softirq_pct=6.569,ticks=1979;cpu9:busy_pct=82.481,softirq_pct=7.392,ticks=1975"
kernel_off_saturation,run-1790524070414027150-11677-0,trial-0001-closed_loop-b128-c256-ch1-rep1,closed_loop,128,256,1,1,1573349,1573349,78653.551909512,3038794,5356515,6163630,1.813734489,1.854622979,36281099522,37100000000,-391985,139752,16039,31576,649283991,649283991,714880,714880,"cpu0:busy_pct=30.625,softirq_pct=0.729,ticks=1920;cpu1:busy_pct=34.943,softirq_pct=0.987,ticks=1926;cpu10:busy_pct=13.579,softirq_pct=0.353,ticks=1981;cpu11:busy_pct=45.619,softirq_pct=1.753,ticks=1940;cpu12:busy_pct=25.732,softirq_pct=0.924,ticks=1947;cpu13:busy_pct=19.113,softirq_pct=0.714,ticks=1962;cpu14:busy_pct=1.651,softirq_pct=0.000,ticks=1999;cpu15:busy_pct=1.752,softirq_pct=0.000,ticks=1998;cpu2:busy_pct=25.439,softirq_pct=0.722,ticks=1938;cpu3:busy_pct=45.379,softirq_pct=1.807,ticks=1937;cpu4:busy_pct=32.585,softirq_pct=1.201,ticks=1915;cpu5:busy_pct=22.812,softirq_pct=0.875,ticks=1942;cpu6:busy_pct=1.702,softirq_pct=0.050,ticks=1998;cpu7:busy_pct=2.005,softirq_pct=0.000,ticks=1995;cpu8:busy_pct=52.987,softirq_pct=1.625,ticks=1908;cpu9:busy_pct=29.169,softirq_pct=0.878,ticks=1937"
kernel_off_saturation,run-1790524070414027150-11677-0,trial-0002-closed_loop-b128-c256-ch1-rep2,closed_loop,128,256,1,2,1541640,1541640,77070.321584266,3114145,5444760,6233419,1.822016269,1.846674525,36445847156,36940000000,-362480,131918,13246,25403,636271624,636271624,702650,702650,"cpu0:busy_pct=34.224,softirq_pct=0.996,ticks=1908;cpu1:busy_pct=35.263,softirq_pct=0.991,ticks=1917;cpu10:busy_pct=13.858,softirq_pct=0.305,ticks=1970;cpu11:busy_pct=47.887,softirq_pct=2.010,ticks=1940;cpu12:busy_pct=23.704,softirq_pct=0.872,ticks=1949;cpu13:busy_pct=15.369,softirq_pct=0.560,ticks=1965;cpu14:busy_pct=1.454,softirq_pct=0.000,ticks=1995;cpu15:busy_pct=1.855,softirq_pct=0.000,ticks=1995;cpu2:busy_pct=23.617,softirq_pct=0.666,ticks=1952;cpu3:busy_pct=49.196,softirq_pct=2.125,ticks=1929;cpu4:busy_pct=32.725,softirq_pct=1.251,ticks=1919;cpu5:busy_pct=22.024,softirq_pct=0.920,ticks=1957;cpu6:busy_pct=1.503,softirq_pct=0.000,ticks=1996;cpu7:busy_pct=1.604,softirq_pct=0.000,ticks=1995;cpu8:busy_pct=48.531,softirq_pct=1.522,ticks=1906;cpu9:busy_pct=34.247,softirq_pct=1.086,ticks=1933"
kernel_off_saturation,run-1790524070414027150-11677-0,trial-0003-closed_loop-b128-c256-ch1-rep3,closed_loop,128,256,1,3,1533199,1533199,76654.603391239,3135174,5456641,6230714,1.794634394,1.869319551,35895191366,37390000000,-392707,142939,32468,17147,633286525,633286525,707827,707827,"cpu0:busy_pct=38.048,softirq_pct=1.148,ticks=1916;cpu1:busy_pct=40.659,softirq_pct=1.099,ticks=1911;cpu10:busy_pct=13.952,softirq_pct=0.355,ticks=1971;cpu11:busy_pct=49.457,softirq_pct=2.016,ticks=1935;cpu12:busy_pct=23.188,softirq_pct=0.771,ticks=1945;cpu13:busy_pct=13.343,softirq_pct=0.507,ticks=1971;cpu14:busy_pct=1.805,softirq_pct=0.000,ticks=1995;cpu15:busy_pct=1.754,softirq_pct=0.000,ticks=1996;cpu2:busy_pct=22.582,softirq_pct=0.617,ticks=1944;cpu3:busy_pct=51.687,softirq_pct=1.972,ticks=1927;cpu4:busy_pct=35.008,softirq_pct=1.361,ticks=1911;cpu5:busy_pct=21.403,softirq_pct=0.870,ticks=1953;cpu6:busy_pct=1.804,softirq_pct=0.000,ticks=1996;cpu7:busy_pct=1.803,softirq_pct=0.000,ticks=1997;cpu8:busy_pct=46.368,softirq_pct=1.316,ticks=1900;cpu9:busy_pct=25.732,softirq_pct=0.719,ticks=1947"
kernel_off_saturation,run-1790524070414027150-11677-0,trial-0004-closed_loop-b128-c256-ch4-rep1,closed_loop,128,256,4,1,2695729,2695729,134774.170981353,1812111,3084259,4101678,2.640521084,2.744678266,52815233135,54900000000,-355617,166643,12864,12864,1158835707,1158835707,2068511,2068511,"cpu0:busy_pct=63.011,softirq_pct=4.087,ticks=1933;cpu1:busy_pct=42.353,softirq_pct=2.813,ticks=1955;cpu10:busy_pct=11.419,softirq_pct=0.704,ticks=1988;cpu11:busy_pct=72.245,softirq_pct=4.031,ticks=1960;cpu12:busy_pct=36.701,softirq_pct=2.132,ticks=1970;cpu13:busy_pct=16.985,softirq_pct=0.854,ticks=1990;cpu14:busy_pct=2.055,softirq_pct=0.000,ticks=1995;cpu15:busy_pct=2.804,softirq_pct=0.000,ticks=1997;cpu2:busy_pct=31.091,softirq_pct=1.988,ticks=1962;cpu3:busy_pct=71.816,softirq_pct=4.194,ticks=1955;cpu4:busy_pct=54.457,softirq_pct=3.279,ticks=1952;cpu5:busy_pct=29.899,softirq_pct=1.768,ticks=1980;cpu6:busy_pct=1.654,softirq_pct=0.000,ticks=1995;cpu7:busy_pct=2.406,softirq_pct=0.000,ticks=1995;cpu8:busy_pct=72.305,softirq_pct=4.590,ticks=1939;cpu9:busy_pct=53.586,softirq_pct=3.484,ticks=1952"
kernel_off_saturation,run-1790524070414027150-11677-0,trial-0005-closed_loop-b128-c256-ch4-rep2,closed_loop,128,256,4,2,2803130,2803130,140141.363828795,1751317,2962430,3730531,2.651353512,2.781608198,53032797504,55640000000,-440737,216226,12864,12864,1204744130,1204744130,2144391,2144391,"cpu0:busy_pct=31.093,softirq_pct=1.642,ticks=1949;cpu1:busy_pct=40.469,softirq_pct=2.650,ticks=1962;cpu10:busy_pct=12.406,softirq_pct=0.753,ticks=1991;cpu11:busy_pct=77.352,softirq_pct=3.988,ticks=1956;cpu12:busy_pct=39.543,softirq_pct=2.437,ticks=1970;cpu13:busy_pct=15.234,softirq_pct=1.056,ticks=1989;cpu14:busy_pct=1.855,softirq_pct=0.000,ticks=1995;cpu15:busy_pct=3.756,softirq_pct=0.000,ticks=1997;cpu2:busy_pct=39.631,softirq_pct=2.509,ticks=1953;cpu3:busy_pct=58.892,softirq_pct=3.303,ticks=1968;cpu4:busy_pct=54.062,softirq_pct=3.168,ticks=1957;cpu5:busy_pct=40.962,softirq_pct=2.380,ticks=1975;cpu6:busy_pct=2.054,softirq_pct=0.000,ticks=1996;cpu7:busy_pct=3.457,softirq_pct=0.000,ticks=1996;cpu8:busy_pct=85.566,softirq_pct=5.452,ticks=1926;cpu9:busy_pct=64.721,softirq_pct=4.081,ticks=1936"
kernel_off_saturation,run-1790524070414027150-11677-0,trial-0006-closed_loop-b128-c256-ch4-rep3,closed_loop,128,256,4,3,2731294,2731294,136553.919586954,1804126,3014597,3808587,2.655272074,2.776201367,53109633956,55530000000,-421831,150622,12864,12864,1174279169,1174279169,2098353,2098353,"cpu0:busy_pct=42.203,softirq_pct=2.728,ticks=1943;cpu1:busy_pct=50.051,softirq_pct=3.170,ticks=1956;cpu10:busy_pct=10.262,softirq_pct=0.553,ticks=1988;cpu11:busy_pct=84.718,softirq_pct=4.718,ticks=1950;cpu12:busy_pct=33.148,softirq_pct=2.126,ticks=1976;cpu13:busy_pct=12.010,softirq_pct=0.653,ticks=1990;cpu14:busy_pct=2.707,softirq_pct=0.000,ticks=1995;cpu15:busy_pct=3.261,softirq_pct=0.000,ticks=1993;cpu2:busy_pct=29.283,softirq_pct=1.830,ticks=1967;cpu3:busy_pct=70.336,softirq_pct=4.434,ticks=1962;cpu4:busy_pct=58.950,softirq_pct=3.264,ticks=1961;cpu5:busy_pct=28.081,softirq_pct=1.667,ticks=1980;cpu6:busy_pct=2.709,softirq_pct=0.000,ticks=1993;cpu7:busy_pct=2.608,softirq_pct=0.000,ticks=1994;cpu8:busy_pct=80.652,softirq_pct=5.070,ticks=1933;cpu9:busy_pct=60.389,softirq_pct=3.889,ticks=1954"
kernel_off_saturation,run-1790524070414027150-11677-0,trial-0007-closed_loop-b128-c256-ch8-rep1,closed_loop,128,256,8,1,2882450,2882450,144114.148181593,1732351,2966737,3577784,2.837429216,2.921249128,56751873060,58430000000,-370756,187753,6432,6432,1308356868,1308356868,3542939,3542939,"cpu0:busy_pct=45.153,softirq_pct=3.980,ticks=1960;cpu1:busy_pct=51.957,softirq_pct=5.084,ticks=1967;cpu10:busy_pct=6.623,softirq_pct=0.552,ticks=1993;cpu11:busy_pct=94.807,softirq_pct=7.332,ticks=1964;cpu12:busy_pct=68.547,softirq_pct=6.402,ticks=1968;cpu13:busy_pct=14.694,softirq_pct=1.204,ticks=1994;cpu14:busy_pct=1.954,softirq_pct=0.000,ticks=1996;cpu15:busy_pct=2.907,softirq_pct=0.000,ticks=1995;cpu2:busy_pct=51.914,softirq_pct=4.849,ticks=1959;cpu3:busy_pct=45.280,softirq_pct=3.584,ticks=1981;cpu4:busy_pct=31.398,softirq_pct=2.625,ticks=1981;cpu5:busy_pct=44.669,softirq_pct=3.992,ticks=1979;cpu6:busy_pct=2.005,softirq_pct=0.000,ticks=1995;cpu7:busy_pct=1.604,softirq_pct=0.000,ticks=1995;cpu8:busy_pct=87.622,softirq_pct=8.115,ticks=1947;cpu9:busy_pct=47.800,softirq_pct=4.704,ticks=1977"
kernel_off_saturation,run-1790524070414027150-11677-0,trial-0008-closed_loop-b128-c256-ch8-rep2,closed_loop,128,256,8,2,2897052,2897052,144841.819662352,1724065,2955085,3575078,2.834454802,2.916703357,56693315311,58340000000,-359244,186289,6432,6432,1315150914,1315150914,3558452,3558452,"cpu0:busy_pct=39.153,softirq_pct=3.318,ticks=1959;cpu1:busy_pct=39.645,softirq_pct=3.553,ticks=1970;cpu10:busy_pct=13.243,softirq_pct=1.208,ticks=1986;cpu11:busy_pct=97.239,softirq_pct=7.669,ticks=1956;cpu12:busy_pct=61.702,softirq_pct=5.826,ticks=1974;cpu13:busy_pct=14.085,softirq_pct=1.157,ticks=1988;cpu14:busy_pct=2.159,softirq_pct=0.000,ticks=1992;cpu15:busy_pct=3.511,softirq_pct=0.050,ticks=1994;cpu2:busy_pct=48.293,softirq_pct=4.279,ticks=1963;cpu3:busy_pct=39.949,softirq_pct=3.241,ticks=1975;cpu4:busy_pct=37.929,softirq_pct=3.535,ticks=1980;cpu5:busy_pct=49.092,softirq_pct=4.793,ticks=1982;cpu6:busy_pct=2.310,softirq_pct=0.000,ticks=1991;cpu7:busy_pct=5.078,softirq_pct=0.000,ticks=1989;cpu8:busy_pct=87.686,softirq_pct=8.209,ticks=1949;cpu9:busy_pct=65.306,softirq_pct=6.684,ticks=1960"
kernel_off_saturation,run-1790524070414027150-11677-0,trial-0009-closed_loop-b128-c256-ch8-rep3,closed_loop,128,256,8,3,3055825,3055825,152780.334662463,1640759,2776470,3347101,2.830289789,2.922699059,56609839965,58460000000,-359104,271339,6432,6432,1386498461,1386498461,3734198,3734198,"cpu0:busy_pct=23.802,softirq_pct=2.192,ticks=1962;cpu1:busy_pct=30.298,softirq_pct=2.984,ticks=1977;cpu10:busy_pct=7.631,softirq_pct=0.602,ticks=1992;cpu11:busy_pct=92.402,softirq_pct=6.935,ticks=1961;cpu12:busy_pct=70.690,softirq_pct=6.795,ticks=1972;cpu13:busy_pct=22.082,softirq_pct=1.911,ticks=1988;cpu14:busy_pct=3.059,softirq_pct=0.050,ticks=1994;cpu15:busy_pct=4.827,softirq_pct=0.000,ticks=1989;cpu2:busy_pct=69.290,softirq_pct=6.592,ticks=1957;cpu3:busy_pct=28.153,softirq_pct=2.321,ticks=1982;cpu4:busy_pct=29.542,softirq_pct=2.516,ticks=1987;cpu5:busy_pct=58.582,softirq_pct=5.418,ticks=1975;cpu6:busy_pct=3.163,softirq_pct=0.050,ticks=1992;cpu7:busy_pct=3.771,softirq_pct=0.000,ticks=1989;cpu8:busy_pct=84.006,softirq_pct=8.380,ticks=1957;cpu9:busy_pct=76.431,softirq_pct=7.004,ticks=1956"
kernel_off_saturation,run-1790524070414027150-11677-0,trial-0010-closed_loop-b4096-c256-ch1-rep1,closed_loop,4096,256,1,1,888159,888159,44401.533483335,5751231,8208351,9570878,1.742789140,1.676716302,34860819848,33540000000,-352401,141346,134968,454070,7512207463,7512207463,2262825,2262825,"cpu0:busy_pct=42.144,softirq_pct=3.715,ticks=1884;cpu1:busy_pct=35.442,softirq_pct=3.241,ticks=1913;cpu10:busy_pct=10.172,softirq_pct=0.709,ticks=1976;cpu11:busy_pct=17.371,softirq_pct=1.528,ticks=1963;cpu12:busy_pct=40.725,softirq_pct=4.046,ticks=1903;cpu13:busy_pct=24.758,softirq_pct=2.297,ticks=1959;cpu14:busy_pct=2.207,softirq_pct=0.000,ticks=1994;cpu15:busy_pct=2.509,softirq_pct=0.050,ticks=1993;cpu2:busy_pct=27.010,softirq_pct=1.959,ticks=1940;cpu3:busy_pct=18.858,softirq_pct=1.937,ticks=1962;cpu4:busy_pct=41.189,softirq_pct=3.945,ticks=1901;cpu5:busy_pct=32.882,softirq_pct=3.283,ticks=1919;cpu6:busy_pct=2.407,softirq_pct=0.000,ticks=1994;cpu7:busy_pct=3.211,softirq_pct=0.050,ticks=1993;cpu8:busy_pct=48.205,softirq_pct=3.907,ticks=1894;cpu9:busy_pct=20.533,softirq_pct=1.434,ticks=1953"
kernel_off_saturation,run-1790524070414027150-11677-0,trial-0011-closed_loop-b4096-c256-ch1-rep2,closed_loop,4096,256,1,2,862720,862720,43130.854941879,5745349,8193492,9477372,1.680268654,1.625761037,33609381839,32520000000,-381676,172243,919556,208006,7295239603,7295239603,2132849,2132849,"cpu0:busy_pct=39.621,softirq_pct=3.267,ticks=1898;cpu1:busy_pct=40.546,softirq_pct=3.361,ticks=1904;cpu10:busy_pct=8.123,softirq_pct=0.555,ticks=1982;cpu11:busy_pct=17.489,softirq_pct=1.627,ticks=1967;cpu12:busy_pct=40.704,softirq_pct=3.992,ticks=1904;cpu13:busy_pct=23.333,softirq_pct=2.256,ticks=1950;cpu14:busy_pct=2.106,softirq_pct=0.050,ticks=1994;cpu15:busy_pct=2.560,softirq_pct=0.000,ticks=1992;cpu2:busy_pct=20.658,softirq_pct=1.542,ticks=1946;cpu3:busy_pct=18.390,softirq_pct=1.936,ticks=1963;cpu4:busy_pct=41.434,softirq_pct=3.795,ticks=1897;cpu5:busy_pct=29.763,softirq_pct=2.935,ticks=1942;cpu6:busy_pct=2.608,softirq_pct=0.050,ticks=1994;cpu7:busy_pct=2.362,softirq_pct=0.000,ticks=1990;cpu8:busy_pct=49.709,softirq_pct=4.120,ticks=1893;cpu9:busy_pct=17.185,softirq_pct=1.377,ticks=1961"
kernel_off_saturation,run-1790524070414027150-11677-0,trial-0012-closed_loop-b4096-c256-ch1-rep3,closed_loop,4096,256,1,3,892751,892751,44627.526481274,5740830,8067385,9251607,1.733899384,1.650087606,34685776493,33010000000,-375594,130775,169535,469534,7550743991,7550743991,2267837,2267837,"cpu0:busy_pct=42.865,softirq_pct=3.820,ticks=1885;cpu1:busy_pct=41.544,softirq_pct=3.519,ticks=1904;cpu10:busy_pct=8.182,softirq_pct=0.455,ticks=1980;cpu11:busy_pct=20.846,softirq_pct=2.192,ticks=1962;cpu12:busy_pct=38.615,softirq_pct=3.673,ticks=1906;cpu13:busy_pct=24.074,softirq_pct=2.315,ticks=1944;cpu14:busy_pct=2.210,softirq_pct=0.000,ticks=1991;cpu15:busy_pct=2.711,softirq_pct=0.000,ticks=1992;cpu2:busy_pct=21.999,softirq_pct=1.597,ticks=1941;cpu3:busy_pct=21.235,softirq_pct=2.705,ticks=1959;cpu4:busy_pct=36.900,softirq_pct=3.901,ticks=1897;cpu5:busy_pct=30.218,softirq_pct=3.011,ticks=1926;cpu6:busy_pct=2.608,softirq_pct=0.000,ticks=1994;cpu7:busy_pct=2.814,softirq_pct=0.000,ticks=1990;cpu8:busy_pct=53.613,softirq_pct=4.729,ticks=1882;cpu9:busy_pct=14.967,softirq_pct=1.167,ticks=1971"
kernel_off_saturation,run-1790524070414027150-11677-0,trial-0013-closed_loop-b4096-c256-ch4-rep1,closed_loop,4096,256,4,1,1674904,1674904,83733.722329799,2925639,4993898,6537205,2.781386746,2.855531314,55635360008,57120000000,-358412,182773,262299,266752,14210920477,14210920477,5131368,5131368,"cpu0:busy_pct=51.717,softirq_pct=6.715,ticks=1951;cpu1:busy_pct=58.709,softirq_pct=7.992,ticks=1952;cpu10:busy_pct=9.402,softirq_pct=0.855,ticks=1989;cpu11:busy_pct=84.980,softirq_pct=10.031,ticks=1964;cpu12:busy_pct=43.364,softirq_pct=5.370,ticks=1974;cpu13:busy_pct=23.379,softirq_pct=3.017,ticks=1989;cpu14:busy_pct=3.211,softirq_pct=0.000,ticks=1993;cpu15:busy_pct=3.414,softirq_pct=0.000,ticks=1992;cpu2:busy_pct=33.571,softirq_pct=4.273,ticks=1966;cpu3:busy_pct=68.325,softirq_pct=8.426,ticks=1970;cpu4:busy_pct=51.903,softirq_pct=6.443,ticks=1971;cpu5:busy_pct=23.077,softirq_pct=2.916,ticks=1989;cpu6:busy_pct=3.114,softirq_pct=0.000,ticks=1991;cpu7:busy_pct=2.714,softirq_pct=0.000,ticks=1990;cpu8:busy_pct=81.455,softirq_pct=11.066,ticks=1952;cpu9:busy_pct=52.621,softirq_pct=6.972,ticks=1965"
kernel_off_saturation,run-1790524070414027150-11677-0,trial-0014-closed_loop-b4096-c256-ch4-rep2,closed_loop,4096,256,4,2,1707836,1707836,85379.159675175,2886585,4835862,6028991,2.811046309,2.878493324,56229249658,57580000000,-383961,175479,99084,266752,14490012973,14490012973,5224459,5224459,"cpu0:busy_pct=52.152,softirq_pct=6.711,ticks=1952;cpu1:busy_pct=49.363,softirq_pct=6.425,ticks=1961;cpu10:busy_pct=11.765,softirq_pct=1.408,ticks=1989;cpu11:busy_pct=71.160,softirq_pct=8.800,ticks=1966;cpu12:busy_pct=51.241,softirq_pct=6.633,ticks=1975;cpu13:busy_pct=17.898,softirq_pct=2.212,ticks=1989;cpu14:busy_pct=2.612,softirq_pct=0.000,ticks=1991;cpu15:busy_pct=3.616,softirq_pct=0.050,ticks=1991;cpu2:busy_pct=31.694,softirq_pct=3.955,ticks=1972;cpu3:busy_pct=71.712,softirq_pct=8.431,ticks=1969;cpu4:busy_pct=47.494,softirq_pct=5.873,ticks=1975;cpu5:busy_pct=37.121,softirq_pct=5.152,ticks=1980;cpu6:busy_pct=2.559,softirq_pct=0.050,ticks=1993;cpu7:busy_pct=2.915,softirq_pct=0.000,ticks=1990;cpu8:busy_pct=80.419,softirq_pct=10.634,ticks=1956;cpu9:busy_pct=65.561,softirq_pct=8.316,ticks=1960"
kernel_off_saturation,run-1790524070414027150-11677-0,trial-0015-closed_loop-b4096-c256-ch4-rep3,closed_loop,4096,256,4,3,1855153,1855153,92746.715333844,2669588,4426424,5380814,2.829164216,2.911077614,56589955385,58230000000,-346901,197060,90781,262821,15745499213,15745499213,5671532,5671532,"cpu0:busy_pct=28.571,softirq_pct=3.738,ticks=1953;cpu1:busy_pct=41.540,softirq_pct=5.370,ticks=1974;cpu10:busy_pct=13.330,softirq_pct=1.459,ticks=1988;cpu11:busy_pct=67.262,softirq_pct=7.547,ticks=1961;cpu12:busy_pct=71.784,softirq_pct=9.609,ticks=1967;cpu13:busy_pct=30.045,softirq_pct=3.825,ticks=1987;cpu14:busy_pct=3.219,softirq_pct=0.000,ticks=1988;cpu15:busy_pct=5.327,softirq_pct=0.000,ticks=1990;cpu2:busy_pct=62.002,softirq_pct=8.274,ticks=1958;cpu3:busy_pct=43.661,softirq_pct=5.071,ticks=1972;cpu4:busy_pct=33.822,softirq_pct=4.499,ticks=1978;cpu5:busy_pct=56.506,softirq_pct=7.595,ticks=1975;cpu6:busy_pct=4.616,softirq_pct=0.000,ticks=1993;cpu7:busy_pct=4.831,softirq_pct=0.000,ticks=1987;cpu8:busy_pct=85.883,softirq_pct=11.550,ticks=1948;cpu9:busy_pct=62.748,softirq_pct=8.397,ticks=1965"
kernel_off_saturation,run-1790524070414027150-11677-0,trial-0016-closed_loop-b4096-c256-ch8-rep1,closed_loop,4096,256,8,1,1786364,1786364,89308.393156983,2803178,4867902,5866354,2.890677013,2.945095977,57819888695,58910000000,-373731,173796,133376,133408,15192513164,15192513164,6157802,6157802,"cpu0:busy_pct=39.377,softirq_pct=5.567,ticks=1958;cpu1:busy_pct=37.240,softirq_pct=5.632,ticks=1971;cpu10:busy_pct=15.392,softirq_pct=2.012,ticks=1988;cpu11:busy_pct=88.776,softirq_pct=11.579,ticks=1969;cpu12:busy_pct=77.379,softirq_pct=11.893,ticks=1976;cpu13:busy_pct=19.055,softirq_pct=2.715,ticks=1989;cpu14:busy_pct=2.609,softirq_pct=0.000,ticks=1993;cpu15:busy_pct=4.518,softirq_pct=0.000,ticks=1992;cpu2:busy_pct=54.901,softirq_pct=8.024,ticks=1969;cpu3:busy_pct=45.528,softirq_pct=5.811,ticks=1979;cpu4:busy_pct=23.968,softirq_pct=3.525,ticks=1986;cpu5:busy_pct=47.480,softirq_pct=7.560,ticks=1984;cpu6:busy_pct=3.265,softirq_pct=0.000,ticks=1991;cpu7:busy_pct=3.109,softirq_pct=0.050,ticks=1994;cpu8:busy_pct=86.334,softirq_pct=13.055,ticks=1961;cpu9:busy_pct=66.026,softirq_pct=10.010,ticks=1978"
kernel_off_saturation,run-1790524070414027150-11677-0,trial-0017-closed_loop-b4096-c256-ch8-rep2,closed_loop,4096,256,8,2,1866204,1866204,93296.354149310,2695185,4610959,5506159,2.902442431,2.949983360,58057463490,59010000000,-363682,170840,133376,133408,15874254145,15874254145,6429502,6429502,"cpu0:busy_pct=31.311,softirq_pct=4.080,ticks=1961;cpu1:busy_pct=25.455,softirq_pct=3.889,ticks=1980;cpu10:busy_pct=19.628,softirq_pct=2.667,ticks=1987;cpu11:busy_pct=76.993,softirq_pct=10.056,ticks=1969;cpu12:busy_pct=72.346,softirq_pct=11.426,ticks=1978;cpu13:busy_pct=29.678,softirq_pct=4.527,ticks=1988;cpu14:busy_pct=3.363,softirq_pct=0.050,ticks=1992;cpu15:busy_pct=4.016,softirq_pct=0.000,ticks=1992;cpu2:busy_pct=61.890,softirq_pct=9.248,ticks=1968;cpu3:busy_pct=40.374,softirq_pct=5.457,ticks=1979;cpu4:busy_pct=29.693,softirq_pct=4.278,ticks=1987;cpu5:busy_pct=54.192,softirq_pct=8.586,ticks=1980;cpu6:busy_pct=3.462,softirq_pct=0.000,ticks=1993;cpu7:busy_pct=4.420,softirq_pct=0.000,ticks=1991;cpu8:busy_pct=85.816,softirq_pct=13.218,ticks=1967;cpu9:busy_pct=76.566,softirq_pct=11.462,ticks=1963"
kernel_off_saturation,run-1790524070414027150-11677-0,trial-0018-closed_loop-b4096-c256-ch8-rep3,closed_loop,4096,256,8,3,1730039,1730039,86489.573264225,2896313,4983087,5925215,2.907646008,2.950000487,58161241896,59010000000,-347411,177102,133408,133408,14713861015,14713861015,5974008,5974008,"cpu0:busy_pct=56.020,softirq_pct=7.551,ticks=1960;cpu1:busy_pct=51.092,softirq_pct=7.415,ticks=1969;cpu10:busy_pct=11.525,softirq_pct=1.359,ticks=1987;cpu11:busy_pct=85.540,softirq_pct=11.517,ticks=1971;cpu12:busy_pct=69.246,softirq_pct=10.875,ticks=1977;cpu13:busy_pct=15.103,softirq_pct=2.007,ticks=1993;cpu14:busy_pct=3.257,softirq_pct=0.000,ticks=1996;cpu15:busy_pct=3.403,softirq_pct=0.050,ticks=1998;cpu2:busy_pct=39.980,softirq_pct=6.190,ticks=1971;cpu3:busy_pct=61.153,softirq_pct=8.144,ticks=1977;cpu4:busy_pct=31.823,softirq_pct=4.733,ticks=1986;cpu5:busy_pct=40.987,softirq_pct=6.395,ticks=1986;cpu6:busy_pct=2.405,softirq_pct=0.000,ticks=1996;cpu7:busy_pct=3.362,softirq_pct=0.000,ticks=1993;cpu8:busy_pct=89.104,softirq_pct=12.831,ticks=1964;cpu9:busy_pct=53.418,softirq_pct=8.051,ticks=1975"
kernel_off_bracket_after,run-1790524594159299566-19046-0,trial-0001-closed_loop-b128-c256-ch1-rep1,closed_loop,128,256,1,1,1651282,1651282,82552.460301223,2882237,5155400,6066219,1.839638692,1.912198882,36797961530,38250000000,-185588,143900,22663,19094,681075753,681075753,740279,740279,"cpu0:busy_pct=33.125,softirq_pct=1.092,ticks=1923;cpu1:busy_pct=37.325,softirq_pct=1.089,ticks=1929;cpu10:busy_pct=13.924,softirq_pct=0.405,ticks=1975;cpu11:busy_pct=32.035,softirq_pct=1.128,ticks=1951;cpu12:busy_pct=37.610,softirq_pct=1.299,ticks=1925;cpu13:busy_pct=25.553,softirq_pct=0.977,ticks=1945;cpu14:busy_pct=2.357,softirq_pct=0.000,ticks=1994;cpu15:busy_pct=2.607,softirq_pct=0.050,ticks=1995;cpu2:busy_pct=29.182,softirq_pct=0.823,ticks=1943;cpu3:busy_pct=33.333,softirq_pct=1.389,ticks=1944;cpu4:busy_pct=38.405,softirq_pct=1.511,ticks=1919;cpu5:busy_pct=32.988,softirq_pct=1.346,ticks=1931;cpu6:busy_pct=2.259,softirq_pct=0.000,ticks=1992;cpu7:busy_pct=2.307,softirq_pct=0.000,ticks=1994;cpu8:busy_pct=43.802,softirq_pct=1.198,ticks=1920;cpu9:busy_pct=35.227,softirq_pct=0.930,ticks=1936"
kernel_off_bracket_after,run-1790524594159299566-19046-0,trial-0002-closed_loop-b128-c256-ch8-rep1,closed_loop,128,256,8,1,2837700,2837700,141874.008375044,1761604,2986823,3602727,2.847750400,2.919230683,56959420558,58390000000,-147417,148218,6432,6432,1289602033,1289602033,3511343,3511343,"cpu0:busy_pct=36.737,softirq_pct=3.643,ticks=1949;cpu1:busy_pct=37.728,softirq_pct=3.651,ticks=1972;cpu10:busy_pct=13.581,softirq_pct=1.207,ticks=1988;cpu11:busy_pct=95.163,softirq_pct=7.077,ticks=1964;cpu12:busy_pct=50.632,softirq_pct=4.350,ticks=1977;cpu13:busy_pct=15.018,softirq_pct=1.256,ticks=1991;cpu14:busy_pct=2.953,softirq_pct=0.000,ticks=1998;cpu15:busy_pct=3.763,softirq_pct=0.000,ticks=1993;cpu2:busy_pct=42.276,softirq_pct=3.913,ticks=1968;cpu3:busy_pct=42.835,softirq_pct=3.392,ticks=1975;cpu4:busy_pct=48.911,softirq_pct=4.253,ticks=1975;cpu5:busy_pct=48.083,softirq_pct=4.642,ticks=1982;cpu6:busy_pct=3.012,softirq_pct=0.050,ticks=1992;cpu7:busy_pct=3.713,softirq_pct=0.050,ticks=1993;cpu8:busy_pct=83.188,softirq_pct=7.893,ticks=1951;cpu9:busy_pct=80.368,softirq_pct=7.413,ticks=1956"
kernel_off_bracket_after,run-1790524594159299566-19046-0,trial-0003-closed_loop-b4096-c256-ch1-rep1,closed_loop,4096,256,1,1,903774,903774,45181.758814498,5634288,8032647,9245772,1.763839532,1.676215257,35282210151,33530000000,-184246,140644,53755,357634,7644215127,7644215127,2299251,2299251,"cpu0:busy_pct=42.235,softirq_pct=3.882,ticks=1906;cpu1:busy_pct=39.053,softirq_pct=3.579,ticks=1900;cpu10:busy_pct=10.348,softirq_pct=0.606,ticks=1981;cpu11:busy_pct=14.901,softirq_pct=1.470,ticks=1973;cpu12:busy_pct=45.455,softirq_pct=4.334,ticks=1892;cpu13:busy_pct=26.289,softirq_pct=2.577,ticks=1940;cpu14:busy_pct=2.709,softirq_pct=0.000,ticks=1993;cpu15:busy_pct=3.365,softirq_pct=0.000,ticks=1991;cpu2:busy_pct=25.859,softirq_pct=2.001,ticks=1949;cpu3:busy_pct=15.980,softirq_pct=1.781,ticks=1965;cpu4:busy_pct=43.839,softirq_pct=4.178,ticks=1891;cpu5:busy_pct=31.224,softirq_pct=3.060,ticks=1928;cpu6:busy_pct=3.159,softirq_pct=0.000,ticks=1994;cpu7:busy_pct=3.566,softirq_pct=0.000,ticks=1991;cpu8:busy_pct=49.630,softirq_pct=4.281,ticks=1892;cpu9:busy_pct=21.575,softirq_pct=1.840,ticks=1956"
kernel_off_bracket_after,run-1790524594159299566-19046-0,trial-0004-closed_loop-b4096-c256-ch8-rep1,closed_loop,4096,256,8,1,1710161,1710161,85499.397448153,2934093,5054991,5986318,2.899814996,2.951154745,58002169159,59030000000,-165109,150682,133376,133389,14543913062,14543913062,5888831,5888831,"cpu0:busy_pct=47.554,softirq_pct=6.626,ticks=1962;cpu1:busy_pct=50.406,softirq_pct=7.462,ticks=1970;cpu10:busy_pct=9.361,softirq_pct=1.057,ticks=1987;cpu11:busy_pct=90.430,softirq_pct=12.051,ticks=1975;cpu12:busy_pct=53.380,softirq_pct=8.426,ticks=1982;cpu13:busy_pct=4.315,softirq_pct=0.351,ticks=1993;cpu14:busy_pct=2.760,softirq_pct=0.000,ticks=1993;cpu15:busy_pct=4.064,softirq_pct=0.000,ticks=1993;cpu2:busy_pct=41.114,softirq_pct=6.076,ticks=1975;cpu3:busy_pct=63.062,softirq_pct=8.590,ticks=1979;cpu4:busy_pct=49.040,softirq_pct=7.172,ticks=1980;cpu5:busy_pct=43.700,softirq_pct=6.401,ticks=1984;cpu6:busy_pct=2.806,softirq_pct=0.000,ticks=1996;cpu7:busy_pct=4.470,softirq_pct=0.000,ticks=1991;cpu8:busy_pct=85.787,softirq_pct=12.124,ticks=1963;cpu9:busy_pct=64.608,softirq_pct=9.519,ticks=1975"
